package:ianvs_design has `uses-material-design: true` set but the primary pubspec contains `uses-material-design: false`. If the application needs material icons, then `uses-material-design`  must be set to true.
00:00 +0: loading /Users/robinfai/flutter_projects/ianvs-terminal/example/test/ai/terminal_ai_recovery_test.dart
00:00 +0: /Users/robinfai/flutter_projects/ianvs-terminal/example/test/ai/terminal_ai_recovery_test.dart: disconnect revokes approval; recovery keeps task, draft and attachments
00:00 +1: /Users/robinfai/flutter_projects/ianvs-terminal/example/test/ai/terminal_ai_recovery_test.dart: disconnect revokes approval; recovery keeps task, draft and attachments
00:00 +2: /Users/robinfai/flutter_projects/ianvs-terminal/example/test/ai/terminal_ai_test.dart: bounded observation wakes on command completion without input
00:00 +3: /Users/robinfai/flutter_projects/ianvs-terminal/example/test/ai/terminal_ai_test.dart: bounded observation wakes on command completion without input
00:00 +4: /Users/robinfai/flutter_projects/ianvs-terminal/example/test/ai/terminal_ai_test.dart: bounded observation wakes on command completion without input
00:00 +5: /Users/robinfai/flutter_projects/ianvs-terminal/example/test/ai/terminal_ai_test.dart: bounded observation wakes on command completion without input
00:00 +6: /Users/robinfai/flutter_projects/ianvs-terminal/example/test/ai/terminal_ai_test.dart: bounded observation wakes on command completion without input
00:00 +7: /Users/robinfai/flutter_projects/ianvs-terminal/example/test/ai/terminal_ai_test.dart: bounded observation wakes on command completion without input
00:00 +8: /Users/robinfai/flutter_projects/ianvs-terminal/example/test/ai/terminal_ai_test.dart: bounded observation wakes on command completion without input
00:00 +9: /Users/robinfai/flutter_projects/ianvs-terminal/example/test/ai/terminal_ai_test.dart: bounded observation wakes on command completion without input
00:00 +10: /Users/robinfai/flutter_projects/ianvs-terminal/example/test/ai/terminal_ai_test.dart: bounded observation wakes on command completion without input
00:00 +11: /Users/robinfai/flutter_projects/ianvs-terminal/example/test/ai/terminal_ai_test.dart: bounded observation wakes on command completion without input
00:00 +12: /Users/robinfai/flutter_projects/ianvs-terminal/example/test/ai/terminal_ai_test.dart: bounded observation wakes on command completion without input
00:00 +13: /Users/robinfai/flutter_projects/ianvs-terminal/example/test/ai/terminal_ai_test.dart: bounded observation wakes on command completion without input
00:00 +14: /Users/robinfai/flutter_projects/ianvs-terminal/example/test/ai/terminal_ai_test.dart: bounded observation wakes on command completion without input
00:00 +15: /Users/robinfai/flutter_projects/ianvs-terminal/example/test/ai/terminal_ai_test.dart: bounded observation wakes on command completion without input
00:00 +16: /Users/robinfai/flutter_projects/ianvs-terminal/example/test/ai/terminal_ai_test.dart: bounded observation wakes on command completion without input
00:00 +17: /Users/robinfai/flutter_projects/ianvs-terminal/example/test/ai/terminal_ai_test.dart: bounded observation wakes on command completion without input
00:00 +18: /Users/robinfai/flutter_projects/ianvs-terminal/example/test/ai/terminal_ai_test.dart: bounded observation wakes on command completion without input
00:00 +19: /Users/robinfai/flutter_projects/ianvs-terminal/example/test/ai/terminal_ai_test.dart: bounded observation wakes on command completion without input
00:00 +20: /Users/robinfai/flutter_projects/ianvs-terminal/example/test/ai/terminal_ai_test.dart: bounded observation wakes on command completion without input
00:00 +21: /Users/robinfai/flutter_projects/ianvs-terminal/example/test/ai/terminal_ai_test.dart: bounded observation wakes on command completion without input
00:00 +22: /Users/robinfai/flutter_projects/ianvs-terminal/example/test/ai/terminal_ai_test.dart: bounded observation wakes on command completion without input
00:00 +23: /Users/robinfai/flutter_projects/ianvs-terminal/example/test/ai/terminal_ai_test.dart: bounded observation wakes on command completion without input
00:00 +24: /Users/robinfai/flutter_projects/ianvs-terminal/example/test/ai/terminal_ai_test.dart: bounded observation wakes on command completion without input
00:00 +25: /Users/robinfai/flutter_projects/ianvs-terminal/example/test/ai/terminal_ai_test.dart: bounded observation wakes on command completion without input
00:00 +26: /Users/robinfai/flutter_projects/ianvs-terminal/example/test/ai/terminal_ai_test.dart: bounded observation wakes on command completion without input
00:00 +27: /Users/robinfai/flutter_projects/ianvs-terminal/example/test/ai/terminal_ai_test.dart: bounded observation wakes on command completion without input
00:00 +28: /Users/robinfai/flutter_projects/ianvs-terminal/example/test/ai/terminal_ai_test.dart: bounded observation wakes on command completion without input
00:00 +29: /Users/robinfai/flutter_projects/ianvs-terminal/example/test/ai/terminal_ai_test.dart: bounded observation wakes on command completion without input
00:00 +30: /Users/robinfai/flutter_projects/ianvs-terminal/example/test/ai/terminal_ai_test.dart: bounded observation wakes on command completion without input
00:00 +31: /Users/robinfai/flutter_projects/ianvs-terminal/example/test/ai/terminal_ai_test.dart: bounded observation wakes on command completion without input
00:00 +32: /Users/robinfai/flutter_projects/ianvs-terminal/example/test/ai/terminal_ai_focus_test.dart: approved desktop result restores input for a same-task follow-up
00:00 +33: /Users/robinfai/flutter_projects/ianvs-terminal/example/test/ai/terminal_ai_focus_test.dart: approved desktop result restores input for a same-task follow-up
00:00 +34: /Users/robinfai/flutter_projects/ianvs-terminal/example/test/ai/terminal_ai_focus_test.dart: approved desktop result restores input for a same-task follow-up
00:00 +35: /Users/robinfai/flutter_projects/ianvs-terminal/example/test/ai/terminal_ai_focus_test.dart: approved desktop result restores input for a same-task follow-up
00:00 +36: /Users/robinfai/flutter_projects/ianvs-terminal/example/test/ai/terminal_ai_focus_test.dart: approved desktop result restores input for a same-task follow-up
00:00 +37: /Users/robinfai/flutter_projects/ianvs-terminal/example/test/ai/terminal_ai_focus_test.dart: approved desktop result restores input for a same-task follow-up
00:00 +38: /Users/robinfai/flutter_projects/ianvs-terminal/example/test/ai/terminal_ai_focus_test.dart: approved desktop result restores input for a same-task follow-up
00:00 +39: /Users/robinfai/flutter_projects/ianvs-terminal/example/test/ai/terminal_ai_focus_test.dart: approved desktop result restores input for a same-task follow-up
00:00 +40: /Users/robinfai/flutter_projects/ianvs-terminal/example/test/ai/terminal_ai_focus_test.dart: approved desktop result restores input for a same-task follow-up
00:00 +41: /Users/robinfai/flutter_projects/ianvs-terminal/example/test/ai/terminal_ai_focus_test.dart: approved desktop result restores input for a same-task follow-up
00:00 +42: /Users/robinfai/flutter_projects/ianvs-terminal/example/test/ai/terminal_ai_focus_test.dart: approved desktop result restores input for a same-task follow-up
00:00 +43: /Users/robinfai/flutter_projects/ianvs-terminal/example/test/ai/terminal_ai_focus_test.dart: approved desktop result restores input for a same-task follow-up
00:00 +44: /Users/robinfai/flutter_projects/ianvs-terminal/example/test/ai/terminal_ai_focus_test.dart: approved desktop result restores input for a same-task follow-up
00:00 +45: /Users/robinfai/flutter_projects/ianvs-terminal/example/test/ai/terminal_ai_focus_test.dart: approved desktop result restores input for a same-task follow-up
00:00 +46: /Users/robinfai/flutter_projects/ianvs-terminal/example/test/ai/terminal_ai_focus_test.dart: approved desktop result restores input for a same-task follow-up
00:00 +47: /Users/robinfai/flutter_projects/ianvs-terminal/example/test/ai/terminal_ai_focus_test.dart: approved desktop result restores input for a same-task follow-up
00:00 +48: /Users/robinfai/flutter_projects/ianvs-terminal/example/test/ai/terminal_ai_focus_test.dart: approved desktop result restores input for a same-task follow-up
00:00 +49: /Users/robinfai/flutter_projects/ianvs-terminal/example/test/ai/terminal_ai_focus_test.dart: approved desktop result restores input for a same-task follow-up
00:00 +50: /Users/robinfai/flutter_projects/ianvs-terminal/example/test/ai/terminal_ai_focus_test.dart: approved desktop result restores input for a same-task follow-up
00:00 +51: /Users/robinfai/flutter_projects/ianvs-terminal/example/test/ai/terminal_ai_focus_test.dart: approved desktop result restores input for a same-task follow-up
00:00 +52: /Users/robinfai/flutter_projects/ianvs-terminal/example/test/ai/terminal_ai_focus_test.dart: approved desktop result restores input for a same-task follow-up
00:00 +53: /Users/robinfai/flutter_projects/ianvs-terminal/example/test/ai/terminal_ai_focus_test.dart: approved desktop result restores input for a same-task follow-up
00:00 +54: /Users/robinfai/flutter_projects/ianvs-terminal/example/test/ai/terminal_ai_focus_test.dart: approved desktop result restores input for a same-task follow-up
00:00 +55: /Users/robinfai/flutter_projects/ianvs-terminal/example/test/ai/terminal_ai_focus_test.dart: approved desktop result restores input for a same-task follow-up
00:00 +56: /Users/robinfai/flutter_projects/ianvs-terminal/example/test/ai/terminal_ai_focus_test.dart: approved desktop result restores input for a same-task follow-up
00:00 +57: /Users/robinfai/flutter_projects/ianvs-terminal/example/test/ai/terminal_ai_focus_test.dart: approved desktop result restores input for a same-task follow-up
00:00 +58: /Users/robinfai/flutter_projects/ianvs-terminal/example/test/ai/terminal_ai_focus_test.dart: approved desktop result restores input for a same-task follow-up
00:00 +59: /Users/robinfai/flutter_projects/ianvs-terminal/example/test/ai/terminal_ai_focus_test.dart: approved desktop result restores input for a same-task follow-up
00:00 +60: /Users/robinfai/flutter_projects/ianvs-terminal/example/test/ai/terminal_ai_focus_test.dart: approved desktop result restores input for a same-task follow-up
00:00 +61: /Users/robinfai/flutter_projects/ianvs-terminal/example/test/ai/terminal_ai_focus_test.dart: approved desktop result restores input for a same-task follow-up
00:00 +62: /Users/robinfai/flutter_projects/ianvs-terminal/example/test/ai/terminal_ai_focus_test.dart: approved desktop result restores input for a same-task follow-up
00:00 +63: /Users/robinfai/flutter_projects/ianvs-terminal/example/test/ai/terminal_ai_focus_test.dart: approved desktop result restores input for a same-task follow-up
00:00 +64: /Users/robinfai/flutter_projects/ianvs-terminal/example/test/ai/terminal_ai_focus_test.dart: approved desktop result restores input for a same-task follow-up
00:00 +65: /Users/robinfai/flutter_projects/ianvs-terminal/example/test/ai/terminal_ai_focus_test.dart: approved desktop result restores input for a same-task follow-up
00:00 +66: /Users/robinfai/flutter_projects/ianvs-terminal/example/test/ai/terminal_ai_focus_test.dart: approved desktop result restores input for a same-task follow-up
00:00 +67: /Users/robinfai/flutter_projects/ianvs-terminal/example/test/ai/terminal_ai_focus_test.dart: approved desktop result restores input for a same-task follow-up
00:00 +68: /Users/robinfai/flutter_projects/ianvs-terminal/example/test/ai/terminal_ai_focus_test.dart: approved desktop result restores input for a same-task follow-up
00:00 +69: /Users/robinfai/flutter_projects/ianvs-terminal/example/test/ai/terminal_ai_focus_test.dart: approved desktop result restores input for a same-task follow-up
00:00 +70: /Users/robinfai/flutter_projects/ianvs-terminal/example/test/ai/terminal_ai_focus_test.dart: approved desktop result restores input for a same-task follow-up
00:00 +71: /Users/robinfai/flutter_projects/ianvs-terminal/example/test/ai/terminal_ai_focus_test.dart: approved desktop result restores input for a same-task follow-up
00:00 +72: /Users/robinfai/flutter_projects/ianvs-terminal/example/test/ai/terminal_ai_focus_test.dart: approved desktop result restores input for a same-task follow-up
00:00 +73: /Users/robinfai/flutter_projects/ianvs-terminal/example/test/ai/terminal_ai_focus_test.dart: approved desktop result restores input for a same-task follow-up
00:00 +74: /Users/robinfai/flutter_projects/ianvs-terminal/example/test/ai/terminal_ai_focus_test.dart: approved desktop result restores input for a same-task follow-up
00:00 +75: /Users/robinfai/flutter_projects/ianvs-terminal/example/test/ai/terminal_ai_focus_test.dart: approved desktop result restores input for a same-task follow-up
00:00 +76: /Users/robinfai/flutter_projects/ianvs-terminal/example/test/ai/terminal_ai_focus_test.dart: approved desktop result restores input for a same-task follow-up
00:00 +77: /Users/robinfai/flutter_projects/ianvs-terminal/example/test/ai/terminal_ai_focus_test.dart: approved desktop result restores input for a same-task follow-up
00:00 +78: /Users/robinfai/flutter_projects/ianvs-terminal/example/test/ai/terminal_ai_focus_test.dart: approved desktop result restores input for a same-task follow-up
00:00 +79: /Users/robinfai/flutter_projects/ianvs-terminal/example/test/ai/terminal_ai_message_test.dart: model markdown is readable and selectable (phone true, dark false)
00:01 +80: /Users/robinfai/flutter_projects/ianvs-terminal/example/test/ai/terminal_ai_message_test.dart: model markdown is readable and selectable (phone true, dark false)
00:01 +81: /Users/robinfai/flutter_projects/ianvs-terminal/example/test/ai/terminal_ai_message_test.dart: model markdown is readable and selectable (phone true, dark false)
00:01 +82: /Users/robinfai/flutter_projects/ianvs-terminal/example/test/ai/terminal_ai_message_test.dart: model markdown is readable and selectable (phone true, dark false)
00:01 +83: /Users/robinfai/flutter_projects/ianvs-terminal/example/test/ai/terminal_ai_widgets_test.dart: Composer Enter routes natural language to AI without shell execution
00:01 +84: /Users/robinfai/flutter_projects/ianvs-terminal/example/test/ai/terminal_ai_focus_test.dart: finished result preserves historical reading and keyboard owner
00:01 +85: /Users/robinfai/flutter_projects/ianvs-terminal/example/test/ai/terminal_ai_focus_test.dart: finished result preserves historical reading and keyboard owner
00:01 +86: /Users/robinfai/flutter_projects/ianvs-terminal/example/test/ai/terminal_ai_focus_test.dart: finished result preserves historical reading and keyboard owner
00:01 +87: /Users/robinfai/flutter_projects/ianvs-terminal/example/test/ai/terminal_ai_workspace_test.dart: short phone keeps draft usable with a proposal and attachment
00:01 +88: /Users/robinfai/flutter_projects/ianvs-terminal/example/test/ai/terminal_ai_workspace_test.dart: short phone keeps draft usable with a proposal and attachment
00:01 +89: /Users/robinfai/flutter_projects/ianvs-terminal/example/test/ai/terminal_ai_workspace_test.dart: short phone keeps draft usable with a proposal and attachment
00:01 +90: /Users/robinfai/flutter_projects/ianvs-terminal/example/test/ai/terminal_ai_workspace_test.dart: short phone keeps draft usable with a proposal and attachment
00:01 +91: /Users/robinfai/flutter_projects/ianvs-terminal/example/test/ai/terminal_ai_workspace_test.dart: short phone keeps draft usable with a proposal and attachment
00:01 +92: /Users/robinfai/flutter_projects/ianvs-terminal/example/test/ai/terminal_ai_workspace_test.dart: short phone keeps draft usable with a proposal and attachment
00:01 +93: /Users/robinfai/flutter_projects/ianvs-terminal/example/test/ai/terminal_ai_widgets_test.dart: AI panel iOS light at narrow width and large text
00:01 +94: /Users/robinfai/flutter_projects/ianvs-terminal/example/test/ai/terminal_ai_focus_test.dart: finished result never moves focus out of connection settings
00:01 +95: /Users/robinfai/flutter_projects/ianvs-terminal/example/test/ai/terminal_ai_focus_test.dart: finished result never moves focus out of connection settings
00:01 +96: /Users/robinfai/flutter_projects/ianvs-terminal/example/test/ai/terminal_ai_focus_test.dart: finished result never moves focus out of connection settings
00:01 +97: /Users/robinfai/flutter_projects/ianvs-terminal/example/test/ai/terminal_ai_workspace_test.dart: IME does not send; sent context stays frozen and draft is separate
00:01 +98: /Users/robinfai/flutter_projects/ianvs-terminal/example/test/ai/terminal_ai_widgets_test.dart: settings saves mock endpoint, key and model through the real UI
00:01 +99: /Users/robinfai/flutter_projects/ianvs-terminal/example/test/ai/terminal_ai_focus_test.dart: phone result does not reopen the keyboard after command review
00:01 +100: /Users/robinfai/flutter_projects/ianvs-terminal/example/test/ai/terminal_ai_workspace_test.dart: mobile review has full command and fixed footer; stale target revokes
00:01 +101: /Users/robinfai/flutter_projects/ianvs-terminal/example/test/ai/terminal_ai_focus_test.dart: desktop background completion does not take keyboard focus
00:01 +102: /Users/robinfai/flutter_projects/ianvs-terminal/example/test/ai/terminal_ai_workspace_test.dart: new response preserves reading; latest and return are explicit
00:01 +103: /Users/robinfai/flutter_projects/ianvs-terminal/example/test/ai/terminal_ai_focus_test.dart: desktop keyboard send restores the input without a command
00:01 +104: /Users/robinfai/flutter_projects/ianvs-terminal/example/test/ai/terminal_ai_workspace_test.dart: latest cancels an unfinished return to the reading anchor
00:02 +105: /Users/robinfai/flutter_projects/ianvs-terminal/example/test/ai/terminal_ai_workspace_test.dart: latest cancels an unfinished return to the reading anchor
00:02 +106: /Users/robinfai/flutter_projects/ianvs-terminal/example/test/ai/terminal_ai_focus_test.dart: reply preserves an active draft and composition phone=true
00:02 +107: /Users/robinfai/flutter_projects/ianvs-terminal/example/test/shell/session_sidebar_chrome_test.dart: sidebar resizing clamps, preserves width and keeps the terminal alive (variant: TargetPlatform.macOS)
00:02 +108: /Users/robinfai/flutter_projects/ianvs-terminal/example/test/shell/session_sidebar_chrome_test.dart: sidebar resizing clamps, preserves width and keeps the terminal alive (variant: TargetPlatform.macOS)
00:02 +109: /Users/robinfai/flutter_projects/ianvs-terminal/example/test/shell/session_sidebar_chrome_test.dart: sidebar resizing clamps, preserves width and keeps the terminal alive (variant: TargetPlatform.macOS)
00:02 +110: /Users/robinfai/flutter_projects/ianvs-terminal/example/test/shell/session_sidebar_chrome_test.dart: sidebar resizing clamps, preserves width and keeps the terminal alive (variant: TargetPlatform.macOS)
00:02 +111: /Users/robinfai/flutter_projects/ianvs-terminal/example/test/shell/session_sidebar_chrome_test.dart: sidebar resizing clamps, preserves width and keeps the terminal alive (variant: TargetPlatform.macOS)
00:02 +112: /Users/robinfai/flutter_projects/ianvs-terminal/example/test/shell/session_sidebar_chrome_test.dart: sidebar resizing clamps, preserves width and keeps the terminal alive (variant: TargetPlatform.macOS)
00:02 +113: /Users/robinfai/flutter_projects/ianvs-terminal/example/test/shell/session_sidebar_chrome_test.dart: sidebar resizing clamps, preserves width and keeps the terminal alive (variant: TargetPlatform.macOS)
00:02 +114: /Users/robinfai/flutter_projects/ianvs-terminal/example/test/shell/session_sidebar_chrome_test.dart: sidebar resizing clamps, preserves width and keeps the terminal alive (variant: TargetPlatform.macOS)
00:02 +115: /Users/robinfai/flutter_projects/ianvs-terminal/example/test/shell/session_sidebar_chrome_test.dart: sidebar resizing clamps, preserves width and keeps the terminal alive (variant: TargetPlatform.macOS)
00:02 +116: /Users/robinfai/flutter_projects/ianvs-terminal/example/test/shell/session_sidebar_chrome_test.dart: sidebar resizing clamps, preserves width and keeps the terminal alive (variant: TargetPlatform.macOS)
00:03 +117: /Users/robinfai/flutter_projects/ianvs-terminal/example/test/shell/session_sidebar_chrome_test.dart: sidebar resizing clamps, preserves width and keeps the terminal alive (variant: TargetPlatform.macOS)
00:03 +118: /Users/robinfai/flutter_projects/ianvs-terminal/example/test/shell/session_sidebar_chrome_test.dart: sidebar resizing clamps, preserves width and keeps the terminal alive (variant: TargetPlatform.macOS)
00:03 +119: /Users/robinfai/flutter_projects/ianvs-terminal/example/test/shell/session_sidebar_chrome_test.dart: sidebar resizing clamps, preserves width and keeps the terminal alive (variant: TargetPlatform.macOS)
00:03 +120: /Users/robinfai/flutter_projects/ianvs-terminal/example/test/shell/session_sidebar_chrome_test.dart: sidebar resizing clamps, preserves width and keeps the terminal alive (variant: TargetPlatform.macOS)
00:03 +121: /Users/robinfai/flutter_projects/ianvs-terminal/example/test/shell/session_sidebar_chrome_test.dart: sidebar resizing clamps, preserves width and keeps the terminal alive (variant: TargetPlatform.macOS)
00:03 +122: /Users/robinfai/flutter_projects/ianvs-terminal/example/test/shell/session_sidebar_chrome_test.dart: sidebar resizing clamps, preserves width and keeps the terminal alive (variant: TargetPlatform.macOS)
00:03 +123: /Users/robinfai/flutter_projects/ianvs-terminal/example/test/shell/session_sidebar_chrome_test.dart: sidebar resizing clamps, preserves width and keeps the terminal alive (variant: TargetPlatform.macOS)
00:03 +124: /Users/robinfai/flutter_projects/ianvs-terminal/example/test/shell/session_sidebar_chrome_test.dart: sidebar resizing clamps, preserves width and keeps the terminal alive (variant: TargetPlatform.macOS)
00:03 +125: /Users/robinfai/flutter_projects/ianvs-terminal/example/test/shell/session_sidebar_chrome_test.dart: sidebar resizing clamps, preserves width and keeps the terminal alive (variant: TargetPlatform.macOS)
00:03 +126: /Users/robinfai/flutter_projects/ianvs-terminal/example/test/shell/session_sidebar_chrome_test.dart: sidebar resizing clamps, preserves width and keeps the terminal alive (variant: TargetPlatform.macOS)
00:03 +127: /Users/robinfai/flutter_projects/ianvs-terminal/example/test/shell/session_sidebar_chrome_test.dart: sidebar resizing clamps, preserves width and keeps the terminal alive (variant: TargetPlatform.macOS)
00:03 +128: /Users/robinfai/flutter_projects/ianvs-terminal/example/test/shell/session_sidebar_chrome_test.dart: sidebar resizing clamps, preserves width and keeps the terminal alive (variant: TargetPlatform.macOS)
00:03 +129: /Users/robinfai/flutter_projects/ianvs-terminal/example/test/shell/session_sidebar_chrome_test.dart: sidebar resizing clamps, preserves width and keeps the terminal alive (variant: TargetPlatform.macOS)
00:03 +130: /Users/robinfai/flutter_projects/ianvs-terminal/example/test/shell/session_sidebar_chrome_test.dart: sidebar resizing clamps, preserves width and keeps the terminal alive (variant: TargetPlatform.macOS)
00:03 +131: /Users/robinfai/flutter_projects/ianvs-terminal/example/test/shell/session_sidebar_chrome_test.dart: sidebar resizing clamps, preserves width and keeps the terminal alive (variant: TargetPlatform.macOS)
00:03 +132: /Users/robinfai/flutter_projects/ianvs-terminal/example/test/ai/terminal_ai_workspace_test.dart: live status announces phase changes without elapsed time or output (phone false)
00:03 +133: /Users/robinfai/flutter_projects/ianvs-terminal/example/test/shell/shell_screen_phase1b_test.dart: tab accessibility actions activate and close the named tab (variant: TargetPlatform.macOS)
00:03 +134: /Users/robinfai/flutter_projects/ianvs-terminal/example/test/shell/session_sidebar_chrome_test.dart: divider appears on hover or drag and supports keyboard resizing
00:03 +135: /Users/robinfai/flutter_projects/ianvs-terminal/example/test/shell/session_sidebar_chrome_test.dart: divider appears on hover or drag and supports keyboard resizing
00:03 +136: /Users/robinfai/flutter_projects/ianvs-terminal/example/test/shell/session_sidebar_chrome_test.dart: divider appears on hover or drag and supports keyboard resizing
00:03 +137: /Users/robinfai/flutter_projects/ianvs-terminal/example/test/shell/session_sidebar_chrome_test.dart: divider appears on hover or drag and supports keyboard resizing
00:03 +138: /Users/robinfai/flutter_projects/ianvs-terminal/example/test/shell/session_sidebar_chrome_test.dart: divider appears on hover or drag and supports keyboard resizing
00:03 +139: /Users/robinfai/flutter_projects/ianvs-terminal/example/test/shell/session_sidebar_chrome_test.dart: divider appears on hover or drag and supports keyboard resizing
00:03 +140: /Users/robinfai/flutter_projects/ianvs-terminal/example/test/shell/shell_screen_phase1b_test.dart: shell screen keeps tab hierarchy clear after opening a second tab
00:03 +141: /Users/robinfai/flutter_projects/ianvs-terminal/example/test/shell/shell_screen_phase1b_test.dart: shell screen keeps tab hierarchy clear after opening a second tab
00:03 +142: /Users/robinfai/flutter_projects/ianvs-terminal/example/test/shell/shell_screen_phase1b_test.dart: shell screen keeps tab hierarchy clear after opening a second tab
00:03 +143: /Users/robinfai/flutter_projects/ianvs-terminal/example/test/shell/shell_screen_phase1b_test.dart: shell screen keeps tab hierarchy clear after opening a second tab
00:03 +144: /Users/robinfai/flutter_projects/ianvs-terminal/example/test/ai/terminal_ai_workspace_test.dart: live status announces phase changes without elapsed time or output (phone true)
00:03 +145: /Users/robinfai/flutter_projects/ianvs-terminal/example/test/ai/terminal_ai_workspace_test.dart: live status announces phase changes without elapsed time or output (phone true)
00:03 +146: /Users/robinfai/flutter_projects/ianvs-terminal/example/test/ai/terminal_ai_workspace_test.dart: live status announces phase changes without elapsed time or output (phone true)
00:03 +147: /Users/robinfai/flutter_projects/ianvs-terminal/example/test/ai/terminal_ai_workspace_test.dart: live status announces phase changes without elapsed time or output (phone true)
00:04 +148: /Users/robinfai/flutter_projects/ianvs-terminal/example/test/ai/terminal_ai_workspace_test.dart: live status announces phase changes without elapsed time or output (phone true)
00:04 +149: /Users/robinfai/flutter_projects/ianvs-terminal/example/test/ai/terminal_ai_workspace_test.dart: live status announces phase changes without elapsed time or output (phone true)
00:04 +150: /Users/robinfai/flutter_projects/ianvs-terminal/example/test/ai/terminal_ai_workspace_test.dart: live status announces phase changes without elapsed time or output (phone true)
00:04 +151: /Users/robinfai/flutter_projects/ianvs-terminal/example/test/ai/terminal_ai_workspace_test.dart: live status announces phase changes without elapsed time or output (phone true)
00:04 +152: /Users/robinfai/flutter_projects/ianvs-terminal/example/test/ai/terminal_ai_workspace_test.dart: live status announces phase changes without elapsed time or output (phone true)
00:04 +153: /Users/robinfai/flutter_projects/ianvs-terminal/example/test/ai/terminal_ai_workspace_test.dart: live status announces phase changes without elapsed time or output (phone true)
00:04 +154: /Users/robinfai/flutter_projects/ianvs-terminal/example/test/ai/terminal_ai_workspace_test.dart: live status announces phase changes without elapsed time or output (phone true)
00:04 +155: /Users/robinfai/flutter_projects/ianvs-terminal/example/test/ai/terminal_ai_workspace_test.dart: live status announces phase changes without elapsed time or output (phone true)
00:04 +156: /Users/robinfai/flutter_projects/ianvs-terminal/example/test/ai/terminal_ai_workspace_test.dart: live status announces phase changes without elapsed time or output (phone true)
00:04 +157: /Users/robinfai/flutter_projects/ianvs-terminal/example/test/ai/terminal_ai_workspace_test.dart: live status announces phase changes without elapsed time or output (phone true)
00:04 +158: /Users/robinfai/flutter_projects/ianvs-terminal/example/test/ai/terminal_ai_workspace_test.dart: live status announces phase changes without elapsed time or output (phone true)
00:04 +159: /Users/robinfai/flutter_projects/ianvs-terminal/example/test/ai/terminal_ai_workspace_test.dart: live status announces phase changes without elapsed time or output (phone true)
00:04 +160: /Users/robinfai/flutter_projects/ianvs-terminal/example/test/ai/terminal_ai_workspace_test.dart: live status announces phase changes without elapsed time or output (phone true)
00:04 +161: /Users/robinfai/flutter_projects/ianvs-terminal/example/test/ai/terminal_ai_workspace_test.dart: live status announces phase changes without elapsed time or output (phone true)
00:04 +162: /Users/robinfai/flutter_projects/ianvs-terminal/example/test/ai/terminal_ai_workspace_test.dart: live status announces phase changes without elapsed time or output (phone true)
00:04 +163: /Users/robinfai/flutter_projects/ianvs-terminal/example/test/ai/terminal_ai_workspace_test.dart: live status announces phase changes without elapsed time or output (phone true)
00:04 +164: /Users/robinfai/flutter_projects/ianvs-terminal/example/test/ai/terminal_ai_workspace_test.dart: live status announces phase changes without elapsed time or output (phone true)
00:04 +165: /Users/robinfai/flutter_projects/ianvs-terminal/example/test/ai/terminal_ai_workspace_test.dart: live status announces phase changes without elapsed time or output (phone true)
00:04 +166: /Users/robinfai/flutter_projects/ianvs-terminal/example/test/ai/terminal_ai_workspace_test.dart: live status announces phase changes without elapsed time or output (phone true)
00:04 +167: /Users/robinfai/flutter_projects/ianvs-terminal/example/test/ai/terminal_ai_workspace_test.dart: live status announces phase changes without elapsed time or output (phone true)
00:04 +168: /Users/robinfai/flutter_projects/ianvs-terminal/example/test/shell/shell_screen_phase2a_test.dart: shell screen opens and closes the hyper command menu
00:04 +169: /Users/robinfai/flutter_projects/ianvs-terminal/example/test/shell/shell_screen_phase2a_test.dart: shell screen opens and closes the hyper command menu
00:05 +170: /Users/robinfai/flutter_projects/ianvs-terminal/example/test/shell/shell_screen_phase1b_test.dart: shell tabs overflow into a selector at readable widths
00:05 +171: /Users/robinfai/flutter_projects/ianvs-terminal/example/test/shell/shell_screen_phase1b_test.dart: shell tabs overflow into a selector at readable widths
00:05 +172: /Users/robinfai/flutter_projects/ianvs-terminal/example/test/shell/shell_screen_phase1b_test.dart: shell tabs overflow into a selector at readable widths
00:05 +173: /Users/robinfai/flutter_projects/ianvs-terminal/example/test/shell/shell_screen_phase1b_test.dart: shell tabs overflow into a selector at readable widths
00:05 +174: /Users/robinfai/flutter_projects/ianvs-terminal/example/test/shell/shell_screen_phase1b_test.dart: shell tabs overflow into a selector at readable widths
00:05 +175: /Users/robinfai/flutter_projects/ianvs-terminal/example/test/shell/shell_screen_phase1b_test.dart: shell tabs overflow into a selector at readable widths
00:05 +176: /Users/robinfai/flutter_projects/ianvs-terminal/example/test/shell/shell_screen_phase1b_test.dart: shell tabs overflow into a selector at readable widths
00:05 +177: /Users/robinfai/flutter_projects/ianvs-terminal/example/test/shell/shell_screen_phase1b_test.dart: shell tabs overflow into a selector at readable widths
00:05 +178: /Users/robinfai/flutter_projects/ianvs-terminal/example/test/shell/shell_screen_phase1b_test.dart: shell tabs overflow into a selector at readable widths
00:05 +179: /Users/robinfai/flutter_projects/ianvs-terminal/example/test/shell/shell_screen_phase1b_test.dart: shell tabs overflow into a selector at readable widths
00:05 +180: /Users/robinfai/flutter_projects/ianvs-terminal/example/test/shell/shell_screen_phase1b_test.dart: shell tabs overflow into a selector at readable widths
00:05 +181: /Users/robinfai/flutter_projects/ianvs-terminal/example/test/shell/shell_screen_phase1b_test.dart: shell tabs overflow into a selector at readable widths
00:05 +182: /Users/robinfai/flutter_projects/ianvs-terminal/example/test/shell/shell_screen_phase1b_test.dart: shell tabs overflow into a selector at readable widths
00:05 +183: /Users/robinfai/flutter_projects/ianvs-terminal/example/test/shell/shell_screen_phase1b_test.dart: shell tabs overflow into a selector at readable widths
00:05 +184: /Users/robinfai/flutter_projects/ianvs-terminal/example/test/shell/shell_screen_phase1b_test.dart: shell tabs overflow into a selector at readable widths
00:05 +185: /Users/robinfai/flutter_projects/ianvs-terminal/example/test/shell/shell_screen_phase1b_test.dart: shell tabs overflow into a selector at readable widths
00:05 +186: /Users/robinfai/flutter_projects/ianvs-terminal/example/test/shell/shell_screen_phase1b_test.dart: shell tabs overflow into a selector at readable widths
00:05 +187: /Users/robinfai/flutter_projects/ianvs-terminal/example/test/shell/shell_screen_phase1b_test.dart: shell tabs overflow into a selector at readable widths
00:05 +188: /Users/robinfai/flutter_projects/ianvs-terminal/example/test/shell/shell_screen_phase1b_test.dart: shell tabs overflow into a selector at readable widths
00:05 +189: /Users/robinfai/flutter_projects/ianvs-terminal/example/test/shell/shell_screen_phase1b_test.dart: shell tabs overflow into a selector at readable widths
00:05 +190: /Users/robinfai/flutter_projects/ianvs-terminal/example/test/shell/shell_screen_phase1b_test.dart: shell tabs overflow into a selector at readable widths
00:05 +191: /Users/robinfai/flutter_projects/ianvs-terminal/example/test/shell/shell_screen_phase1b_test.dart: shell tabs overflow into a selector at readable widths
00:05 +192: /Users/robinfai/flutter_projects/ianvs-terminal/example/test/shell/shell_screen_phase1b_test.dart: shell tabs overflow into a selector at readable widths
00:05 +193: /Users/robinfai/flutter_projects/ianvs-terminal/example/test/shell/shell_screen_phase1b_test.dart: shell tabs overflow into a selector at readable widths
00:05 +194: /Users/robinfai/flutter_projects/ianvs-terminal/example/test/shell/shell_screen_phase1b_test.dart: shell tabs overflow into a selector at readable widths
00:05 +195: /Users/robinfai/flutter_projects/ianvs-terminal/example/test/shell/shell_screen_phase1b_test.dart: shell tabs overflow into a selector at readable widths
00:05 +196: /Users/robinfai/flutter_projects/ianvs-terminal/example/test/shell/shell_screen_phase1b_test.dart: shell tabs overflow into a selector at readable widths
00:05 +197: /Users/robinfai/flutter_projects/ianvs-terminal/example/test/shell/shell_screen_phase1b_test.dart: shell tabs overflow into a selector at readable widths
00:05 +198: /Users/robinfai/flutter_projects/ianvs-terminal/example/test/shell/shell_screen_phase1b_test.dart: shell tabs overflow into a selector at readable widths
00:05 +199: /Users/robinfai/flutter_projects/ianvs-terminal/example/test/shell/shell_screen_phase1b_test.dart: shell tabs overflow into a selector at readable widths
00:05 +200: /Users/robinfai/flutter_projects/ianvs-terminal/example/test/shell/shell_screen_phase1b_test.dart: shell tabs overflow into a selector at readable widths
00:05 +201: /Users/robinfai/flutter_projects/ianvs-terminal/example/test/shell/shell_screen_phase1b_test.dart: shell tabs overflow into a selector at readable widths
00:05 +202: /Users/robinfai/flutter_projects/ianvs-terminal/example/test/shell/shell_screen_phase1b_test.dart: shell tabs overflow into a selector at readable widths
00:05 +203: /Users/robinfai/flutter_projects/ianvs-terminal/example/test/shell/shell_screen_phase1b_test.dart: shell tabs overflow into a selector at readable widths
00:05 +204: /Users/robinfai/flutter_projects/ianvs-terminal/example/test/shell/shell_screen_phase1b_test.dart: shell tabs overflow into a selector at readable widths
00:05 +205: /Users/robinfai/flutter_projects/ianvs-terminal/example/test/shell/shell_screen_phase1b_test.dart: shell tabs overflow into a selector at readable widths
00:05 +206: /Users/robinfai/flutter_projects/ianvs-terminal/example/test/shell/shell_screen_phase1b_test.dart: shell tabs overflow into a selector at readable widths
00:05 +207: /Users/robinfai/flutter_projects/ianvs-terminal/example/test/shell/shell_screen_phase1b_test.dart: shell tabs overflow into a selector at readable widths
00:05 +208: /Users/robinfai/flutter_projects/ianvs-terminal/example/test/shell/shell_screen_phase1b_test.dart: shell tabs overflow into a selector at readable widths
00:05 +209: /Users/robinfai/flutter_projects/ianvs-terminal/example/test/shell/shell_screen_phase1b_test.dart: shell tabs overflow into a selector at readable widths
00:05 +210: /Users/robinfai/flutter_projects/ianvs-terminal/example/test/shell/shell_screen_phase1b_test.dart: shell tabs overflow into a selector at readable widths
00:05 +211: /Users/robinfai/flutter_projects/ianvs-terminal/example/test/shell/shell_screen_phase1b_test.dart: shell tabs overflow into a selector at readable widths
00:05 +212: /Users/robinfai/flutter_projects/ianvs-terminal/example/test/shell/shell_screen_phase1b_test.dart: shell tabs overflow into a selector at readable widths
00:05 +213: /Users/robinfai/flutter_projects/ianvs-terminal/example/test/shell/shell_screen_phase1b_test.dart: shell tabs overflow into a selector at readable widths
00:05 +214: /Users/robinfai/flutter_projects/ianvs-terminal/example/test/shell/shell_screen_phase1b_test.dart: shell tabs overflow into a selector at readable widths
00:05 +215: /Users/robinfai/flutter_projects/ianvs-terminal/example/test/shell/shell_screen_phase1b_test.dart: shell tabs overflow into a selector at readable widths
00:05 +216: /Users/robinfai/flutter_projects/ianvs-terminal/example/test/shell/shell_screen_phase1b_test.dart: shell tabs overflow into a selector at readable widths
00:05 +217: /Users/robinfai/flutter_projects/ianvs-terminal/example/test/shell/shell_screen_phase1b_test.dart: shell tabs overflow into a selector at readable widths
00:05 +218: /Users/robinfai/flutter_projects/ianvs-terminal/example/test/shell/shell_screen_phase1b_test.dart: shell tabs overflow into a selector at readable widths
00:05 +219: /Users/robinfai/flutter_projects/ianvs-terminal/example/test/shell/shell_screen_phase1b_test.dart: shell tabs overflow into a selector at readable widths
00:05 +220: /Users/robinfai/flutter_projects/ianvs-terminal/example/test/shell/shell_screen_phase1b_test.dart: shell tabs overflow into a selector at readable widths
00:05 +221: /Users/robinfai/flutter_projects/ianvs-terminal/example/test/shell/shell_screen_phase1b_test.dart: shell tabs overflow into a selector at readable widths
00:05 +222: /Users/robinfai/flutter_projects/ianvs-terminal/example/test/shell/shell_screen_phase1b_test.dart: shell tabs overflow into a selector at readable widths
00:05 +223: /Users/robinfai/flutter_projects/ianvs-terminal/example/test/shell/shell_screen_phase1b_test.dart: shell tabs overflow into a selector at readable widths
00:05 +224: /Users/robinfai/flutter_projects/ianvs-terminal/example/test/shell/shell_screen_phase1b_test.dart: shell tabs overflow into a selector at readable widths
00:05 +225: /Users/robinfai/flutter_projects/ianvs-terminal/example/test/shell/shell_screen_phase1b_test.dart: shell tabs overflow into a selector at readable widths
00:05 +226: /Users/robinfai/flutter_projects/ianvs-terminal/example/test/ai/terminal_ai_workspace_test.dart: mobile live block keeps six rows, reading and paused task dark
00:06 +227: /Users/robinfai/flutter_projects/ianvs-terminal/example/test/ai/terminal_ai_workspace_test.dart: mobile live block keeps six rows, reading and paused task dark
00:06 +228: /Users/robinfai/flutter_projects/ianvs-terminal/example/test/shell/shell_screen_phase1b_test.dart: shell tabs keep compact overflow controls inside narrow chrome (variant: TargetPlatform.macOS)
00:06 +229: /Users/robinfai/flutter_projects/ianvs-terminal/example/test/shell/shell_screen_phase1b_test.dart: shell tabs keep compact overflow controls inside narrow chrome (variant: TargetPlatform.macOS)
00:06 +230: /Users/robinfai/flutter_projects/ianvs-terminal/example/test/shell/shell_screen_phase1b_test.dart: shell tabs keep compact overflow controls inside narrow chrome (variant: TargetPlatform.macOS)
00:06 +231: /Users/robinfai/flutter_projects/ianvs-terminal/example/test/shell/shell_screen_phase1b_test.dart: shell tabs keep compact overflow controls inside narrow chrome (variant: TargetPlatform.macOS)
00:06 +232: /Users/robinfai/flutter_projects/ianvs-terminal/example/test/shell/shell_screen_phase1b_test.dart: shell tabs keep compact overflow controls inside narrow chrome (variant: TargetPlatform.macOS)
00:06 +233: /Users/robinfai/flutter_projects/ianvs-terminal/example/test/shell/shell_screen_phase1b_test.dart: shell tabs keep compact overflow controls inside narrow chrome (variant: TargetPlatform.macOS)
00:06 +234: /Users/robinfai/flutter_projects/ianvs-terminal/example/test/shell/shell_screen_phase1b_test.dart: shell tabs keep compact overflow controls inside narrow chrome (variant: TargetPlatform.macOS)
00:06 +235: /Users/robinfai/flutter_projects/ianvs-terminal/example/test/shell/shell_screen_phase1b_test.dart: shell tabs keep compact overflow controls inside narrow chrome (variant: TargetPlatform.macOS)
00:06 +236: /Users/robinfai/flutter_projects/ianvs-terminal/example/test/shell/shell_screen_phase1b_test.dart: shell tabs keep compact overflow controls inside narrow chrome (variant: TargetPlatform.macOS)
00:06 +237: /Users/robinfai/flutter_projects/ianvs-terminal/example/test/shell/shell_screen_phase1b_test.dart: shell tabs keep compact overflow controls inside narrow chrome (variant: TargetPlatform.macOS)
00:06 +238: /Users/robinfai/flutter_projects/ianvs-terminal/example/test/shell/shell_screen_phase1b_test.dart: shell tabs keep compact overflow controls inside narrow chrome (variant: TargetPlatform.macOS)
00:06 +239: /Users/robinfai/flutter_projects/ianvs-terminal/example/test/shell/shell_screen_phase1b_test.dart: shell tabs keep compact overflow controls inside narrow chrome (variant: TargetPlatform.macOS)
00:06 +240: /Users/robinfai/flutter_projects/ianvs-terminal/example/test/shell/shell_screen_phase1b_test.dart: shell tabs keep compact overflow controls inside narrow chrome (variant: TargetPlatform.macOS)
00:06 +241: /Users/robinfai/flutter_projects/ianvs-terminal/example/test/shell/shell_screen_phase1b_test.dart: shell tabs keep compact overflow controls inside narrow chrome (variant: TargetPlatform.macOS)
00:06 +242: /Users/robinfai/flutter_projects/ianvs-terminal/example/test/shell/shell_screen_phase1b_test.dart: shell tabs keep compact overflow controls inside narrow chrome (variant: TargetPlatform.macOS)
00:06 +243: /Users/robinfai/flutter_projects/ianvs-terminal/example/test/shell/shell_screen_phase1b_test.dart: shell tabs keep compact overflow controls inside narrow chrome (variant: TargetPlatform.macOS)
00:06 +244: /Users/robinfai/flutter_projects/ianvs-terminal/example/test/shell/shell_screen_phase1b_test.dart: shell tabs keep compact overflow controls inside narrow chrome (variant: TargetPlatform.macOS)
00:06 +245: /Users/robinfai/flutter_projects/ianvs-terminal/example/test/shell/shell_screen_phase1b_test.dart: shell tabs keep compact overflow controls inside narrow chrome (variant: TargetPlatform.macOS)
00:06 +246: /Users/robinfai/flutter_projects/ianvs-terminal/example/test/shell/shell_screen_phase1b_test.dart: shell tabs keep compact overflow controls inside narrow chrome (variant: TargetPlatform.macOS)
00:06 +247: /Users/robinfai/flutter_projects/ianvs-terminal/example/test/shell/shell_screen_phase1b_test.dart: shell tabs keep compact overflow controls inside narrow chrome (variant: TargetPlatform.macOS)
00:06 +248: /Users/robinfai/flutter_projects/ianvs-terminal/example/test/shell/shell_screen_phase1b_test.dart: shell tabs keep compact overflow controls inside narrow chrome (variant: TargetPlatform.macOS)
00:06 +249: /Users/robinfai/flutter_projects/ianvs-terminal/example/test/shell/shell_screen_phase1b_test.dart: shell tabs keep compact overflow controls inside narrow chrome (variant: TargetPlatform.macOS)
00:06 +250: /Users/robinfai/flutter_projects/ianvs-terminal/example/test/shell/shell_screen_phase1b_test.dart: shell tabs keep compact overflow controls inside narrow chrome (variant: TargetPlatform.macOS)
00:06 +251: /Users/robinfai/flutter_projects/ianvs-terminal/example/test/shell/mobile_terminal_modes_test.dart: SSH failure keeps AI draft and output on macOS
00:06 +252: /Users/robinfai/flutter_projects/ianvs-terminal/example/test/shell/mobile_terminal_modes_test.dart: SSH failure keeps AI draft and output on macOS
00:06 +253: /Users/robinfai/flutter_projects/ianvs-terminal/example/test/shell/mobile_terminal_modes_test.dart: SSH failure keeps AI draft and output on macOS
00:06 +254: /Users/robinfai/flutter_projects/ianvs-terminal/example/test/shell/mobile_terminal_modes_test.dart: SSH failure keeps AI draft and output on macOS
00:07 +255: /Users/robinfai/flutter_projects/ianvs-terminal/example/test/shell/mobile_terminal_modes_test.dart: SSH failure keeps AI draft and output on macOS
00:07 +256: /Users/robinfai/flutter_projects/ianvs-terminal/example/test/shell/mobile_terminal_modes_test.dart: SSH failure keeps AI draft and output on macOS
00:07 +257: /Users/robinfai/flutter_projects/ianvs-terminal/example/test/shell/mobile_terminal_modes_test.dart: SSH failure keeps AI draft and output on macOS
00:07 +258: /Users/robinfai/flutter_projects/ianvs-terminal/example/test/shell/mobile_terminal_modes_test.dart: SSH failure keeps AI draft and output on macOS
00:07 +259: /Users/robinfai/flutter_projects/ianvs-terminal/example/test/shell/mobile_terminal_modes_test.dart: SSH failure keeps AI draft and output on macOS
00:07 +260: /Users/robinfai/flutter_projects/ianvs-terminal/example/test/shell/mobile_terminal_modes_test.dart: SSH failure keeps AI draft and output on macOS
00:07 +261: /Users/robinfai/flutter_projects/ianvs-terminal/example/test/shell/mobile_terminal_modes_test.dart: SSH failure keeps AI draft and output on macOS
00:07 +262: /Users/robinfai/flutter_projects/ianvs-terminal/example/test/shell/mobile_terminal_modes_test.dart: SSH failure keeps AI draft and output on macOS
00:07 +263: /Users/robinfai/flutter_projects/ianvs-terminal/example/test/shell/mobile_terminal_modes_test.dart: SSH failure keeps AI draft and output on macOS
00:07 +264: /Users/robinfai/flutter_projects/ianvs-terminal/example/test/shell/mobile_terminal_modes_test.dart: SSH failure keeps AI draft and output on macOS
00:07 +265: /Users/robinfai/flutter_projects/ianvs-terminal/example/test/shell/mobile_terminal_modes_test.dart: SSH failure keeps AI draft and output on macOS
00:07 +266: /Users/robinfai/flutter_projects/ianvs-terminal/example/test/shell/mobile_terminal_modes_test.dart: SSH failure keeps AI draft and output on macOS
00:07 +267: /Users/robinfai/flutter_projects/ianvs-terminal/example/test/shell/mobile_terminal_modes_test.dart: SSH failure keeps AI draft and output on macOS
00:07 +268: /Users/robinfai/flutter_projects/ianvs-terminal/example/test/shell/mobile_terminal_modes_test.dart: SSH failure keeps AI draft and output on macOS
00:07 +269: /Users/robinfai/flutter_projects/ianvs-terminal/example/test/shell/mobile_terminal_modes_test.dart: SSH failure keeps AI draft and output on macOS
00:07 +270: /Users/robinfai/flutter_projects/ianvs-terminal/example/test/shell/mobile_terminal_modes_test.dart: SSH failure keeps AI draft and output on macOS
00:07 +271: /Users/robinfai/flutter_projects/ianvs-terminal/example/test/shell/mobile_terminal_modes_test.dart: SSH failure keeps AI draft and output on macOS
00:07 +272: /Users/robinfai/flutter_projects/ianvs-terminal/example/test/shell/mobile_terminal_modes_test.dart: SSH failure keeps AI draft and output on macOS
00:07 +273: /Users/robinfai/flutter_projects/ianvs-terminal/example/test/shell/mobile_terminal_modes_test.dart: SSH failure keeps AI draft and output on macOS
00:07 +274: /Users/robinfai/flutter_projects/ianvs-terminal/example/test/shell/mobile_terminal_modes_test.dart: SSH failure keeps AI draft and output on macOS
00:07 +275: /Users/robinfai/flutter_projects/ianvs-terminal/example/test/shell/mobile_terminal_modes_test.dart: SSH failure keeps AI draft and output on macOS
00:07 +276: /Users/robinfai/flutter_projects/ianvs-terminal/example/test/shell/mobile_terminal_modes_test.dart: SSH failure keeps AI draft and output on macOS
00:07 +277: /Users/robinfai/flutter_projects/ianvs-terminal/example/test/shell/mobile_terminal_modes_test.dart: SSH failure keeps AI draft and output on macOS
00:07 +278: /Users/robinfai/flutter_projects/ianvs-terminal/example/test/shell/mobile_terminal_modes_test.dart: SSH failure keeps AI draft and output on macOS
00:07 +279: /Users/robinfai/flutter_projects/ianvs-terminal/example/test/shell/mobile_terminal_modes_test.dart: SSH failure keeps AI draft and output on macOS
00:07 +280: /Users/robinfai/flutter_projects/ianvs-terminal/example/test/shell/mobile_terminal_modes_test.dart: SSH failure keeps AI draft and output on macOS

Warning: A call to tap() with finder "Found 1 widget with key [<'ai-terminal-settings'>]: [
  TextButton-[<'ai-terminal-settings'>](dirty, dependencies: [IconTheme, InheritedCupertinoTheme, MediaQuery, _InheritedTheme, _LocalizationsScope-[GlobalKey#37c3b], _ScrollableScope], state: _ButtonStyleState#259b0),
]" derived an Offset (Offset(524.0, 349.0)) that would not hit test on the specified widget.
Maybe the widget is actually off-screen, or another widget is obscuring it, or the widget cannot receive pointer events.
The finder corresponds to this RenderBox: RenderSemanticsAnnotations#6da82 relayoutBoundary=up8 NEEDS-PAINT
The hit test result at that offset is: HitTestResult(RenderPointerListener#f29db@Offset(524.0, 349.0), RenderSemanticsAnnotations#17142@Offset(524.0, 349.0), RenderSemanticsAnnotations#6f5e6@Offset(524.0, 349.0), RenderSemanticsAnnotations#8bd5c@Offset(524.0, 349.0), RenderSemanticsAnnotations#e0b78@Offset(524.0, 349.0), RenderTapRegionSurface#4fea6@Offset(524.0, 349.0), RenderSemanticsAnnotations#514c0@Offset(524.0, 349.0), RenderSemanticsAnnotations#a76ae@Offset(524.0, 349.0), RenderSemanticsAnnotations#d5f31@Offset(524.0, 349.0), RenderRepaintBoundary#9c065@Offset(524.0, 349.0), HitTestEntry<HitTestTarget>#dc5fc(_ReusableRenderView#d362c), HitTestEntry<HitTestTarget>#6d4c6(<ConfigurationCaptureBinding>))
#0      WidgetController._getElementPoint (package:flutter_test/src/controller.dart:2165:25)
#1      WidgetController.getCenter (package:flutter_test/src/controller.dart:1947:12)
#2      WidgetController.tap (package:flutter_test/src/controller.dart:1080:7)
#3      main.<anonymous closure> (file:///Users/robinfai/flutter_projects/ianvs-terminal/example/test/shell/mobile_terminal_modes_test.dart:357:20)
<asynchronous suspension>
#4      testWidgets.<anonymous closure>.<anonymous closure> (package:flutter_test/src/widget_tester.dart:192:15)
<asynchronous suspension>
#5      TestWidgetsFlutterBinding._runTestBody (package:flutter_test/src/binding.dart:1952:5)
<asynchronous suspension>
#6      StackZoneSpecification._registerCallback.<anonymous closure> (package:stack_trace/src/stack_zone_specification.dart:114:42)
<asynchronous suspension>
To silence this warning, pass "warnIfMissed: false" to "tap()".
To make this warning fatal, set WidgetController.hitTestWarningShouldBeFatal to true.

00:08 +281: /Users/robinfai/flutter_projects/ianvs-terminal/example/test/shell/mobile_terminal_modes_test.dart: SSH failure keeps AI draft and output on macOS
00:08 +282: /Users/robinfai/flutter_projects/ianvs-terminal/example/test/shell/mobile_terminal_modes_test.dart: SSH failure keeps AI draft and output on macOS
00:08 +283: /Users/robinfai/flutter_projects/ianvs-terminal/example/test/shell/mobile_terminal_modes_test.dart: SSH failure keeps AI draft and output on macOS
00:08 +284: /Users/robinfai/flutter_projects/ianvs-terminal/example/test/shell/mobile_terminal_modes_test.dart: SSH failure keeps AI draft and output on macOS
00:08 +285: /Users/robinfai/flutter_projects/ianvs-terminal/example/test/shell/mobile_terminal_modes_test.dart: SSH failure keeps AI draft and output on macOS
00:08 +286: /Users/robinfai/flutter_projects/ianvs-terminal/example/test/shell/mobile_terminal_modes_test.dart: SSH failure keeps AI draft and output on macOS
00:08 +287: /Users/robinfai/flutter_projects/ianvs-terminal/example/test/shell/mobile_terminal_modes_test.dart: SSH failure keeps AI draft and output on macOS
00:08 +288: /Users/robinfai/flutter_projects/ianvs-terminal/example/test/shell/mobile_terminal_modes_test.dart: SSH failure keeps AI draft and output on macOS
00:08 +289: /Users/robinfai/flutter_projects/ianvs-terminal/example/test/shell/mobile_terminal_modes_test.dart: SSH failure keeps AI draft and output on macOS
00:08 +290: /Users/robinfai/flutter_projects/ianvs-terminal/example/test/shell/mobile_terminal_modes_test.dart: SSH failure keeps AI draft and output on macOS
00:08 +291: /Users/robinfai/flutter_projects/ianvs-terminal/example/test/shell/mobile_terminal_modes_test.dart: SSH failure keeps AI draft and output on macOS
00:08 +292: /Users/robinfai/flutter_projects/ianvs-terminal/example/test/shell/mobile_terminal_modes_test.dart: SSH failure keeps AI draft and output on macOS
00:08 +293: /Users/robinfai/flutter_projects/ianvs-terminal/example/test/shell/mobile_terminal_modes_test.dart: SSH failure keeps AI draft and output on macOS
00:08 +294: /Users/robinfai/flutter_projects/ianvs-terminal/example/test/shell/mobile_terminal_modes_test.dart: SSH failure keeps AI draft and output on macOS
00:08 +295: /Users/robinfai/flutter_projects/ianvs-terminal/example/test/shell/mobile_terminal_modes_test.dart: SSH failure keeps AI draft and output on macOS
00:08 +296: /Users/robinfai/flutter_projects/ianvs-terminal/example/test/shell/mobile_terminal_modes_test.dart: SSH failure keeps AI draft and output on macOS
00:08 +297: /Users/robinfai/flutter_projects/ianvs-terminal/example/test/shell/mobile_terminal_modes_test.dart: SSH failure keeps AI draft and output on macOS
00:08 +298: /Users/robinfai/flutter_projects/ianvs-terminal/example/test/shell/mobile_terminal_modes_test.dart: SSH failure keeps AI draft and output on macOS
00:08 +299: /Users/robinfai/flutter_projects/ianvs-terminal/example/test/shell/mobile_terminal_modes_test.dart: SSH failure keeps AI draft and output on macOS
00:08 +300: /Users/robinfai/flutter_projects/ianvs-terminal/example/test/shell/mobile_terminal_modes_test.dart: SSH failure keeps AI draft and output on macOS
00:08 +301: /Users/robinfai/flutter_projects/ianvs-terminal/example/test/shell/shell_screen_phase1b_test.dart: overflow menu only dots hidden tabs with new output
00:08 +302: /Users/robinfai/flutter_projects/ianvs-terminal/example/test/shell/shell_screen_phase1b_test.dart: overflow menu only dots hidden tabs with new output
00:08 +303: /Users/robinfai/flutter_projects/ianvs-terminal/example/test/shell/shell_screen_phase1b_test.dart: overflow menu only dots hidden tabs with new output
00:08 +304: /Users/robinfai/flutter_projects/ianvs-terminal/example/test/shell/shell_screen_phase1b_test.dart: overflow menu only dots hidden tabs with new output
00:08 +305: /Users/robinfai/flutter_projects/ianvs-terminal/example/test/shell/shell_screen_phase1b_test.dart: overflow menu only dots hidden tabs with new output
00:09 +306: /Users/robinfai/flutter_projects/ianvs-terminal/example/test/shell/shell_screen_phase4_test.dart: defaults dialog saves OSC 52 ask policy
00:09 +307: /Users/robinfai/flutter_projects/ianvs-terminal/example/test/shell/shell_screen_phase4_test.dart: defaults dialog saves OSC 52 ask policy
00:09 +308: /Users/robinfai/flutter_projects/ianvs-terminal/example/test/shell/shell_screen_phase4_test.dart: defaults dialog saves OSC 52 ask policy
00:09 +309: /Users/robinfai/flutter_projects/ianvs-terminal/example/test/shell/shell_screen_phase4_test.dart: defaults dialog saves OSC 52 ask policy
00:09 +310: /Users/robinfai/flutter_projects/ianvs-terminal/example/test/shell/shell_screen_phase4_test.dart: defaults dialog saves OSC 52 ask policy
00:09 +311: /Users/robinfai/flutter_projects/ianvs-terminal/example/test/shell/shell_screen_phase4_test.dart: defaults dialog saves OSC 52 ask policy
00:09 +312: /Users/robinfai/flutter_projects/ianvs-terminal/example/test/shell/shell_screen_phase4_test.dart: defaults dialog saves OSC 52 ask policy
00:09 +313: /Users/robinfai/flutter_projects/ianvs-terminal/example/test/shell/shell_screen_phase4_test.dart: defaults dialog saves OSC 52 ask policy
00:09 +314: /Users/robinfai/flutter_projects/ianvs-terminal/example/test/shell/mobile_terminal_modes_test.dart: SSH failure keeps AI draft and output on iOS
00:09 +315: /Users/robinfai/flutter_projects/ianvs-terminal/example/test/shell/mobile_terminal_modes_test.dart: SSH failure keeps AI draft and output on iOS
00:09 +316: /Users/robinfai/flutter_projects/ianvs-terminal/example/test/shell/mobile_terminal_modes_test.dart: SSH failure keeps AI draft and output on iOS

Warning: A call to tap() with finder "Found 1 widget with key [<'ai-terminal-settings'>]: [
  TextButton-[<'ai-terminal-settings'>](dirty, dependencies: [IconTheme, InheritedCupertinoTheme, MediaQuery, _InheritedTheme, _LocalizationsScope-[GlobalKey#e4afb], _ScrollableScope], state: _ButtonStyleState#9cc91),
]" derived an Offset (Offset(253.0, 518.0)) that would not hit test on the specified widget.
Maybe the widget is actually off-screen, or another widget is obscuring it, or the widget cannot receive pointer events.
The finder corresponds to this RenderBox: RenderSemanticsAnnotations#3ba25 relayoutBoundary=up8 NEEDS-PAINT
The hit test result at that offset is: HitTestResult(RenderPointerListener#8bcd0@Offset(253.0, 518.0), RenderSemanticsAnnotations#c7952@Offset(253.0, 518.0), RenderSemanticsAnnotations#acf26@Offset(253.0, 518.0), RenderSemanticsAnnotations#5554c@Offset(253.0, 518.0), RenderSemanticsAnnotations#fe295@Offset(253.0, 518.0), RenderTapRegionSurface#bb3c9@Offset(253.0, 518.0), RenderSemanticsAnnotations#87e7e@Offset(253.0, 518.0), RenderSemanticsAnnotations#555d6@Offset(253.0, 518.0), RenderSemanticsAnnotations#6ee9e@Offset(253.0, 518.0), RenderRepaintBoundary#a4fb6@Offset(253.0, 518.0), HitTestEntry<HitTestTarget>#95f97(_ReusableRenderView#d362c), HitTestEntry<HitTestTarget>#68c78(<ConfigurationCaptureBinding>))
#0      WidgetController._getElementPoint (package:flutter_test/src/controller.dart:2165:25)
#1      WidgetController.getCenter (package:flutter_test/src/controller.dart:1947:12)
#2      WidgetController.tap (package:flutter_test/src/controller.dart:1080:7)
#3      main.<anonymous closure> (file:///Users/robinfai/flutter_projects/ianvs-terminal/example/test/shell/mobile_terminal_modes_test.dart:357:20)
<asynchronous suspension>
#4      testWidgets.<anonymous closure>.<anonymous closure> (package:flutter_test/src/widget_tester.dart:192:15)
<asynchronous suspension>
#5      TestWidgetsFlutterBinding._runTestBody (package:flutter_test/src/binding.dart:1952:5)
<asynchronous suspension>
#6      StackZoneSpecification._registerCallback.<anonymous closure> (package:stack_trace/src/stack_zone_specification.dart:114:42)
<asynchronous suspension>
To silence this warning, pass "warnIfMissed: false" to "tap()".
To make this warning fatal, set WidgetController.hitTestWarningShouldBeFatal to true.

00:09 +317: /Users/robinfai/flutter_projects/ianvs-terminal/example/test/shell/mobile_terminal_modes_test.dart: SSH failure keeps AI draft and output on iOS
00:09 +318: /Users/robinfai/flutter_projects/ianvs-terminal/example/test/shell/mobile_terminal_modes_test.dart: SSH failure keeps AI draft and output on iOS
00:09 +319: /Users/robinfai/flutter_projects/ianvs-terminal/example/test/shell/mobile_terminal_modes_test.dart: SSH failure keeps AI draft and output on iOS
00:09 +320: /Users/robinfai/flutter_projects/ianvs-terminal/example/test/shell/mobile_terminal_modes_test.dart: SSH failure keeps AI draft and output on iOS
00:09 +321: /Users/robinfai/flutter_projects/ianvs-terminal/example/test/shell/mobile_terminal_modes_test.dart: SSH failure keeps AI draft and output on iOS
00:10 +322: /Users/robinfai/flutter_projects/ianvs-terminal/example/test/shell/mobile_terminal_modes_test.dart: SSH failure keeps AI draft and output on iOS
00:10 +323: /Users/robinfai/flutter_projects/ianvs-terminal/example/test/shell/shell_profile_save_feedback_test.dart: importing an OpenSSH profile saves without connecting
00:10 +324: /Users/robinfai/flutter_projects/ianvs-terminal/example/test/shell/shell_profile_save_feedback_test.dart: importing an OpenSSH profile saves without connecting
00:10 +325: /Users/robinfai/flutter_projects/ianvs-terminal/example/test/shell/shell_profile_save_feedback_test.dart: importing an OpenSSH profile saves without connecting
00:10 +326: /Users/robinfai/flutter_projects/ianvs-terminal/example/test/shell/shell_profile_save_feedback_test.dart: importing an OpenSSH profile saves without connecting
00:10 +327: /Users/robinfai/flutter_projects/ianvs-terminal/example/test/shell/shell_profile_save_feedback_test.dart: importing an OpenSSH profile saves without connecting
00:10 +328: /Users/robinfai/flutter_projects/ianvs-terminal/example/test/shell/shell_profile_save_feedback_test.dart: importing an OpenSSH profile saves without connecting
00:10 +329: /Users/robinfai/flutter_projects/ianvs-terminal/example/test/shell/shell_profile_save_feedback_test.dart: importing an OpenSSH profile saves without connecting
00:10 +330: /Users/robinfai/flutter_projects/ianvs-terminal/example/test/shell/shell_profile_save_feedback_test.dart: importing an OpenSSH profile saves without connecting
00:10 +331: /Users/robinfai/flutter_projects/ianvs-terminal/example/test/shell/shell_profile_save_feedback_test.dart: importing an OpenSSH profile saves without connecting
00:10 +332: /Users/robinfai/flutter_projects/ianvs-terminal/example/test/shell/shell_terminal_at_folder_test.dart: command palette omits the folder-specific new tab action
00:10 +333: /Users/robinfai/flutter_projects/ianvs-terminal/example/test/shell/shell_terminal_at_folder_test.dart: command palette omits the folder-specific new tab action
00:10 +334: /Users/robinfai/flutter_projects/ianvs-terminal/example/test/shell/shell_terminal_at_folder_test.dart: command palette omits the folder-specific new tab action
00:10 +335: /Users/robinfai/flutter_projects/ianvs-terminal/example/test/shell/shell_terminal_at_folder_test.dart: command palette omits the folder-specific new tab action
00:10 +336: /Users/robinfai/flutter_projects/ianvs-terminal/example/test/shell/shell_terminal_at_folder_test.dart: command palette omits the folder-specific new tab action
00:10 +337: /Users/robinfai/flutter_projects/ianvs-terminal/example/test/shell/shell_screen_phase3_test.dart: editing a profile in the GUI only affects new sessions
00:11 +338: /Users/robinfai/flutter_projects/ianvs-terminal/example/test/shell/shell_screen_phase3_test.dart: editing a profile in the GUI only affects new sessions
00:11 +339: /Users/robinfai/flutter_projects/ianvs-terminal/example/test/shell/shell_screen_phase3_test.dart: editing a profile in the GUI only affects new sessions
00:11 +340: /Users/robinfai/flutter_projects/ianvs-terminal/example/test/shell/shell_screen_phase3_test.dart: editing a profile in the GUI only affects new sessions
00:11 +341: /Users/robinfai/flutter_projects/ianvs-terminal/example/test/shell/shell_screen_phase3_test.dart: editing a profile in the GUI only affects new sessions
00:11 +342: /Users/robinfai/flutter_projects/ianvs-terminal/example/test/shell/shell_screen_phase3_test.dart: editing a profile in the GUI only affects new sessions
00:11 +343: /Users/robinfai/flutter_projects/ianvs-terminal/example/test/shell/shell_screen_phase3_test.dart: editing a profile in the GUI only affects new sessions
00:11 +344: /Users/robinfai/flutter_projects/ianvs-terminal/example/test/shell/shell_screen_phase3_test.dart: editing a profile in the GUI only affects new sessions
00:11 +345: /Users/robinfai/flutter_projects/ianvs-terminal/example/test/shell/shell_screen_phase3_test.dart: editing a profile in the GUI only affects new sessions
00:11 +346: /Users/robinfai/flutter_projects/ianvs-terminal/example/test/shell/shell_screen_phase3_test.dart: editing a profile in the GUI only affects new sessions
00:11 +347: /Users/robinfai/flutter_projects/ianvs-terminal/example/test/shell/shell_screen_phase3_test.dart: editing a profile in the GUI only affects new sessions
00:11 +348: /Users/robinfai/flutter_projects/ianvs-terminal/example/test/shell/shell_screen_phase3_test.dart: editing a profile in the GUI only affects new sessions
00:11 +349: /Users/robinfai/flutter_projects/ianvs-terminal/example/test/shell/shell_screen_phase3_test.dart: editing a profile in the GUI only affects new sessions
00:11 +350: /Users/robinfai/flutter_projects/ianvs-terminal/example/test/shell/shell_screen_phase3_test.dart: editing a profile in the GUI only affects new sessions
00:11 +351: /Users/robinfai/flutter_projects/ianvs-terminal/example/test/shell/shell_screen_phase3_test.dart: editing a profile in the GUI only affects new sessions
00:11 +352: /Users/robinfai/flutter_projects/ianvs-terminal/example/test/shell/shell_screen_phase3_test.dart: editing a profile in the GUI only affects new sessions
00:11 +353: /Users/robinfai/flutter_projects/ianvs-terminal/example/test/shell/mobile_terminal_modes_test.dart: phone reader touch selection returns to the retained AI task
00:11 +354: /Users/robinfai/flutter_projects/ianvs-terminal/example/test/shell/mobile_terminal_modes_test.dart: phone reader touch selection returns to the retained AI task
00:11 +355: /Users/robinfai/flutter_projects/ianvs-terminal/example/test/shell/mobile_terminal_modes_test.dart: phone reader touch selection returns to the retained AI task
00:11 +356: /Users/robinfai/flutter_projects/ianvs-terminal/example/test/shell/mobile_terminal_modes_test.dart: phone reader touch selection returns to the retained AI task
00:11 +357: /Users/robinfai/flutter_projects/ianvs-terminal/example/test/shell/mobile_terminal_modes_test.dart: phone reader touch selection returns to the retained AI task
00:11 +358: /Users/robinfai/flutter_projects/ianvs-terminal/example/test/shell/mobile_terminal_modes_test.dart: phone reader touch selection returns to the retained AI task
00:11 +359: /Users/robinfai/flutter_projects/ianvs-terminal/example/test/shell/mobile_terminal_modes_test.dart: phone reader touch selection returns to the retained AI task
00:12 +360: /Users/robinfai/flutter_projects/ianvs-terminal/example/test/shell/mobile_terminal_modes_test.dart: phone reader touch selection returns to the retained AI task
00:12 +361: /Users/robinfai/flutter_projects/ianvs-terminal/example/test/shell/mobile_terminal_modes_test.dart: phone reader touch selection returns to the retained AI task
00:12 +362: /Users/robinfai/flutter_projects/ianvs-terminal/example/test/shell/mobile_terminal_modes_test.dart: phone reader touch selection returns to the retained AI task
00:12 +363: /Users/robinfai/flutter_projects/ianvs-terminal/example/test/shell/mobile_terminal_modes_test.dart: phone reader touch selection returns to the retained AI task
00:12 +364: /Users/robinfai/flutter_projects/ianvs-terminal/example/test/shell/mobile_terminal_modes_test.dart: phone reader touch selection returns to the retained AI task
00:12 +365: /Users/robinfai/flutter_projects/ianvs-terminal/example/test/shell/mobile_terminal_modes_test.dart: phone reader touch selection returns to the retained AI task
00:12 +366: /Users/robinfai/flutter_projects/ianvs-terminal/example/test/shell/mobile_terminal_modes_test.dart: phone reader touch selection returns to the retained AI task
00:12 +367: /Users/robinfai/flutter_projects/ianvs-terminal/example/test/shell/mobile_terminal_modes_test.dart: phone reader touch selection returns to the retained AI task
00:12 +368: /Users/robinfai/flutter_projects/ianvs-terminal/example/test/shell/mobile_terminal_modes_test.dart: phone reader touch selection returns to the retained AI task
00:12 +369: /Users/robinfai/flutter_projects/ianvs-terminal/example/test/shell/mobile_terminal_modes_test.dart: phone reader touch selection returns to the retained AI task
00:12 +370: /Users/robinfai/flutter_projects/ianvs-terminal/example/test/shell/mobile_terminal_modes_test.dart: phone reader touch selection returns to the retained AI task
00:12 +371: /Users/robinfai/flutter_projects/ianvs-terminal/example/test/shell/mobile_terminal_modes_test.dart: phone reader touch selection returns to the retained AI task
00:12 +372: /Users/robinfai/flutter_projects/ianvs-terminal/example/test/shell/mobile_terminal_modes_test.dart: phone reader touch selection returns to the retained AI task
00:12 +373: /Users/robinfai/flutter_projects/ianvs-terminal/example/test/shell/mobile_terminal_modes_test.dart: phone reader touch selection returns to the retained AI task
00:12 +374: /Users/robinfai/flutter_projects/ianvs-terminal/example/test/shell/mobile_terminal_modes_test.dart: phone reader touch selection returns to the retained AI task
00:12 +375: /Users/robinfai/flutter_projects/ianvs-terminal/example/test/shell/mobile_terminal_modes_test.dart: phone reader touch selection returns to the retained AI task
00:12 +376: /Users/robinfai/flutter_projects/ianvs-terminal/example/test/shell/mobile_terminal_modes_test.dart: phone reader touch selection returns to the retained AI task
00:12 +377: /Users/robinfai/flutter_projects/ianvs-terminal/example/test/shell/mobile_terminal_modes_test.dart: phone reader touch selection returns to the retained AI task
00:12 +378: /Users/robinfai/flutter_projects/ianvs-terminal/example/test/shell/mobile_terminal_modes_test.dart: phone reader touch selection returns to the retained AI task
00:12 +379: /Users/robinfai/flutter_projects/ianvs-terminal/example/test/shell/mobile_terminal_modes_test.dart: phone reader touch selection returns to the retained AI task
00:12 +380: /Users/robinfai/flutter_projects/ianvs-terminal/example/test/shell/mobile_terminal_modes_test.dart: phone reader touch selection returns to the retained AI task
00:12 +381: /Users/robinfai/flutter_projects/ianvs-terminal/example/test/shell/mobile_terminal_modes_test.dart: phone reader touch selection returns to the retained AI task
00:12 +382: /Users/robinfai/flutter_projects/ianvs-terminal/example/test/shell/mobile_terminal_modes_test.dart: phone reader touch selection returns to the retained AI task
00:12 +383: /Users/robinfai/flutter_projects/ianvs-terminal/example/test/shell/mobile_terminal_modes_test.dart: phone reader touch selection returns to the retained AI task
00:12 +384: /Users/robinfai/flutter_projects/ianvs-terminal/example/test/shell/mobile_terminal_modes_test.dart: phone reader touch selection returns to the retained AI task
00:12 +385: /Users/robinfai/flutter_projects/ianvs-terminal/example/test/shell/mobile_terminal_modes_test.dart: phone reader touch selection returns to the retained AI task
00:12 +386: /Users/robinfai/flutter_projects/ianvs-terminal/example/test/shell/mobile_terminal_modes_test.dart: phone reader touch selection returns to the retained AI task
00:12 +387: /Users/robinfai/flutter_projects/ianvs-terminal/example/test/shell/mobile_terminal_modes_test.dart: phone reader touch selection returns to the retained AI task
00:12 +388: /Users/robinfai/flutter_projects/ianvs-terminal/example/test/shell/mobile_terminal_modes_test.dart: phone reader touch selection returns to the retained AI task
00:12 +389: /Users/robinfai/flutter_projects/ianvs-terminal/example/test/shell/mobile_terminal_modes_test.dart: phone reader touch selection returns to the retained AI task
00:12 +390: /Users/robinfai/flutter_projects/ianvs-terminal/example/test/shell/mobile_terminal_modes_test.dart: phone reader touch selection returns to the retained AI task
00:12 +391: /Users/robinfai/flutter_projects/ianvs-terminal/example/test/shell/mobile_terminal_modes_test.dart: phone reader touch selection returns to the retained AI task
00:12 +392: /Users/robinfai/flutter_projects/ianvs-terminal/example/test/shell/mobile_terminal_modes_test.dart: phone reader touch selection returns to the retained AI task
00:12 +393: /Users/robinfai/flutter_projects/ianvs-terminal/example/test/shell/mobile_terminal_modes_test.dart: phone reader touch selection returns to the retained AI task
00:12 +394: /Users/robinfai/flutter_projects/ianvs-terminal/example/test/shell/mobile_terminal_modes_test.dart: phone reader touch selection returns to the retained AI task
00:12 +395: /Users/robinfai/flutter_projects/ianvs-terminal/example/test/shell/mobile_terminal_modes_test.dart: phone reader touch selection returns to the retained AI task
00:12 +396: /Users/robinfai/flutter_projects/ianvs-terminal/example/test/shell/shell_screen_phase4_test.dart: OSC 8 file links ask before opening
00:12 +397: /Users/robinfai/flutter_projects/ianvs-terminal/example/test/shell/shell_screen_phase4_test.dart: OSC 8 file links ask before opening
00:12 +398: /Users/robinfai/flutter_projects/ianvs-terminal/example/test/shell/shell_screen_phase4_test.dart: OSC 8 file links ask before opening
00:12 +399: /Users/robinfai/flutter_projects/ianvs-terminal/example/test/shell/shell_screen_phase4_test.dart: OSC 8 file links ask before opening
00:12 +400: /Users/robinfai/flutter_projects/ianvs-terminal/example/test/shell/shell_screen_phase4_test.dart: OSC 8 file links ask before opening
00:13 +401: /Users/robinfai/flutter_projects/ianvs-terminal/example/test/shell/mobile_terminal_modes_test.dart: phone TUI grid and input ownership portrait
00:13 +402: /Users/robinfai/flutter_projects/ianvs-terminal/example/test/shell/mobile_terminal_modes_test.dart: phone TUI grid and input ownership portrait
00:13 +403: /Users/robinfai/flutter_projects/ianvs-terminal/example/test/shell/mobile_terminal_modes_test.dart: phone TUI grid and input ownership portrait
00:13 +404: /Users/robinfai/flutter_projects/ianvs-terminal/example/test/shell/mobile_terminal_modes_test.dart: phone TUI grid and input ownership portrait
00:13 +405: /Users/robinfai/flutter_projects/ianvs-terminal/example/test/shell/mobile_terminal_modes_test.dart: phone TUI grid and input ownership portrait
00:13 +406: /Users/robinfai/flutter_projects/ianvs-terminal/example/test/shell/mobile_terminal_modes_test.dart: phone TUI grid and input ownership portrait
00:13 +407: /Users/robinfai/flutter_projects/ianvs-terminal/example/test/shell/mobile_terminal_modes_test.dart: phone TUI grid and input ownership portrait
00:13 +408: /Users/robinfai/flutter_projects/ianvs-terminal/example/test/shell/mobile_terminal_modes_test.dart: phone TUI grid and input ownership portrait
00:13 +409: /Users/robinfai/flutter_projects/ianvs-terminal/example/test/shell/mobile_terminal_modes_test.dart: phone TUI grid and input ownership portrait
00:13 +410: /Users/robinfai/flutter_projects/ianvs-terminal/example/test/shell/mobile_terminal_modes_test.dart: phone TUI grid and input ownership portrait
00:13 +411: /Users/robinfai/flutter_projects/ianvs-terminal/example/test/shell/mobile_terminal_modes_test.dart: phone TUI grid and input ownership portrait
00:13 +412: /Users/robinfai/flutter_projects/ianvs-terminal/example/test/shell/mobile_terminal_modes_test.dart: phone TUI grid and input ownership portrait
00:13 +413: /Users/robinfai/flutter_projects/ianvs-terminal/example/test/shell/mobile_terminal_modes_test.dart: phone TUI grid and input ownership portrait
00:13 +414: /Users/robinfai/flutter_projects/ianvs-terminal/example/test/shell/mobile_terminal_modes_test.dart: phone TUI grid and input ownership portrait
00:13 +415: /Users/robinfai/flutter_projects/ianvs-terminal/example/test/shell/mobile_terminal_modes_test.dart: phone TUI grid and input ownership portrait
00:13 +416: /Users/robinfai/flutter_projects/ianvs-terminal/example/test/shell/mobile_terminal_modes_test.dart: phone TUI grid and input ownership portrait
00:13 +417: /Users/robinfai/flutter_projects/ianvs-terminal/example/test/shell/mobile_terminal_modes_test.dart: phone TUI grid and input ownership portrait
00:13 +418: /Users/robinfai/flutter_projects/ianvs-terminal/example/test/shell/mobile_terminal_modes_test.dart: phone TUI grid and input ownership portrait
00:13 +419: /Users/robinfai/flutter_projects/ianvs-terminal/example/test/shell/mobile_terminal_modes_test.dart: phone TUI grid and input ownership portrait
00:13 +420: /Users/robinfai/flutter_projects/ianvs-terminal/example/test/shell/mobile_terminal_modes_test.dart: phone TUI grid and input ownership portrait
00:13 +421: /Users/robinfai/flutter_projects/ianvs-terminal/example/test/shell/shell_recording_library_test.dart: recording panel opens a saved recording and a picked file
00:13 +422: /Users/robinfai/flutter_projects/ianvs-terminal/example/test/shell/shell_recording_library_test.dart: recording panel opens a saved recording and a picked file
00:13 +423: /Users/robinfai/flutter_projects/ianvs-terminal/example/test/shell/shell_recording_library_test.dart: recording panel opens a saved recording and a picked file
00:14 +424: /Users/robinfai/flutter_projects/ianvs-terminal/example/test/shell/shell_recording_library_test.dart: recording panel opens a saved recording and a picked file
00:14 +425: /Users/robinfai/flutter_projects/ianvs-terminal/example/test/shell/shell_recording_library_test.dart: recording panel opens a saved recording and a picked file
00:14 +426: /Users/robinfai/flutter_projects/ianvs-terminal/example/test/shell/shell_recording_library_test.dart: recording panel opens a saved recording and a picked file
00:14 +427: /Users/robinfai/flutter_projects/ianvs-terminal/example/test/shell/shell_recording_library_test.dart: recording panel opens a saved recording and a picked file
00:14 +428: /Users/robinfai/flutter_projects/ianvs-terminal/example/test/shell/shell_recording_library_test.dart: recording panel opens a saved recording and a picked file
00:14 +429: /Users/robinfai/flutter_projects/ianvs-terminal/example/test/shell/shell_recording_library_test.dart: recording panel opens a saved recording and a picked file
00:14 +430: /Users/robinfai/flutter_projects/ianvs-terminal/example/test/shell/shell_recording_library_test.dart: recording panel opens a saved recording and a picked file
00:14 +431: /Users/robinfai/flutter_projects/ianvs-terminal/example/test/shell/shell_recording_library_test.dart: recording panel opens a saved recording and a picked file
00:14 +432: /Users/robinfai/flutter_projects/ianvs-terminal/example/test/shell/shell_recording_library_test.dart: recording panel opens a saved recording and a picked file
00:14 +433: /Users/robinfai/flutter_projects/ianvs-terminal/example/test/shell/shell_recording_library_test.dart: recording panel opens a saved recording and a picked file
00:14 +434: /Users/robinfai/flutter_projects/ianvs-terminal/example/test/shell/shell_recording_library_test.dart: recording panel opens a saved recording and a picked file
00:14 +435: /Users/robinfai/flutter_projects/ianvs-terminal/example/test/shell/shell_recording_library_test.dart: recording panel opens a saved recording and a picked file
00:14 +436: /Users/robinfai/flutter_projects/ianvs-terminal/example/test/shell/shell_recording_library_test.dart: recording panel opens a saved recording and a picked file
00:14 +437: /Users/robinfai/flutter_projects/ianvs-terminal/example/test/shell/shell_recording_library_test.dart: recording panel opens a saved recording and a picked file
00:14 +438: /Users/robinfai/flutter_projects/ianvs-terminal/example/test/shell/shell_recording_library_test.dart: recording panel opens a saved recording and a picked file
00:14 +439: /Users/robinfai/flutter_projects/ianvs-terminal/example/test/shell/shell_recording_library_test.dart: recording panel opens a saved recording and a picked file
00:14 +440: /Users/robinfai/flutter_projects/ianvs-terminal/example/test/shell/shell_recording_library_test.dart: recording panel opens a saved recording and a picked file
00:14 +441: /Users/robinfai/flutter_projects/ianvs-terminal/example/test/shell/shell_recording_library_test.dart: recording panel opens a saved recording and a picked file
00:14 +442: /Users/robinfai/flutter_projects/ianvs-terminal/example/test/shell/shell_recording_library_test.dart: recording panel opens a saved recording and a picked file
00:14 +443: /Users/robinfai/flutter_projects/ianvs-terminal/example/test/shell/shell_recording_library_test.dart: recording panel opens a saved recording and a picked file
00:14 +444: /Users/robinfai/flutter_projects/ianvs-terminal/example/test/shell/shell_recording_library_test.dart: recording panel opens a saved recording and a picked file
00:14 +445: /Users/robinfai/flutter_projects/ianvs-terminal/example/test/shell/shell_recording_library_test.dart: recording panel opens a saved recording and a picked file
00:14 +446: /Users/robinfai/flutter_projects/ianvs-terminal/example/test/shell/shell_recording_library_test.dart: recording panel opens a saved recording and a picked file
00:14 +447: /Users/robinfai/flutter_projects/ianvs-terminal/example/test/shell/shell_recording_library_test.dart: recording panel opens a saved recording and a picked file
00:14 +448: /Users/robinfai/flutter_projects/ianvs-terminal/example/test/shell/shell_recording_library_test.dart: recording panel opens a saved recording and a picked file
00:14 +449: /Users/robinfai/flutter_projects/ianvs-terminal/example/test/shell/shell_recording_library_test.dart: recording panel opens a saved recording and a picked file
00:14 +450: /Users/robinfai/flutter_projects/ianvs-terminal/example/test/shell/shell_recording_library_test.dart: recording panel opens a saved recording and a picked file
00:14 +451: /Users/robinfai/flutter_projects/ianvs-terminal/example/test/shell/shell_recording_library_test.dart: recording panel opens a saved recording and a picked file
00:14 +452: /Users/robinfai/flutter_projects/ianvs-terminal/example/test/shell/shell_recording_library_test.dart: recording panel opens a saved recording and a picked file
00:14 +453: /Users/robinfai/flutter_projects/ianvs-terminal/example/test/shell/shell_recording_library_test.dart: recording panel opens a saved recording and a picked file
00:14 +454: /Users/robinfai/flutter_projects/ianvs-terminal/example/test/shell/shell_recording_library_test.dart: recording panel opens a saved recording and a picked file
00:14 +455: /Users/robinfai/flutter_projects/ianvs-terminal/example/test/shell/shell_recording_library_test.dart: recording panel opens a saved recording and a picked file
00:15 +456: /Users/robinfai/flutter_projects/ianvs-terminal/example/test/shell/shell_recording_library_test.dart: recording panel opens a saved recording and a picked file
00:15 +457: /Users/robinfai/flutter_projects/ianvs-terminal/example/test/shell/shell_recording_library_test.dart: recording panel opens a saved recording and a picked file
00:15 +458: /Users/robinfai/flutter_projects/ianvs-terminal/example/test/shell/shell_recording_library_test.dart: recording panel opens a saved recording and a picked file
00:15 +459: /Users/robinfai/flutter_projects/ianvs-terminal/example/test/shell/shell_recording_library_test.dart: recording panel opens a saved recording and a picked file
00:15 +460: /Users/robinfai/flutter_projects/ianvs-terminal/example/test/shell/shell_recording_library_test.dart: recording panel opens a saved recording and a picked file
00:15 +461: /Users/robinfai/flutter_projects/ianvs-terminal/example/test/shell/shell_recording_library_test.dart: recording panel opens a saved recording and a picked file
00:15 +462: /Users/robinfai/flutter_projects/ianvs-terminal/example/test/shell/shell_recording_library_test.dart: recording panel opens a saved recording and a picked file
00:15 +463: /Users/robinfai/flutter_projects/ianvs-terminal/example/test/shell/shell_recording_library_test.dart: recording panel opens a saved recording and a picked file
00:15 +464: /Users/robinfai/flutter_projects/ianvs-terminal/example/test/shell/shell_recording_library_test.dart: recording panel opens a saved recording and a picked file
00:15 +465: /Users/robinfai/flutter_projects/ianvs-terminal/example/test/shell/shell_recording_library_test.dart: recording panel opens a saved recording and a picked file
00:15 +466: /Users/robinfai/flutter_projects/ianvs-terminal/example/test/shell/shell_recording_library_test.dart: recording panel opens a saved recording and a picked file
00:15 +467: /Users/robinfai/flutter_projects/ianvs-terminal/example/test/shell/shell_recording_library_test.dart: recording panel opens a saved recording and a picked file
00:15 +468: /Users/robinfai/flutter_projects/ianvs-terminal/example/test/shell/shell_recording_library_test.dart: recording panel opens a saved recording and a picked file
00:15 +469: /Users/robinfai/flutter_projects/ianvs-terminal/example/test/shell/shell_recording_library_test.dart: recording panel opens a saved recording and a picked file
00:15 +470: /Users/robinfai/flutter_projects/ianvs-terminal/example/test/shell/shell_recording_library_test.dart: recording panel opens a saved recording and a picked file
00:15 +471: /Users/robinfai/flutter_projects/ianvs-terminal/example/test/shell/shell_recording_library_test.dart: recording panel opens a saved recording and a picked file
00:15 +472: /Users/robinfai/flutter_projects/ianvs-terminal/example/test/shell/shell_recording_library_test.dart: recording panel opens a saved recording and a picked file
00:15 +473: /Users/robinfai/flutter_projects/ianvs-terminal/example/test/shell/shell_recording_library_test.dart: recording panel opens a saved recording and a picked file
00:16 +474: /Users/robinfai/flutter_projects/ianvs-terminal/example/test/shell/shell_recording_library_test.dart: recording panel opens a saved recording and a picked file
00:16 +475: /Users/robinfai/flutter_projects/ianvs-terminal/example/test/shell/shell_recording_library_test.dart: recording panel opens a saved recording and a picked file
00:16 +476: /Users/robinfai/flutter_projects/ianvs-terminal/example/test/shell/shell_recording_library_test.dart: recording panel opens a saved recording and a picked file
00:16 +477: /Users/robinfai/flutter_projects/ianvs-terminal/example/test/shell/shell_recording_library_test.dart: recording panel opens a saved recording and a picked file
00:16 +478: /Users/robinfai/flutter_projects/ianvs-terminal/example/test/shell/shell_recording_library_test.dart: recording panel opens a saved recording and a picked file
00:16 +479: /Users/robinfai/flutter_projects/ianvs-terminal/example/test/shell/shell_recording_library_test.dart: recording panel opens a saved recording and a picked file
00:16 +480: /Users/robinfai/flutter_projects/ianvs-terminal/example/test/shell/shell_recording_library_test.dart: recording panel opens a saved recording and a picked file
00:16 +481: /Users/robinfai/flutter_projects/ianvs-terminal/example/test/shell/shell_recording_library_test.dart: recording panel opens a saved recording and a picked file
00:16 +482: /Users/robinfai/flutter_projects/ianvs-terminal/example/test/shell/shell_recording_library_test.dart: recording panel opens a saved recording and a picked file
00:16 +483: /Users/robinfai/flutter_projects/ianvs-terminal/example/test/shell/shell_recording_library_test.dart: recording panel opens a saved recording and a picked file
00:16 +484: /Users/robinfai/flutter_projects/ianvs-terminal/example/test/shell/shell_recording_library_test.dart: recording panel opens a saved recording and a picked file
00:16 +485: /Users/robinfai/flutter_projects/ianvs-terminal/example/test/shell/shell_recording_library_test.dart: recording panel opens a saved recording and a picked file
00:16 +486: /Users/robinfai/flutter_projects/ianvs-terminal/example/test/shell/shell_recording_library_test.dart: recording panel opens a saved recording and a picked file
00:16 +487: /Users/robinfai/flutter_projects/ianvs-terminal/example/test/shell/shell_recording_library_test.dart: recording panel opens a saved recording and a picked file
00:16 +488: /Users/robinfai/flutter_projects/ianvs-terminal/example/test/shell/shell_recording_library_test.dart: recording panel opens a saved recording and a picked file
00:16 +489: /Users/robinfai/flutter_projects/ianvs-terminal/example/test/shell/shell_recording_library_test.dart: recording panel opens a saved recording and a picked file
00:16 +490: /Users/robinfai/flutter_projects/ianvs-terminal/example/test/shell/shell_recording_library_test.dart: recording panel opens a saved recording and a picked file
00:16 +491: /Users/robinfai/flutter_projects/ianvs-terminal/example/test/shell/shell_recording_lifecycle_test.dart: command palette starts and stops redacted capture without a title bar action
00:16 +492: /Users/robinfai/flutter_projects/ianvs-terminal/example/test/shell/shell_recording_lifecycle_test.dart: command palette starts and stops redacted capture without a title bar action
00:16 +493: /Users/robinfai/flutter_projects/ianvs-terminal/example/test/shell/shell_recording_lifecycle_test.dart: command palette starts and stops redacted capture without a title bar action
00:16 +494: /Users/robinfai/flutter_projects/ianvs-terminal/example/test/shell/shell_recording_lifecycle_test.dart: command palette starts and stops redacted capture without a title bar action
00:16 +495: /Users/robinfai/flutter_projects/ianvs-terminal/example/test/shell/shell_recording_lifecycle_test.dart: command palette starts and stops redacted capture without a title bar action
00:16 +496: /Users/robinfai/flutter_projects/ianvs-terminal/example/test/shell/shell_recording_lifecycle_test.dart: command palette starts and stops redacted capture without a title bar action
00:16 +497: /Users/robinfai/flutter_projects/ianvs-terminal/example/test/shell/shell_screen_phase1a_test.dart: gear command palette opens settings and terminal search
00:17 +498: /Users/robinfai/flutter_projects/ianvs-terminal/example/test/shell/shell_screen_phase1a_test.dart: gear command palette opens settings and terminal search
00:17 +499: /Users/robinfai/flutter_projects/ianvs-terminal/example/test/shell/shell_screen_phase1a_test.dart: gear command palette opens settings and terminal search
00:17 +500: /Users/robinfai/flutter_projects/ianvs-terminal/example/test/shell/shell_screen_phase1a_test.dart: gear command palette opens settings and terminal search
00:17 +501: /Users/robinfai/flutter_projects/ianvs-terminal/example/test/shell/shell_screen_phase1a_test.dart: gear command palette opens settings and terminal search
00:17 +502: /Users/robinfai/flutter_projects/ianvs-terminal/example/test/shell/shell_screen_phase1a_test.dart: gear command palette opens settings and terminal search
00:17 +503: /Users/robinfai/flutter_projects/ianvs-terminal/example/test/shell/shell_screen_phase1a_test.dart: gear command palette opens settings and terminal search
00:17 +504: /Users/robinfai/flutter_projects/ianvs-terminal/example/test/shell/shell_screen_phase1a_test.dart: gear command palette opens settings and terminal search
00:17 +505: /Users/robinfai/flutter_projects/ianvs-terminal/example/test/shell/shell_screen_phase1a_test.dart: gear command palette opens settings and terminal search
00:17 +506: /Users/robinfai/flutter_projects/ianvs-terminal/example/test/shell/shell_screen_phase1a_test.dart: gear command palette opens settings and terminal search
00:17 +507: /Users/robinfai/flutter_projects/ianvs-terminal/example/test/shell/shell_screen_phase1a_test.dart: gear command palette opens settings and terminal search
00:17 +508: /Users/robinfai/flutter_projects/ianvs-terminal/example/test/shell/shell_screen_phase1a_test.dart: gear command palette opens settings and terminal search
00:17 +509: /Users/robinfai/flutter_projects/ianvs-terminal/example/test/shell/terminal_modes_test.dart: desktop tab recheck preserves Normal, draft and the same session
00:17 +510: /Users/robinfai/flutter_projects/ianvs-terminal/example/test/shell/terminal_modes_test.dart: desktop tab recheck preserves Normal, draft and the same session
00:17 +511: /Users/robinfai/flutter_projects/ianvs-terminal/example/test/shell/terminal_modes_test.dart: desktop tab recheck preserves Normal, draft and the same session
00:17 +512: /Users/robinfai/flutter_projects/ianvs-terminal/example/test/shell/terminal_modes_test.dart: desktop tab recheck preserves Normal, draft and the same session
00:17 +513: /Users/robinfai/flutter_projects/ianvs-terminal/example/test/shell/terminal_modes_test.dart: desktop tab recheck preserves Normal, draft and the same session
00:17 +514: /Users/robinfai/flutter_projects/ianvs-terminal/example/test/shell/terminal_modes_test.dart: desktop tab recheck preserves Normal, draft and the same session
00:17 +515: /Users/robinfai/flutter_projects/ianvs-terminal/example/test/shell/terminal_modes_test.dart: desktop tab recheck preserves Normal, draft and the same session
00:17 +516: /Users/robinfai/flutter_projects/ianvs-terminal/example/test/shell/terminal_modes_test.dart: desktop tab recheck preserves Normal, draft and the same session
00:17 +517: /Users/robinfai/flutter_projects/ianvs-terminal/example/test/shell/terminal_modes_test.dart: desktop tab recheck preserves Normal, draft and the same session
00:18 +518: /Users/robinfai/flutter_projects/ianvs-terminal/example/test/shell/terminal_modes_test.dart: desktop tab recheck preserves Normal, draft and the same session
00:18 +519: /Users/robinfai/flutter_projects/ianvs-terminal/example/test/shell/terminal_modes_test.dart: desktop tab recheck preserves Normal, draft and the same session
00:18 +520: /Users/robinfai/flutter_projects/ianvs-terminal/example/test/shell/terminal_modes_test.dart: desktop tab recheck preserves Normal, draft and the same session
00:18 +521: /Users/robinfai/flutter_projects/ianvs-terminal/example/test/shell/terminal_modes_test.dart: desktop tab recheck preserves Normal, draft and the same session
00:18 +522: /Users/robinfai/flutter_projects/ianvs-terminal/example/test/shell/terminal_modes_test.dart: desktop tab recheck preserves Normal, draft and the same session
00:18 +523: /Users/robinfai/flutter_projects/ianvs-terminal/example/test/shell/terminal_modes_test.dart: desktop tab recheck preserves Normal, draft and the same session
00:18 +524: /Users/robinfai/flutter_projects/ianvs-terminal/example/test/shell/terminal_modes_test.dart: desktop tab recheck preserves Normal, draft and the same session
00:18 +525: /Users/robinfai/flutter_projects/ianvs-terminal/example/test/shell/terminal_modes_test.dart: desktop tab recheck preserves Normal, draft and the same session
00:18 +526: /Users/robinfai/flutter_projects/ianvs-terminal/example/test/shell/terminal_modes_test.dart: desktop tab recheck preserves Normal, draft and the same session
00:18 +527: /Users/robinfai/flutter_projects/ianvs-terminal/example/test/shell/terminal_modes_test.dart: desktop tab recheck preserves Normal, draft and the same session
00:18 +528: /Users/robinfai/flutter_projects/ianvs-terminal/example/test/shell/terminal_modes_test.dart: desktop tab recheck preserves Normal, draft and the same session
00:18 +529: /Users/robinfai/flutter_projects/ianvs-terminal/example/test/shell/terminal_modes_test.dart: desktop tab recheck preserves Normal, draft and the same session
00:18 +530: /Users/robinfai/flutter_projects/ianvs-terminal/example/test/shell/terminal_modes_test.dart: desktop tab recheck preserves Normal, draft and the same session
00:18 +531: /Users/robinfai/flutter_projects/ianvs-terminal/example/test/shell/terminal_modes_test.dart: desktop tab recheck preserves Normal, draft and the same session
00:18 +532: /Users/robinfai/flutter_projects/ianvs-terminal/example/test/shell/terminal_modes_test.dart: desktop tab recheck preserves Normal, draft and the same session
00:18 +533: /Users/robinfai/flutter_projects/ianvs-terminal/example/test/shell/terminal_modes_test.dart: desktop tab recheck preserves Normal, draft and the same session
00:18 +534: /Users/robinfai/flutter_projects/ianvs-terminal/example/test/shell/terminal_modes_test.dart: desktop tab recheck preserves Normal, draft and the same session
00:18 +535: /Users/robinfai/flutter_projects/ianvs-terminal/example/test/shell/terminal_modes_test.dart: desktop tab recheck preserves Normal, draft and the same session
00:18 +536: /Users/robinfai/flutter_projects/ianvs-terminal/example/test/shell/terminal_modes_test.dart: desktop tab recheck preserves Normal, draft and the same session
00:19 +537: /Users/robinfai/flutter_projects/ianvs-terminal/example/test/shell/terminal_modes_test.dart: desktop tab recheck preserves Normal, draft and the same session
00:19 +538: /Users/robinfai/flutter_projects/ianvs-terminal/example/test/shell/terminal_modes_test.dart: desktop tab recheck preserves Normal, draft and the same session
00:19 +539: /Users/robinfai/flutter_projects/ianvs-terminal/example/test/shell/shell_recording_library_test.dart: saved recording survives app rebuild and supports search and copy
00:19 +540: /Users/robinfai/flutter_projects/ianvs-terminal/example/test/shell/shell_recording_library_test.dart: saved recording survives app rebuild and supports search and copy
00:19 +541: /Users/robinfai/flutter_projects/ianvs-terminal/example/test/shell/shell_recording_library_test.dart: saved recording survives app rebuild and supports search and copy
00:19 +542: /Users/robinfai/flutter_projects/ianvs-terminal/example/test/shell/shell_recording_library_test.dart: saved recording survives app rebuild and supports search and copy
00:19 +543: /Users/robinfai/flutter_projects/ianvs-terminal/example/test/shell/shell_recording_library_test.dart: saved recording survives app rebuild and supports search and copy
00:19 +544: /Users/robinfai/flutter_projects/ianvs-terminal/example/test/shell/shell_recording_library_test.dart: saved recording survives app rebuild and supports search and copy
00:19 +545: /Users/robinfai/flutter_projects/ianvs-terminal/example/test/shell/shell_recording_library_test.dart: saved recording survives app rebuild and supports search and copy
00:19 +546: /Users/robinfai/flutter_projects/ianvs-terminal/example/test/shell/shell_recording_library_test.dart: saved recording survives app rebuild and supports search and copy
00:19 +547: /Users/robinfai/flutter_projects/ianvs-terminal/example/test/shell/shell_recording_library_test.dart: saved recording survives app rebuild and supports search and copy
00:19 +548: /Users/robinfai/flutter_projects/ianvs-terminal/example/test/shell/shell_recording_library_test.dart: saved recording survives app rebuild and supports search and copy
00:19 +549: /Users/robinfai/flutter_projects/ianvs-terminal/example/test/shell/shell_recording_library_test.dart: saved recording survives app rebuild and supports search and copy
00:20 +550: /Users/robinfai/flutter_projects/ianvs-terminal/example/test/shell/shell_recording_library_test.dart: saved recording survives app rebuild and supports search and copy
00:20 +551: /Users/robinfai/flutter_projects/ianvs-terminal/example/test/shell/shell_recording_library_test.dart: saved recording survives app rebuild and supports search and copy
00:20 +552: /Users/robinfai/flutter_projects/ianvs-terminal/example/test/shell/shell_recording_library_test.dart: saved recording survives app rebuild and supports search and copy
00:20 +553: /Users/robinfai/flutter_projects/ianvs-terminal/example/test/shell/shell_recording_library_test.dart: saved recording survives app rebuild and supports search and copy
00:20 +554: /Users/robinfai/flutter_projects/ianvs-terminal/example/test/shell/shell_recording_library_test.dart: saved recording survives app rebuild and supports search and copy
00:20 +555: /Users/robinfai/flutter_projects/ianvs-terminal/example/test/shell/shell_recording_library_test.dart: saved recording survives app rebuild and supports search and copy
00:20 +556: /Users/robinfai/flutter_projects/ianvs-terminal/example/test/shell/shell_recording_library_test.dart: saved recording survives app rebuild and supports search and copy
00:20 +557: /Users/robinfai/flutter_projects/ianvs-terminal/example/test/shell/shell_recording_library_test.dart: saved recording survives app rebuild and supports search and copy
00:20 +558: /Users/robinfai/flutter_projects/ianvs-terminal/example/test/shell/shell_recording_library_test.dart: saved recording survives app rebuild and supports search and copy
00:20 +559: /Users/robinfai/flutter_projects/ianvs-terminal/example/test/shell/shell_recording_library_test.dart: saved recording survives app rebuild and supports search and copy
00:20 +560: /Users/robinfai/flutter_projects/ianvs-terminal/example/test/shell/shell_recording_library_test.dart: saved recording survives app rebuild and supports search and copy
00:20 +561: /Users/robinfai/flutter_projects/ianvs-terminal/example/test/shell/shell_recording_library_test.dart: saved recording survives app rebuild and supports search and copy
00:20 +562: /Users/robinfai/flutter_projects/ianvs-terminal/example/test/shell/shell_recording_library_test.dart: saved recording survives app rebuild and supports search and copy
00:20 +563: /Users/robinfai/flutter_projects/ianvs-terminal/example/test/shell/shell_recording_library_test.dart: saved recording survives app rebuild and supports search and copy
00:20 +564: /Users/robinfai/flutter_projects/ianvs-terminal/example/test/shell/shell_recording_library_test.dart: saved recording survives app rebuild and supports search and copy
00:20 +565: /Users/robinfai/flutter_projects/ianvs-terminal/example/test/shell/shell_recording_library_test.dart: saved recording survives app rebuild and supports search and copy
00:20 +566: /Users/robinfai/flutter_projects/ianvs-terminal/example/test/shell/shell_recording_library_test.dart: saved recording survives app rebuild and supports search and copy
00:20 +567: /Users/robinfai/flutter_projects/ianvs-terminal/example/test/shell/shell_recording_library_test.dart: saved recording survives app rebuild and supports search and copy
00:20 +568: /Users/robinfai/flutter_projects/ianvs-terminal/example/test/shell/shell_recording_library_test.dart: saved recording survives app rebuild and supports search and copy
00:20 +569: /Users/robinfai/flutter_projects/ianvs-terminal/example/test/shell/mobile_terminal_modes_test.dart: mobile settings save Normal for new sessions only
00:20 +570: /Users/robinfai/flutter_projects/ianvs-terminal/example/test/shell/defaults_appearance_redesign_test.dart: shortcut empty results keep the list width
00:20 +571: /Users/robinfai/flutter_projects/ianvs-terminal/example/test/shell/defaults_appearance_redesign_test.dart: shortcut empty results keep the list width
00:20 +572: /Users/robinfai/flutter_projects/ianvs-terminal/example/test/shell/terminal_modes_test.dart: new session preference and manual choices survive pane moves
00:20 +573: /Users/robinfai/flutter_projects/ianvs-terminal/example/test/shell/terminal_modes_test.dart: new session preference and manual choices survive pane moves
00:20 +574: /Users/robinfai/flutter_projects/ianvs-terminal/example/test/shell/terminal_modes_test.dart: new session preference and manual choices survive pane moves
00:20 +575: /Users/robinfai/flutter_projects/ianvs-terminal/example/test/shell/terminal_modes_test.dart: new session preference and manual choices survive pane moves
00:20 +576: /Users/robinfai/flutter_projects/ianvs-terminal/example/test/shell/terminal_modes_test.dart: new session preference and manual choices survive pane moves
00:21 +577: /Users/robinfai/flutter_projects/ianvs-terminal/example/test/shell/terminal_modes_test.dart: new session preference and manual choices survive pane moves
00:21 +578: /Users/robinfai/flutter_projects/ianvs-terminal/example/test/shell/terminal_modes_test.dart: new session preference and manual choices survive pane moves
00:21 +579: /Users/robinfai/flutter_projects/ianvs-terminal/example/test/shell/terminal_modes_test.dart: new session preference and manual choices survive pane moves
00:21 +580: /Users/robinfai/flutter_projects/ianvs-terminal/example/test/shell/terminal_modes_test.dart: new session preference and manual choices survive pane moves
00:21 +581: /Users/robinfai/flutter_projects/ianvs-terminal/example/test/shell/terminal_modes_test.dart: new session preference and manual choices survive pane moves
00:21 +582: /Users/robinfai/flutter_projects/ianvs-terminal/example/test/shell/terminal_modes_test.dart: new session preference and manual choices survive pane moves
00:21 +583: /Users/robinfai/flutter_projects/ianvs-terminal/example/test/shell/terminal_modes_test.dart: new session preference and manual choices survive pane moves
00:21 +584: /Users/robinfai/flutter_projects/ianvs-terminal/example/test/shell/terminal_modes_test.dart: new session preference and manual choices survive pane moves
00:21 +585: /Users/robinfai/flutter_projects/ianvs-terminal/example/test/shell/terminal_modes_test.dart: new session preference and manual choices survive pane moves
00:21 +586: /Users/robinfai/flutter_projects/ianvs-terminal/example/test/shell/terminal_modes_test.dart: new session preference and manual choices survive pane moves
00:21 +587: /Users/robinfai/flutter_projects/ianvs-terminal/example/test/shell/shell_screen_phase2b_test.dart: launcher close restores terminal viewport focus
00:21 +588: /Users/robinfai/flutter_projects/ianvs-terminal/example/test/shell/shell_screen_phase2b_test.dart: launcher close restores terminal viewport focus
00:21 +589: /Users/robinfai/flutter_projects/ianvs-terminal/example/test/shell/shell_screen_phase2b_test.dart: launcher close restores terminal viewport focus
00:21 +590: /Users/robinfai/flutter_projects/ianvs-terminal/example/test/shell/shell_screen_phase2b_test.dart: launcher close restores terminal viewport focus
00:21 +591: /Users/robinfai/flutter_projects/ianvs-terminal/example/test/shell/shell_screen_phase2b_test.dart: launcher close restores terminal viewport focus
00:21 +592: /Users/robinfai/flutter_projects/ianvs-terminal/example/test/shell/shell_recording_library_test.dart: reselecting the same path rebuilds replay with new content
00:21 +593: /Users/robinfai/flutter_projects/ianvs-terminal/example/test/shell/shell_recording_library_test.dart: reselecting the same path rebuilds replay with new content
00:21 +594: /Users/robinfai/flutter_projects/ianvs-terminal/example/test/shell/shell_recording_library_test.dart: reselecting the same path rebuilds replay with new content
00:21 +595: /Users/robinfai/flutter_projects/ianvs-terminal/example/test/shell/shell_recording_library_test.dart: reselecting the same path rebuilds replay with new content
00:21 +596: /Users/robinfai/flutter_projects/ianvs-terminal/example/test/shell/shell_recording_library_test.dart: reselecting the same path rebuilds replay with new content
00:21 +597: /Users/robinfai/flutter_projects/ianvs-terminal/example/test/shell/shell_recording_library_test.dart: reselecting the same path rebuilds replay with new content
00:21 +598: /Users/robinfai/flutter_projects/ianvs-terminal/example/test/shell/shell_recording_library_test.dart: reselecting the same path rebuilds replay with new content
00:21 +599: /Users/robinfai/flutter_projects/ianvs-terminal/example/test/shell/shell_recording_library_test.dart: reselecting the same path rebuilds replay with new content
00:21 +600: /Users/robinfai/flutter_projects/ianvs-terminal/example/test/shell/shell_recording_library_test.dart: reselecting the same path rebuilds replay with new content
00:21 +601: /Users/robinfai/flutter_projects/ianvs-terminal/example/test/shell/shell_recording_library_test.dart: reselecting the same path rebuilds replay with new content
00:21 +602: /Users/robinfai/flutter_projects/ianvs-terminal/example/test/shell/shell_recording_library_test.dart: reselecting the same path rebuilds replay with new content
00:21 +603: /Users/robinfai/flutter_projects/ianvs-terminal/example/test/shell/shell_recording_library_test.dart: reselecting the same path rebuilds replay with new content
00:21 +604: /Users/robinfai/flutter_projects/ianvs-terminal/example/test/shell/shell_recording_library_test.dart: reselecting the same path rebuilds replay with new content
00:21 +605: /Users/robinfai/flutter_projects/ianvs-terminal/example/test/shell/shell_recording_library_test.dart: reselecting the same path rebuilds replay with new content
00:22 +606: /Users/robinfai/flutter_projects/ianvs-terminal/example/test/shell/shell_screen_phase4_test.dart: form fields keep command and native paste out of the terminal (variant: TargetPlatform.macOS)
00:22 +607: /Users/robinfai/flutter_projects/ianvs-terminal/example/test/shell/defaults_appearance_redesign_test.dart: iPhone settings sections remain reachable at Size(375.0, 667.0) and 1.0x
00:22 +608: /Users/robinfai/flutter_projects/ianvs-terminal/example/test/shell/shell_recording_library_test.dart: Escape from the panel restores replay search focus
00:22 +609: /Users/robinfai/flutter_projects/ianvs-terminal/example/test/shell/shell_recording_library_test.dart: Escape from the panel restores replay search focus
00:22 +610: /Users/robinfai/flutter_projects/ianvs-terminal/example/test/shell/shell_recording_library_test.dart: Escape from the panel restores replay search focus
00:22 +611: /Users/robinfai/flutter_projects/ianvs-terminal/example/test/shell/shell_recording_library_test.dart: Escape from the panel restores replay search focus
00:22 +612: /Users/robinfai/flutter_projects/ianvs-terminal/example/test/shell/shell_recording_library_test.dart: Escape from the panel restores replay search focus
00:22 +613: /Users/robinfai/flutter_projects/ianvs-terminal/example/test/shell/shell_recording_library_test.dart: Escape from the panel restores replay search focus
00:22 +614: /Users/robinfai/flutter_projects/ianvs-terminal/example/test/shell/shell_recording_library_test.dart: Escape from the panel restores replay search focus
00:22 +615: /Users/robinfai/flutter_projects/ianvs-terminal/example/test/shell/shell_recording_library_test.dart: Escape from the panel restores replay search focus
00:22 +616: /Users/robinfai/flutter_projects/ianvs-terminal/example/test/shell/shell_screen_phase4_test.dart: tab context menu can reopen the most recently closed split pane
00:22 +617: /Users/robinfai/flutter_projects/ianvs-terminal/example/test/shell/defaults_appearance_redesign_test.dart: iPhone settings sections remain reachable at Size(402.0, 874.0) and 2.0x
00:22 +618: /Users/robinfai/flutter_projects/ianvs-terminal/example/test/shell/shell_recording_library_test.dart: compact recording replay remains accessible after closing its shelf
00:23 +619: /Users/robinfai/flutter_projects/ianvs-terminal/example/test/shell/shell_recording_library_test.dart: compact recording replay remains accessible after closing its shelf
00:23 +620: /Users/robinfai/flutter_projects/ianvs-terminal/example/test/shell/shell_recording_library_test.dart: compact recording replay remains accessible after closing its shelf
00:23 +621: /Users/robinfai/flutter_projects/ianvs-terminal/example/test/shell/shell_recording_library_test.dart: compact recording replay remains accessible after closing its shelf
00:23 +622: /Users/robinfai/flutter_projects/ianvs-terminal/example/test/shell/shell_recording_library_test.dart: compact recording replay remains accessible after closing its shelf
00:23 +623: /Users/robinfai/flutter_projects/ianvs-terminal/example/test/shell/shell_recording_library_test.dart: compact recording replay remains accessible after closing its shelf
00:23 +624: /Users/robinfai/flutter_projects/ianvs-terminal/example/test/shell/shell_recording_library_test.dart: compact recording replay remains accessible after closing its shelf
00:23 +625: /Users/robinfai/flutter_projects/ianvs-terminal/example/test/shell/shell_recording_library_test.dart: compact recording replay remains accessible after closing its shelf
00:23 +626: /Users/robinfai/flutter_projects/ianvs-terminal/example/test/shell/shell_recording_library_test.dart: compact recording replay remains accessible after closing its shelf
00:23 +627: /Users/robinfai/flutter_projects/ianvs-terminal/example/test/shell/shell_recording_library_test.dart: compact recording replay remains accessible after closing its shelf
00:23 +628: /Users/robinfai/flutter_projects/ianvs-terminal/example/test/shell/shell_recording_library_test.dart: compact recording replay remains accessible after closing its shelf
00:23 +629: /Users/robinfai/flutter_projects/ianvs-terminal/example/test/shell/shell_recording_library_test.dart: compact recording replay remains accessible after closing its shelf
00:23 +630: /Users/robinfai/flutter_projects/ianvs-terminal/example/test/shell/shell_recording_library_test.dart: compact recording replay remains accessible after closing its shelf
00:23 +631: /Users/robinfai/flutter_projects/ianvs-terminal/example/test/shell/shell_recording_library_test.dart: compact recording replay remains accessible after closing its shelf
00:23 +632: /Users/robinfai/flutter_projects/ianvs-terminal/example/test/shell/shell_recording_library_test.dart: compact recording replay remains accessible after closing its shelf
00:23 +633: /Users/robinfai/flutter_projects/ianvs-terminal/example/test/shell/shell_recording_library_test.dart: compact recording replay remains accessible after closing its shelf
00:23 +634: /Users/robinfai/flutter_projects/ianvs-terminal/example/test/shell/shell_recording_library_test.dart: compact recording replay remains accessible after closing its shelf
00:23 +635: /Users/robinfai/flutter_projects/ianvs-terminal/example/test/shell/shell_recording_library_test.dart: compact recording replay remains accessible after closing its shelf
00:23 +636: /Users/robinfai/flutter_projects/ianvs-terminal/example/test/shell/shell_recording_library_test.dart: compact recording replay remains accessible after closing its shelf
00:23 +637: /Users/robinfai/flutter_projects/ianvs-terminal/example/test/shell/shell_recording_library_test.dart: compact recording replay remains accessible after closing its shelf
00:23 +638: /Users/robinfai/flutter_projects/ianvs-terminal/example/test/shell/shell_recording_library_test.dart: compact recording replay remains accessible after closing its shelf
00:23 +639: /Users/robinfai/flutter_projects/ianvs-terminal/example/test/shell/shell_recording_library_test.dart: compact recording replay remains accessible after closing its shelf
00:23 +640: /Users/robinfai/flutter_projects/ianvs-terminal/example/test/shell/shell_recording_library_test.dart: compact recording replay remains accessible after closing its shelf
00:23 +641: /Users/robinfai/flutter_projects/ianvs-terminal/example/test/shell/shell_recording_library_test.dart: compact recording replay remains accessible after closing its shelf
00:23 +642: /Users/robinfai/flutter_projects/ianvs-terminal/example/test/shell/defaults_appearance_redesign_test.dart: iPhone settings sections remain reachable at Size(874.0, 402.0) and 3.0x
00:23 +643: /Users/robinfai/flutter_projects/ianvs-terminal/example/test/sessions/terminal_event_subscription_architecture_test.dart: all production features have one resolved runtime subscription
00:23 +644: /Users/robinfai/flutter_projects/ianvs-terminal/example/test/sessions/terminal_event_subscription_architecture_test.dart: all production features have one resolved runtime subscription
00:23 +645: /Users/robinfai/flutter_projects/ianvs-terminal/example/test/sessions/terminal_event_subscription_architecture_test.dart: all production features have one resolved runtime subscription
00:23 +646: /Users/robinfai/flutter_projects/ianvs-terminal/example/test/sessions/terminal_event_subscription_architecture_test.dart: all production features have one resolved runtime subscription
00:23 +647: /Users/robinfai/flutter_projects/ianvs-terminal/example/test/sessions/terminal_event_subscription_architecture_test.dart: all production features have one resolved runtime subscription
00:23 +648: /Users/robinfai/flutter_projects/ianvs-terminal/example/test/sessions/terminal_event_subscription_architecture_test.dart: all production features have one resolved runtime subscription
00:23 +649: /Users/robinfai/flutter_projects/ianvs-terminal/example/test/sessions/terminal_event_subscription_architecture_test.dart: all production features have one resolved runtime subscription
00:23 +650: /Users/robinfai/flutter_projects/ianvs-terminal/example/test/sessions/terminal_event_subscription_architecture_test.dart: all production features have one resolved runtime subscription
00:23 +651: /Users/robinfai/flutter_projects/ianvs-terminal/example/test/sessions/terminal_event_subscription_architecture_test.dart: all production features have one resolved runtime subscription
00:23 +652: /Users/robinfai/flutter_projects/ianvs-terminal/example/test/sessions/terminal_event_subscription_architecture_test.dart: all production features have one resolved runtime subscription
00:23 +653: /Users/robinfai/flutter_projects/ianvs-terminal/example/test/sessions/terminal_event_subscription_architecture_test.dart: all production features have one resolved runtime subscription
00:23 +654: /Users/robinfai/flutter_projects/ianvs-terminal/example/test/sessions/terminal_event_subscription_architecture_test.dart: all production features have one resolved runtime subscription
00:23 +655: /Users/robinfai/flutter_projects/ianvs-terminal/example/test/sessions/terminal_event_subscription_architecture_test.dart: all production features have one resolved runtime subscription
00:23 +656: /Users/robinfai/flutter_projects/ianvs-terminal/example/test/sessions/terminal_event_subscription_architecture_test.dart: all production features have one resolved runtime subscription
00:23 +657: /Users/robinfai/flutter_projects/ianvs-terminal/example/test/sessions/terminal_event_subscription_architecture_test.dart: all production features have one resolved runtime subscription
00:23 +658: /Users/robinfai/flutter_projects/ianvs-terminal/example/test/sessions/terminal_event_subscription_architecture_test.dart: all production features have one resolved runtime subscription
00:23 +659: /Users/robinfai/flutter_projects/ianvs-terminal/example/test/sessions/terminal_event_subscription_architecture_test.dart: all production features have one resolved runtime subscription
00:23 +660: /Users/robinfai/flutter_projects/ianvs-terminal/example/test/sessions/terminal_event_subscription_architecture_test.dart: all production features have one resolved runtime subscription
00:23 +661: /Users/robinfai/flutter_projects/ianvs-terminal/example/test/sessions/terminal_event_subscription_architecture_test.dart: all production features have one resolved runtime subscription
00:23 +662: /Users/robinfai/flutter_projects/ianvs-terminal/example/test/sessions/terminal_event_subscription_architecture_test.dart: all production features have one resolved runtime subscription
00:23 +663: /Users/robinfai/flutter_projects/ianvs-terminal/example/test/sessions/terminal_event_subscription_architecture_test.dart: all production features have one resolved runtime subscription
00:23 +664: /Users/robinfai/flutter_projects/ianvs-terminal/example/test/sessions/terminal_event_subscription_architecture_test.dart: all production features have one resolved runtime subscription
00:23 +665: /Users/robinfai/flutter_projects/ianvs-terminal/example/test/sessions/terminal_event_subscription_architecture_test.dart: all production features have one resolved runtime subscription
00:23 +666: /Users/robinfai/flutter_projects/ianvs-terminal/example/test/sessions/terminal_event_subscription_architecture_test.dart: all production features have one resolved runtime subscription
00:23 +667: /Users/robinfai/flutter_projects/ianvs-terminal/example/test/sessions/terminal_event_subscription_architecture_test.dart: all production features have one resolved runtime subscription
00:23 +668: /Users/robinfai/flutter_projects/ianvs-terminal/example/test/sessions/terminal_event_subscription_architecture_test.dart: all production features have one resolved runtime subscription
00:23 +669: /Users/robinfai/flutter_projects/ianvs-terminal/example/test/sessions/terminal_event_subscription_architecture_test.dart: all production features have one resolved runtime subscription
00:24 +670: /Users/robinfai/flutter_projects/ianvs-terminal/example/test/sessions/terminal_event_subscription_architecture_test.dart: all production features have one resolved runtime subscription
00:24 +671: /Users/robinfai/flutter_projects/ianvs-terminal/example/test/sessions/terminal_event_subscription_architecture_test.dart: all production features have one resolved runtime subscription
00:24 +672: /Users/robinfai/flutter_projects/ianvs-terminal/example/test/sessions/terminal_event_subscription_architecture_test.dart: all production features have one resolved runtime subscription
00:24 +673: /Users/robinfai/flutter_projects/ianvs-terminal/example/test/sessions/terminal_event_subscription_architecture_test.dart: all production features have one resolved runtime subscription
00:24 +674: /Users/robinfai/flutter_projects/ianvs-terminal/example/test/sessions/terminal_event_subscription_architecture_test.dart: all production features have one resolved runtime subscription
00:24 +675: /Users/robinfai/flutter_projects/ianvs-terminal/example/test/sessions/terminal_event_subscription_architecture_test.dart: all production features have one resolved runtime subscription
00:24 +676: /Users/robinfai/flutter_projects/ianvs-terminal/example/test/sessions/terminal_event_subscription_architecture_test.dart: all production features have one resolved runtime subscription
00:24 +677: /Users/robinfai/flutter_projects/ianvs-terminal/example/test/sessions/terminal_event_subscription_architecture_test.dart: all production features have one resolved runtime subscription
00:24 +678: /Users/robinfai/flutter_projects/ianvs-terminal/example/test/sessions/terminal_event_subscription_architecture_test.dart: all production features have one resolved runtime subscription
00:24 +679: /Users/robinfai/flutter_projects/ianvs-terminal/example/test/sessions/terminal_event_subscription_architecture_test.dart: all production features have one resolved runtime subscription
00:24 +680: /Users/robinfai/flutter_projects/ianvs-terminal/example/test/sessions/terminal_event_subscription_architecture_test.dart: all production features have one resolved runtime subscription
00:24 +681: /Users/robinfai/flutter_projects/ianvs-terminal/example/test/sessions/terminal_event_subscription_architecture_test.dart: all production features have one resolved runtime subscription
00:24 +682: /Users/robinfai/flutter_projects/ianvs-terminal/example/test/sessions/terminal_event_subscription_architecture_test.dart: all production features have one resolved runtime subscription
00:24 +683: /Users/robinfai/flutter_projects/ianvs-terminal/example/test/sessions/terminal_event_subscription_architecture_test.dart: all production features have one resolved runtime subscription
00:24 +684: /Users/robinfai/flutter_projects/ianvs-terminal/example/test/sessions/terminal_event_subscription_architecture_test.dart: all production features have one resolved runtime subscription
00:24 +685: /Users/robinfai/flutter_projects/ianvs-terminal/example/test/sessions/terminal_event_subscription_architecture_test.dart: all production features have one resolved runtime subscription
00:24 +686: /Users/robinfai/flutter_projects/ianvs-terminal/example/test/sessions/terminal_event_subscription_architecture_test.dart: all production features have one resolved runtime subscription
00:24 +687: /Users/robinfai/flutter_projects/ianvs-terminal/example/test/sessions/terminal_event_subscription_architecture_test.dart: all production features have one resolved runtime subscription
00:24 +688: /Users/robinfai/flutter_projects/ianvs-terminal/example/test/sessions/terminal_event_subscription_architecture_test.dart: all production features have one resolved runtime subscription
00:24 +689: /Users/robinfai/flutter_projects/ianvs-terminal/example/test/sessions/terminal_event_subscription_architecture_test.dart: all production features have one resolved runtime subscription
00:24 +690: /Users/robinfai/flutter_projects/ianvs-terminal/example/test/sessions/terminal_event_subscription_architecture_test.dart: all production features have one resolved runtime subscription
00:24 +691: /Users/robinfai/flutter_projects/ianvs-terminal/example/test/sessions/terminal_event_subscription_architecture_test.dart: all production features have one resolved runtime subscription
00:24 +692: /Users/robinfai/flutter_projects/ianvs-terminal/example/test/sessions/terminal_event_subscription_architecture_test.dart: all production features have one resolved runtime subscription
00:24 +693: /Users/robinfai/flutter_projects/ianvs-terminal/example/test/sessions/terminal_event_subscription_architecture_test.dart: all production features have one resolved runtime subscription
00:24 +694: /Users/robinfai/flutter_projects/ianvs-terminal/example/test/sessions/terminal_event_subscription_architecture_test.dart: all production features have one resolved runtime subscription
00:24 +695: /Users/robinfai/flutter_projects/ianvs-terminal/example/test/sessions/terminal_event_subscription_architecture_test.dart: all production features have one resolved runtime subscription
00:24 +696: /Users/robinfai/flutter_projects/ianvs-terminal/example/test/sessions/terminal_event_subscription_architecture_test.dart: all production features have one resolved runtime subscription
00:24 +697: /Users/robinfai/flutter_projects/ianvs-terminal/example/test/sessions/terminal_event_subscription_architecture_test.dart: all production features have one resolved runtime subscription
00:24 +698: /Users/robinfai/flutter_projects/ianvs-terminal/example/test/sessions/terminal_event_subscription_architecture_test.dart: all production features have one resolved runtime subscription
00:24 +699: /Users/robinfai/flutter_projects/ianvs-terminal/example/test/sessions/terminal_event_subscription_architecture_test.dart: all production features have one resolved runtime subscription
00:24 +700: /Users/robinfai/flutter_projects/ianvs-terminal/example/test/sessions/terminal_event_subscription_architecture_test.dart: all production features have one resolved runtime subscription
00:24 +701: /Users/robinfai/flutter_projects/ianvs-terminal/example/test/sessions/terminal_event_subscription_architecture_test.dart: all production features have one resolved runtime subscription
00:24 +702: /Users/robinfai/flutter_projects/ianvs-terminal/example/test/sessions/terminal_event_subscription_architecture_test.dart: all production features have one resolved runtime subscription
00:24 +703: /Users/robinfai/flutter_projects/ianvs-terminal/example/test/sessions/terminal_event_subscription_architecture_test.dart: all production features have one resolved runtime subscription
00:24 +704: /Users/robinfai/flutter_projects/ianvs-terminal/example/test/sessions/terminal_event_subscription_architecture_test.dart: all production features have one resolved runtime subscription
00:24 +705: /Users/robinfai/flutter_projects/ianvs-terminal/example/test/sessions/terminal_event_subscription_architecture_test.dart: all production features have one resolved runtime subscription
00:24 +706: /Users/robinfai/flutter_projects/ianvs-terminal/example/test/sessions/terminal_event_subscription_architecture_test.dart: all production features have one resolved runtime subscription
00:24 +707: /Users/robinfai/flutter_projects/ianvs-terminal/example/test/sessions/terminal_event_subscription_architecture_test.dart: all production features have one resolved runtime subscription
00:24 +708: /Users/robinfai/flutter_projects/ianvs-terminal/example/test/sessions/terminal_event_subscription_architecture_test.dart: all production features have one resolved runtime subscription
00:24 +709: /Users/robinfai/flutter_projects/ianvs-terminal/example/test/sessions/terminal_event_subscription_architecture_test.dart: all production features have one resolved runtime subscription
00:24 +710: /Users/robinfai/flutter_projects/ianvs-terminal/example/test/sessions/terminal_event_subscription_architecture_test.dart: all production features have one resolved runtime subscription
00:24 +711: /Users/robinfai/flutter_projects/ianvs-terminal/example/test/sessions/terminal_event_subscription_architecture_test.dart: all production features have one resolved runtime subscription
00:24 +712: /Users/robinfai/flutter_projects/ianvs-terminal/example/test/sessions/terminal_event_subscription_architecture_test.dart: all production features have one resolved runtime subscription
00:24 +713: /Users/robinfai/flutter_projects/ianvs-terminal/example/test/sessions/terminal_event_subscription_architecture_test.dart: all production features have one resolved runtime subscription
00:24 +714: /Users/robinfai/flutter_projects/ianvs-terminal/example/test/sessions/terminal_event_subscription_architecture_test.dart: all production features have one resolved runtime subscription
00:24 +715: /Users/robinfai/flutter_projects/ianvs-terminal/example/test/sessions/terminal_event_subscription_architecture_test.dart: all production features have one resolved runtime subscription
00:24 +716: /Users/robinfai/flutter_projects/ianvs-terminal/example/test/sessions/terminal_event_subscription_architecture_test.dart: all production features have one resolved runtime subscription
00:24 +717: /Users/robinfai/flutter_projects/ianvs-terminal/example/test/sessions/terminal_event_subscription_architecture_test.dart: all production features have one resolved runtime subscription
00:24 +718: /Users/robinfai/flutter_projects/ianvs-terminal/example/test/sessions/terminal_event_subscription_architecture_test.dart: all production features have one resolved runtime subscription
00:24 +719: /Users/robinfai/flutter_projects/ianvs-terminal/example/test/sessions/terminal_event_subscription_architecture_test.dart: all production features have one resolved runtime subscription
00:24 +720: /Users/robinfai/flutter_projects/ianvs-terminal/example/test/sessions/terminal_event_subscription_architecture_test.dart: all production features have one resolved runtime subscription
00:24 +721: /Users/robinfai/flutter_projects/ianvs-terminal/example/test/sessions/terminal_event_subscription_architecture_test.dart: all production features have one resolved runtime subscription
00:24 +722: /Users/robinfai/flutter_projects/ianvs-terminal/example/test/sessions/terminal_event_subscription_architecture_test.dart: all production features have one resolved runtime subscription
00:24 +723: /Users/robinfai/flutter_projects/ianvs-terminal/example/test/sessions/terminal_event_subscription_architecture_test.dart: all production features have one resolved runtime subscription
00:24 +724: /Users/robinfai/flutter_projects/ianvs-terminal/example/test/sessions/terminal_event_subscription_architecture_test.dart: all production features have one resolved runtime subscription
00:24 +725: /Users/robinfai/flutter_projects/ianvs-terminal/example/test/sessions/terminal_event_subscription_architecture_test.dart: all production features have one resolved runtime subscription
00:24 +726: /Users/robinfai/flutter_projects/ianvs-terminal/example/test/sessions/terminal_event_subscription_architecture_test.dart: all production features have one resolved runtime subscription
00:24 +727: /Users/robinfai/flutter_projects/ianvs-terminal/example/test/sessions/terminal_event_subscription_architecture_test.dart: all production features have one resolved runtime subscription
00:24 +728: /Users/robinfai/flutter_projects/ianvs-terminal/example/test/sessions/terminal_event_subscription_architecture_test.dart: all production features have one resolved runtime subscription
00:24 +729: /Users/robinfai/flutter_projects/ianvs-terminal/example/test/sessions/terminal_event_subscription_architecture_test.dart: all production features have one resolved runtime subscription
00:24 +730: /Users/robinfai/flutter_projects/ianvs-terminal/example/test/sessions/terminal_event_subscription_architecture_test.dart: all production features have one resolved runtime subscription
00:24 +731: /Users/robinfai/flutter_projects/ianvs-terminal/example/test/sessions/terminal_event_subscription_architecture_test.dart: all production features have one resolved runtime subscription
00:24 +732: /Users/robinfai/flutter_projects/ianvs-terminal/example/test/sessions/terminal_event_subscription_architecture_test.dart: all production features have one resolved runtime subscription
00:24 +733: /Users/robinfai/flutter_projects/ianvs-terminal/example/test/sessions/terminal_event_subscription_architecture_test.dart: all production features have one resolved runtime subscription
00:24 +734: /Users/robinfai/flutter_projects/ianvs-terminal/example/test/sessions/terminal_event_subscription_architecture_test.dart: all production features have one resolved runtime subscription
00:24 +735: /Users/robinfai/flutter_projects/ianvs-terminal/example/test/sessions/terminal_event_subscription_architecture_test.dart: all production features have one resolved runtime subscription
00:24 +736: /Users/robinfai/flutter_projects/ianvs-terminal/example/test/sessions/terminal_event_subscription_architecture_test.dart: all production features have one resolved runtime subscription
00:24 +737: /Users/robinfai/flutter_projects/ianvs-terminal/example/test/sessions/terminal_event_subscription_architecture_test.dart: all production features have one resolved runtime subscription
00:24 +738: /Users/robinfai/flutter_projects/ianvs-terminal/example/test/sessions/terminal_event_subscription_architecture_test.dart: all production features have one resolved runtime subscription
00:24 +739: /Users/robinfai/flutter_projects/ianvs-terminal/example/test/sessions/terminal_event_subscription_architecture_test.dart: all production features have one resolved runtime subscription
00:24 +740: /Users/robinfai/flutter_projects/ianvs-terminal/example/test/sessions/terminal_event_subscription_architecture_test.dart: all production features have one resolved runtime subscription
00:24 +741: /Users/robinfai/flutter_projects/ianvs-terminal/example/test/sessions/terminal_event_subscription_architecture_test.dart: all production features have one resolved runtime subscription
00:24 +742: /Users/robinfai/flutter_projects/ianvs-terminal/example/test/sessions/terminal_event_subscription_architecture_test.dart: all production features have one resolved runtime subscription
00:24 +743: /Users/robinfai/flutter_projects/ianvs-terminal/example/test/sessions/terminal_event_subscription_architecture_test.dart: all production features have one resolved runtime subscription
00:24 +744: /Users/robinfai/flutter_projects/ianvs-terminal/example/test/sessions/terminal_event_subscription_architecture_test.dart: all production features have one resolved runtime subscription
00:24 +745: /Users/robinfai/flutter_projects/ianvs-terminal/example/test/sessions/terminal_event_subscription_architecture_test.dart: all production features have one resolved runtime subscription
00:24 +746: /Users/robinfai/flutter_projects/ianvs-terminal/example/test/sessions/terminal_event_subscription_architecture_test.dart: all production features have one resolved runtime subscription
00:24 +747: /Users/robinfai/flutter_projects/ianvs-terminal/example/test/sessions/terminal_event_subscription_architecture_test.dart: all production features have one resolved runtime subscription
00:24 +748: /Users/robinfai/flutter_projects/ianvs-terminal/example/test/sessions/terminal_event_subscription_architecture_test.dart: all production features have one resolved runtime subscription
00:24 +749: /Users/robinfai/flutter_projects/ianvs-terminal/example/test/sessions/terminal_event_subscription_architecture_test.dart: all production features have one resolved runtime subscription
00:24 +750: /Users/robinfai/flutter_projects/ianvs-terminal/example/test/sessions/terminal_event_subscription_architecture_test.dart: all production features have one resolved runtime subscription
00:24 +751: /Users/robinfai/flutter_projects/ianvs-terminal/example/test/sessions/terminal_event_subscription_architecture_test.dart: all production features have one resolved runtime subscription
00:24 +752: /Users/robinfai/flutter_projects/ianvs-terminal/example/test/sessions/terminal_event_subscription_architecture_test.dart: all production features have one resolved runtime subscription
00:24 +753: /Users/robinfai/flutter_projects/ianvs-terminal/example/test/sessions/terminal_event_subscription_architecture_test.dart: all production features have one resolved runtime subscription
00:25 +754: /Users/robinfai/flutter_projects/ianvs-terminal/example/test/sessions/terminal_event_subscription_architecture_test.dart: all production features have one resolved runtime subscription
00:25 +755: /Users/robinfai/flutter_projects/ianvs-terminal/example/test/sessions/terminal_event_subscription_architecture_test.dart: all production features have one resolved runtime subscription
00:25 +756: /Users/robinfai/flutter_projects/ianvs-terminal/example/test/sessions/terminal_event_subscription_architecture_test.dart: all production features have one resolved runtime subscription
00:25 +757: /Users/robinfai/flutter_projects/ianvs-terminal/example/test/sessions/terminal_event_subscription_architecture_test.dart: all production features have one resolved runtime subscription
00:25 +758: /Users/robinfai/flutter_projects/ianvs-terminal/example/test/sessions/terminal_event_subscription_architecture_test.dart: all production features have one resolved runtime subscription
00:25 +759: /Users/robinfai/flutter_projects/ianvs-terminal/example/test/sessions/terminal_event_subscription_architecture_test.dart: all production features have one resolved runtime subscription
00:25 +760: /Users/robinfai/flutter_projects/ianvs-terminal/example/test/sessions/terminal_event_subscription_architecture_test.dart: all production features have one resolved runtime subscription
00:25 +761: /Users/robinfai/flutter_projects/ianvs-terminal/example/test/sessions/terminal_event_subscription_architecture_test.dart: all production features have one resolved runtime subscription
00:25 +762: /Users/robinfai/flutter_projects/ianvs-terminal/example/test/sessions/terminal_event_subscription_architecture_test.dart: all production features have one resolved runtime subscription
00:25 +763: /Users/robinfai/flutter_projects/ianvs-terminal/example/test/sessions/terminal_event_subscription_architecture_test.dart: all production features have one resolved runtime subscription
00:25 +764: /Users/robinfai/flutter_projects/ianvs-terminal/example/test/sessions/terminal_event_subscription_architecture_test.dart: all production features have one resolved runtime subscription
00:25 +765: /Users/robinfai/flutter_projects/ianvs-terminal/example/test/sessions/terminal_event_subscription_architecture_test.dart: all production features have one resolved runtime subscription
00:25 +766: /Users/robinfai/flutter_projects/ianvs-terminal/example/test/sessions/terminal_event_subscription_architecture_test.dart: all production features have one resolved runtime subscription
00:25 +767: /Users/robinfai/flutter_projects/ianvs-terminal/example/test/sessions/terminal_event_subscription_architecture_test.dart: all production features have one resolved runtime subscription
00:25 +768: /Users/robinfai/flutter_projects/ianvs-terminal/example/test/sessions/terminal_event_subscription_architecture_test.dart: all production features have one resolved runtime subscription
00:25 +769: /Users/robinfai/flutter_projects/ianvs-terminal/example/test/sessions/terminal_event_subscription_architecture_test.dart: all production features have one resolved runtime subscription
00:25 +770: /Users/robinfai/flutter_projects/ianvs-terminal/example/test/sessions/terminal_event_subscription_architecture_test.dart: all production features have one resolved runtime subscription
00:25 +771: /Users/robinfai/flutter_projects/ianvs-terminal/example/test/sessions/terminal_event_subscription_architecture_test.dart: all production features have one resolved runtime subscription
00:25 +772: /Users/robinfai/flutter_projects/ianvs-terminal/example/test/sessions/terminal_event_subscription_architecture_test.dart: all production features have one resolved runtime subscription
00:25 +773: /Users/robinfai/flutter_projects/ianvs-terminal/example/test/sessions/terminal_event_subscription_architecture_test.dart: all production features have one resolved runtime subscription
00:26 +774: /Users/robinfai/flutter_projects/ianvs-terminal/example/test/sessions/terminal_event_subscription_architecture_test.dart: all production features have one resolved runtime subscription
00:26 +775: /Users/robinfai/flutter_projects/ianvs-terminal/example/test/sessions/terminal_event_subscription_architecture_test.dart: all production features have one resolved runtime subscription
00:26 +776: /Users/robinfai/flutter_projects/ianvs-terminal/example/test/sessions/terminal_event_subscription_architecture_test.dart: all production features have one resolved runtime subscription
00:26 +777: /Users/robinfai/flutter_projects/ianvs-terminal/example/test/sessions/terminal_event_subscription_architecture_test.dart: all production features have one resolved runtime subscription
00:26 +778: /Users/robinfai/flutter_projects/ianvs-terminal/example/test/sessions/terminal_event_subscription_architecture_test.dart: all production features have one resolved runtime subscription
00:26 +779: /Users/robinfai/flutter_projects/ianvs-terminal/example/test/sessions/terminal_event_subscription_architecture_test.dart: all production features have one resolved runtime subscription
00:26 +780: /Users/robinfai/flutter_projects/ianvs-terminal/example/test/sessions/terminal_event_subscription_architecture_test.dart: all production features have one resolved runtime subscription
00:26 +781: /Users/robinfai/flutter_projects/ianvs-terminal/example/test/sessions/terminal_event_subscription_architecture_test.dart: all production features have one resolved runtime subscription
00:26 +782: /Users/robinfai/flutter_projects/ianvs-terminal/example/test/sessions/terminal_event_subscription_architecture_test.dart: all production features have one resolved runtime subscription
00:26 +783: /Users/robinfai/flutter_projects/ianvs-terminal/example/test/sessions/terminal_event_subscription_architecture_test.dart: all production features have one resolved runtime subscription
00:26 +784: /Users/robinfai/flutter_projects/ianvs-terminal/example/test/sessions/terminal_event_subscription_architecture_test.dart: all production features have one resolved runtime subscription
00:26 +785: /Users/robinfai/flutter_projects/ianvs-terminal/example/test/sessions/terminal_event_subscription_architecture_test.dart: all production features have one resolved runtime subscription
00:27 +786: /Users/robinfai/flutter_projects/ianvs-terminal/example/test/sessions/terminal_event_subscription_architecture_test.dart: all production features have one resolved runtime subscription
00:27 +787: /Users/robinfai/flutter_projects/ianvs-terminal/example/test/sessions/terminal_event_subscription_architecture_test.dart: all production features have one resolved runtime subscription
00:27 +788: /Users/robinfai/flutter_projects/ianvs-terminal/example/test/sessions/terminal_event_subscription_architecture_test.dart: all production features have one resolved runtime subscription
00:27 +789: /Users/robinfai/flutter_projects/ianvs-terminal/example/test/sessions/terminal_event_subscription_architecture_test.dart: all production features have one resolved runtime subscription
00:27 +790: /Users/robinfai/flutter_projects/ianvs-terminal/example/test/sessions/terminal_event_subscription_architecture_test.dart: all production features have one resolved runtime subscription
00:27 +791: /Users/robinfai/flutter_projects/ianvs-terminal/example/test/sessions/terminal_event_subscription_architecture_test.dart: all production features have one resolved runtime subscription
00:27 +792: /Users/robinfai/flutter_projects/ianvs-terminal/example/test/sessions/terminal_event_subscription_architecture_test.dart: all production features have one resolved runtime subscription
00:27 +793: /Users/robinfai/flutter_projects/ianvs-terminal/example/test/sessions/terminal_event_subscription_architecture_test.dart: all production features have one resolved runtime subscription
00:27 +794: /Users/robinfai/flutter_projects/ianvs-terminal/example/test/sessions/terminal_event_subscription_architecture_test.dart: all production features have one resolved runtime subscription
00:28 +795: /Users/robinfai/flutter_projects/ianvs-terminal/example/test/sessions/terminal_event_subscription_architecture_test.dart: all production features have one resolved runtime subscription
00:28 +796: /Users/robinfai/flutter_projects/ianvs-terminal/example/test/sessions/terminal_event_subscription_architecture_test.dart: all production features have one resolved runtime subscription
00:28 +797: /Users/robinfai/flutter_projects/ianvs-terminal/example/test/sessions/terminal_event_subscription_architecture_test.dart: all production features have one resolved runtime subscription
00:28 +798: /Users/robinfai/flutter_projects/ianvs-terminal/example/test/sessions/terminal_event_subscription_architecture_test.dart: all production features have one resolved runtime subscription
00:28 +799: /Users/robinfai/flutter_projects/ianvs-terminal/example/test/sessions/terminal_event_subscription_architecture_test.dart: all production features have one resolved runtime subscription
00:28 +800: /Users/robinfai/flutter_projects/ianvs-terminal/example/test/sessions/terminal_event_subscription_architecture_test.dart: all production features have one resolved runtime subscription
00:28 +801: /Users/robinfai/flutter_projects/ianvs-terminal/example/test/sessions/terminal_event_subscription_architecture_test.dart: all production features have one resolved runtime subscription
00:29 +802: /Users/robinfai/flutter_projects/ianvs-terminal/example/test/sessions/terminal_event_subscription_architecture_test.dart: all production features have one resolved runtime subscription
00:32 +803: /Users/robinfai/flutter_projects/ianvs-terminal/example/test/sessions/terminal_event_subscription_architecture_test.dart: all production features have one resolved runtime subscription
00:34 +804: /Users/robinfai/flutter_projects/ianvs-terminal/example/test/sessions/session_recording_lifecycle_test.dart: rejected manual prepare keeps collecting semantics for retry
00:35 +805: /Users/robinfai/flutter_projects/ianvs-terminal/example/test/sessions/terminal_event_subscription_architecture_test.dart: resolved gate catches alias, tear-off, helper and directory escape
00:38 +806: /Users/robinfai/flutter_projects/ianvs-terminal/example/test/sessions/terminal_event_subscription_architecture_test.dart: resolved gate catches alias, tear-off, helper and directory escape
00:39 +807: /Users/robinfai/flutter_projects/ianvs-terminal/example/test/sessions/session_recording_lifecycle_test.dart: failed save keeps the PTY alive and retries without a second stop
00:41 +808: /Users/robinfai/flutter_projects/ianvs-terminal/example/test/sessions/session_recording_lifecycle_test.dart: closeTab resumes recording when ZMODEM starts during recording save
00:44 +809: /Users/robinfai/flutter_projects/ianvs-terminal/example/test/sessions/session_recording_lifecycle_test.dart: closeTab resumes a saved sibling when the second recording save fails
00:48 +810: /Users/robinfai/flutter_projects/ianvs-terminal/example/test/sessions/session_recording_lifecycle_test.dart: opening a terminal at a folder keeps existing recording and PTY alive
00:48 +811: /Users/robinfai/flutter_projects/ianvs-terminal/example/test/sessions/session_recording_lifecycle_test.dart: observed process exit finalizes the active recording
00:51 +812: /Users/robinfai/flutter_projects/ianvs-terminal/example/test/sessions/session_recording_lifecycle_test.dart: pre-close resolves missing prepare from running status before PTY close
00:51 +813: /Users/robinfai/flutter_projects/ianvs-terminal/example/test/sessions/session_recording_lifecycle_test.dart: pre-close resolves malformed prepare from ready status before PTY close
00:51 +814: /Users/robinfai/flutter_projects/ianvs-terminal/example/test/sessions/session_recording_lifecycle_test.dart: pre-close resolves correlation prepare from failed status before PTY close
00:51 +815: /Users/robinfai/flutter_projects/ianvs-terminal/example/test/sessions/session_recording_lifecycle_test.dart: pre-close retries one rejected prepare before exit closes the PTY
00:54 +816: /Users/robinfai/flutter_projects/ianvs-terminal/example/test/sessions/session_recording_lifecycle_test.dart: persistent prepare rejection keeps PTY and recoverable recording active
00:55 +817: /Users/robinfai/flutter_projects/ianvs-terminal/example/test/sessions/session_recording_lifecycle_test.dart: shutdown coordinator finalizes active recording before disposal
00:58 +818: /Users/robinfai/flutter_projects/ianvs-terminal/example/test/sessions/session_recording_lifecycle_test.dart: shutdown keeps uncertain prepare claimed through late running then ready settlement
00:58 +819: /Users/robinfai/flutter_projects/ianvs-terminal/example/test/sessions/session_recording_lifecycle_test.dart: shutdown keeps uncertain prepare claimed through late running then failed settlement
00:58 +820: /Users/robinfai/flutter_projects/ianvs-terminal/example/test/sessions/session_recording_lifecycle_test.dart: explicit prepare rejection plus reject cancel poisons shutdown before PTY close
00:58 +821: /Users/robinfai/flutter_projects/ianvs-terminal/example/test/sessions/session_recording_lifecycle_test.dart: explicit prepare rejection plus terminationUnknown cancel poisons shutdown before PTY close
00:58 +822: /Users/robinfai/flutter_projects/ianvs-terminal/example/test/sessions/session_recording_lifecycle_test.dart: session shutdown orders recording, layout flush, then runtime close
01:01 +823: /Users/robinfai/flutter_projects/ianvs-terminal/example/test/sessions/session_recording_lifecycle_test.dart: shutdown crossing recording finalization leaves PTY close to infra
01:05 +824: /Users/robinfai/flutter_projects/ianvs-terminal/example/test/sessions/session_recording_lifecycle_test.dart: closeTab crossing recording finalization does not resume or rewrite UI
01:08 +825: /Users/robinfai/flutter_projects/ianvs-terminal/example/test/sessions/session_recording_lifecycle_test.dart: stop failure crossing shutdown preserves UI error and single release
01:08 +826: /Users/robinfai/flutter_projects/ianvs-terminal/example/test/sessions/session_recording_lifecycle_test.dart: direct stop after shutdown does not publish busy or clear the UI error
01:11 +827: /Users/robinfai/flutter_projects/ianvs-terminal/example/test/sessions/session_recording_lifecycle_test.dart: runtime-exit save failure crossing shutdown preserves UI and releases once
01:11 +828: /Users/robinfai/flutter_projects/ianvs-terminal/example/test/sessions/session_recording_lifecycle_test.dart: shutdown finalization never encodes in the disposal stack
01:14 +829: All tests passed!
