2026-04-27T12:00:00.000Z level=INFO service=gateway request_id=req-000000 user_id=1000 latency_ms=4 payload_bytes=256 path=/api/v1/logs/0 message="cat log benchmark line 0" trace=tr-00000000
2026-04-27T12:00:01.001Z level=DEBUG service=timeline request_id=req-000001 user_id=1001 latency_ms=5 payload_bytes=257 path=/api/v1/logs/1 message="cat log benchmark line 1" trace=tr-00000017
2026-04-27T12:00:02.002Z level=WARN service=session request_id=req-000002 user_id=1002 latency_ms=6 payload_bytes=258 path=/api/v1/logs/2 message="cat log benchmark line 2" trace=tr-00000034
2026-04-27T12:00:03.003Z level=ERROR service=renderer request_id=req-000003 user_id=1003 latency_ms=7 payload_bytes=259 path=/api/v1/logs/3 message="cat log benchmark line 3" trace=tr-00000051
2026-04-27T12:00:04.004Z level=TRACE service=gateway request_id=req-000004 user_id=1004 latency_ms=8 payload_bytes=260 path=/api/v1/logs/4 message="cat log benchmark line 4" trace=tr-00000068
2026-04-27T12:00:05.005Z level=INFO service=timeline request_id=req-000005 user_id=1005 latency_ms=9 payload_bytes=261 path=/api/v1/logs/5 message="cat log benchmark line 5" trace=tr-00000085
2026-04-27T12:00:06.006Z level=DEBUG service=session request_id=req-000006 user_id=1006 latency_ms=10 payload_bytes=262 path=/api/v1/logs/6 message="cat log benchmark line 6" trace=tr-00000102
2026-04-27T12:00:07.007Z level=WARN service=renderer request_id=req-000007 user_id=1007 latency_ms=11 payload_bytes=263 path=/api/v1/logs/7 message="cat log benchmark line 7" trace=tr-00000119
2026-04-27T12:00:08.008Z level=ERROR service=gateway request_id=req-000008 user_id=1008 latency_ms=12 payload_bytes=264 path=/api/v1/logs/8 message="cat log benchmark line 8" trace=tr-00000136
2026-04-27T12:00:09.009Z level=TRACE service=timeline request_id=req-000009 user_id=1009 latency_ms=13 payload_bytes=265 path=/api/v1/logs/9 message="cat log benchmark line 9" trace=tr-00000153
2026-04-27T12:00:10.010Z level=INFO service=session request_id=req-000010 user_id=1010 latency_ms=14 payload_bytes=266 path=/api/v1/logs/10 message="cat log benchmark line 10" trace=tr-00000170
2026-04-27T12:00:11.011Z level=DEBUG service=renderer request_id=req-000011 user_id=1011 latency_ms=15 payload_bytes=267 path=/api/v1/logs/11 message="cat log benchmark line 11" trace=tr-00000187
2026-04-27T12:00:12.012Z level=WARN service=gateway request_id=req-000012 user_id=1012 latency_ms=16 payload_bytes=268 path=/api/v1/logs/12 message="cat log benchmark line 12" trace=tr-00000204
2026-04-27T12:00:13.013Z level=ERROR service=timeline request_id=req-000013 user_id=1013 latency_ms=17 payload_bytes=269 path=/api/v1/logs/0 message="cat log benchmark line 13" trace=tr-00000221
2026-04-27T12:00:14.014Z level=TRACE service=session request_id=req-000014 user_id=1014 latency_ms=18 payload_bytes=270 path=/api/v1/logs/1 message="cat log benchmark line 14" trace=tr-00000238
2026-04-27T12:00:15.015Z level=INFO service=renderer request_id=req-000015 user_id=1015 latency_ms=19 payload_bytes=271 path=/api/v1/logs/2 message="cat log benchmark line 15" trace=tr-00000255
2026-04-27T12:00:16.016Z level=DEBUG service=gateway request_id=req-000016 user_id=1016 latency_ms=20 payload_bytes=272 path=/api/v1/logs/3 message="cat log benchmark line 16" trace=tr-00000272
2026-04-27T12:00:17.017Z level=WARN service=timeline request_id=req-000017 user_id=1017 latency_ms=21 payload_bytes=273 path=/api/v1/logs/4 message="cat log benchmark line 17" trace=tr-00000289
2026-04-27T12:00:18.018Z level=ERROR service=session request_id=req-000018 user_id=1018 latency_ms=22 payload_bytes=274 path=/api/v1/logs/5 message="cat log benchmark line 18" trace=tr-00000306
2026-04-27T12:00:19.019Z level=TRACE service=renderer request_id=req-000019 user_id=1019 latency_ms=23 payload_bytes=275 path=/api/v1/logs/6 message="cat log benchmark line 19" trace=tr-00000323
2026-04-27T12:00:20.020Z level=INFO service=gateway request_id=req-000020 user_id=1020 latency_ms=24 payload_bytes=276 path=/api/v1/logs/7 message="cat log benchmark line 20" trace=tr-00000340
2026-04-27T12:00:21.021Z level=DEBUG service=timeline request_id=req-000021 user_id=1021 latency_ms=25 payload_bytes=277 path=/api/v1/logs/8 message="cat log benchmark line 21" trace=tr-00000357
2026-04-27T12:00:22.022Z level=WARN service=session request_id=req-000022 user_id=1022 latency_ms=26 payload_bytes=278 path=/api/v1/logs/9 message="cat log benchmark line 22" trace=tr-00000374
2026-04-27T12:00:23.023Z level=ERROR service=renderer request_id=req-000023 user_id=1023 latency_ms=27 payload_bytes=279 path=/api/v1/logs/10 message="cat log benchmark line 23" trace=tr-00000391
2026-04-27T12:00:24.024Z level=TRACE service=gateway request_id=req-000024 user_id=1024 latency_ms=28 payload_bytes=280 path=/api/v1/logs/11 message="cat log benchmark line 24" trace=tr-00000408
2026-04-27T12:00:25.025Z level=INFO service=timeline request_id=req-000025 user_id=1025 latency_ms=29 payload_bytes=281 path=/api/v1/logs/12 message="cat log benchmark line 25" trace=tr-00000425
2026-04-27T12:00:26.026Z level=DEBUG service=session request_id=req-000026 user_id=1026 latency_ms=30 payload_bytes=282 path=/api/v1/logs/0 message="cat log benchmark line 26" trace=tr-00000442
2026-04-27T12:00:27.027Z level=WARN service=renderer request_id=req-000027 user_id=1027 latency_ms=31 payload_bytes=283 path=/api/v1/logs/1 message="cat log benchmark line 27" trace=tr-00000459
2026-04-27T12:00:28.028Z level=ERROR service=gateway request_id=req-000028 user_id=1028 latency_ms=32 payload_bytes=284 path=/api/v1/logs/2 message="cat log benchmark line 28" trace=tr-00000476
2026-04-27T12:00:29.029Z level=TRACE service=timeline request_id=req-000029 user_id=1029 latency_ms=33 payload_bytes=285 path=/api/v1/logs/3 message="cat log benchmark line 29" trace=tr-00000493
2026-04-27T12:00:30.030Z level=INFO service=session request_id=req-000030 user_id=1030 latency_ms=34 payload_bytes=286 path=/api/v1/logs/4 message="cat log benchmark line 30" trace=tr-00000510
2026-04-27T12:00:31.031Z level=DEBUG service=renderer request_id=req-000031 user_id=1031 latency_ms=35 payload_bytes=287 path=/api/v1/logs/5 message="cat log benchmark line 31" trace=tr-00000527
2026-04-27T12:00:32.032Z level=WARN service=gateway request_id=req-000032 user_id=1032 latency_ms=36 payload_bytes=288 path=/api/v1/logs/6 message="cat log benchmark line 32" trace=tr-00000544
2026-04-27T12:00:33.033Z level=ERROR service=timeline request_id=req-000033 user_id=1033 latency_ms=37 payload_bytes=289 path=/api/v1/logs/7 message="cat log benchmark line 33" trace=tr-00000561
2026-04-27T12:00:34.034Z level=TRACE service=session request_id=req-000034 user_id=1034 latency_ms=38 payload_bytes=290 path=/api/v1/logs/8 message="cat log benchmark line 34" trace=tr-00000578
2026-04-27T12:00:35.035Z level=INFO service=renderer request_id=req-000035 user_id=1035 latency_ms=39 payload_bytes=291 path=/api/v1/logs/9 message="cat log benchmark line 35" trace=tr-00000595
2026-04-27T12:00:36.036Z level=DEBUG service=gateway request_id=req-000036 user_id=1036 latency_ms=40 payload_bytes=292 path=/api/v1/logs/10 message="cat log benchmark line 36" trace=tr-00000612
2026-04-27T12:00:37.037Z level=WARN service=timeline request_id=req-000037 user_id=1037 latency_ms=41 payload_bytes=293 path=/api/v1/logs/11 message="cat log benchmark line 37" trace=tr-00000629
2026-04-27T12:00:38.038Z level=ERROR service=session request_id=req-000038 user_id=1038 latency_ms=42 payload_bytes=294 path=/api/v1/logs/12 message="cat log benchmark line 38" trace=tr-00000646
2026-04-27T12:00:39.039Z level=TRACE service=renderer request_id=req-000039 user_id=1039 latency_ms=43 payload_bytes=295 path=/api/v1/logs/0 message="cat log benchmark line 39" trace=tr-00000663
2026-04-27T12:00:40.040Z level=INFO service=gateway request_id=req-000040 user_id=1040 latency_ms=44 payload_bytes=296 path=/api/v1/logs/1 message="cat log benchmark line 40" trace=tr-00000680
2026-04-27T12:00:41.041Z level=DEBUG service=timeline request_id=req-000041 user_id=1041 latency_ms=45 payload_bytes=297 path=/api/v1/logs/2 message="cat log benchmark line 41" trace=tr-00000697
2026-04-27T12:00:42.042Z level=WARN service=session request_id=req-000042 user_id=1042 latency_ms=46 payload_bytes=298 path=/api/v1/logs/3 message="cat log benchmark line 42" trace=tr-00000714
2026-04-27T12:00:43.043Z level=ERROR service=renderer request_id=req-000043 user_id=1043 latency_ms=47 payload_bytes=299 path=/api/v1/logs/4 message="cat log benchmark line 43" trace=tr-00000731
2026-04-27T12:00:44.044Z level=TRACE service=gateway request_id=req-000044 user_id=1044 latency_ms=48 payload_bytes=300 path=/api/v1/logs/5 message="cat log benchmark line 44" trace=tr-00000748
2026-04-27T12:00:45.045Z level=INFO service=timeline request_id=req-000045 user_id=1045 latency_ms=49 payload_bytes=301 path=/api/v1/logs/6 message="cat log benchmark line 45" trace=tr-00000765
2026-04-27T12:00:46.046Z level=DEBUG service=session request_id=req-000046 user_id=1046 latency_ms=50 payload_bytes=302 path=/api/v1/logs/7 message="cat log benchmark line 46" trace=tr-00000782
2026-04-27T12:00:47.047Z level=WARN service=renderer request_id=req-000047 user_id=1047 latency_ms=51 payload_bytes=303 path=/api/v1/logs/8 message="cat log benchmark line 47" trace=tr-00000799
2026-04-27T12:00:48.048Z level=ERROR service=gateway request_id=req-000048 user_id=1048 latency_ms=52 payload_bytes=304 path=/api/v1/logs/9 message="cat log benchmark line 48" trace=tr-00000816
2026-04-27T12:00:49.049Z level=TRACE service=timeline request_id=req-000049 user_id=1049 latency_ms=53 payload_bytes=305 path=/api/v1/logs/10 message="cat log benchmark line 49" trace=tr-00000833
2026-04-27T12:00:50.050Z level=INFO service=session request_id=req-000050 user_id=1050 latency_ms=54 payload_bytes=306 path=/api/v1/logs/11 message="cat log benchmark line 50" trace=tr-00000850
2026-04-27T12:00:51.051Z level=DEBUG service=renderer request_id=req-000051 user_id=1051 latency_ms=55 payload_bytes=307 path=/api/v1/logs/12 message="cat log benchmark line 51" trace=tr-00000867
2026-04-27T12:00:52.052Z level=WARN service=gateway request_id=req-000052 user_id=1052 latency_ms=56 payload_bytes=308 path=/api/v1/logs/0 message="cat log benchmark line 52" trace=tr-00000884
2026-04-27T12:00:53.053Z level=ERROR service=timeline request_id=req-000053 user_id=1053 latency_ms=57 payload_bytes=309 path=/api/v1/logs/1 message="cat log benchmark line 53" trace=tr-00000901
2026-04-27T12:00:54.054Z level=TRACE service=session request_id=req-000054 user_id=1054 latency_ms=58 payload_bytes=310 path=/api/v1/logs/2 message="cat log benchmark line 54" trace=tr-00000918
2026-04-27T12:00:55.055Z level=INFO service=renderer request_id=req-000055 user_id=1055 latency_ms=59 payload_bytes=311 path=/api/v1/logs/3 message="cat log benchmark line 55" trace=tr-00000935
2026-04-27T12:00:56.056Z level=DEBUG service=gateway request_id=req-000056 user_id=1056 latency_ms=60 payload_bytes=312 path=/api/v1/logs/4 message="cat log benchmark line 56" trace=tr-00000952
2026-04-27T12:00:57.057Z level=WARN service=timeline request_id=req-000057 user_id=1057 latency_ms=61 payload_bytes=313 path=/api/v1/logs/5 message="cat log benchmark line 57" trace=tr-00000969
2026-04-27T12:00:58.058Z level=ERROR service=session request_id=req-000058 user_id=1058 latency_ms=62 payload_bytes=314 path=/api/v1/logs/6 message="cat log benchmark line 58" trace=tr-00000986
2026-04-27T12:00:59.059Z level=TRACE service=renderer request_id=req-000059 user_id=1059 latency_ms=63 payload_bytes=315 path=/api/v1/logs/7 message="cat log benchmark line 59" trace=tr-00001003
2026-04-27T12:01:00.060Z level=INFO service=gateway request_id=req-000060 user_id=1060 latency_ms=64 payload_bytes=316 path=/api/v1/logs/8 message="cat log benchmark line 60" trace=tr-00001020
2026-04-27T12:01:01.061Z level=DEBUG service=timeline request_id=req-000061 user_id=1061 latency_ms=65 payload_bytes=317 path=/api/v1/logs/9 message="cat log benchmark line 61" trace=tr-00001037
2026-04-27T12:01:02.062Z level=WARN service=session request_id=req-000062 user_id=1062 latency_ms=66 payload_bytes=318 path=/api/v1/logs/10 message="cat log benchmark line 62" trace=tr-00001054
2026-04-27T12:01:03.063Z level=ERROR service=renderer request_id=req-000063 user_id=1063 latency_ms=67 payload_bytes=319 path=/api/v1/logs/11 message="cat log benchmark line 63" trace=tr-00001071
2026-04-27T12:01:04.064Z level=TRACE service=gateway request_id=req-000064 user_id=1064 latency_ms=68 payload_bytes=320 path=/api/v1/logs/12 message="cat log benchmark line 64" trace=tr-00001088
2026-04-27T12:01:05.065Z level=INFO service=timeline request_id=req-000065 user_id=1065 latency_ms=69 payload_bytes=321 path=/api/v1/logs/0 message="cat log benchmark line 65" trace=tr-00001105
2026-04-27T12:01:06.066Z level=DEBUG service=session request_id=req-000066 user_id=1066 latency_ms=70 payload_bytes=322 path=/api/v1/logs/1 message="cat log benchmark line 66" trace=tr-00001122
2026-04-27T12:01:07.067Z level=WARN service=renderer request_id=req-000067 user_id=1067 latency_ms=71 payload_bytes=323 path=/api/v1/logs/2 message="cat log benchmark line 67" trace=tr-00001139
2026-04-27T12:01:08.068Z level=ERROR service=gateway request_id=req-000068 user_id=1068 latency_ms=72 payload_bytes=324 path=/api/v1/logs/3 message="cat log benchmark line 68" trace=tr-00001156
2026-04-27T12:01:09.069Z level=TRACE service=timeline request_id=req-000069 user_id=1069 latency_ms=73 payload_bytes=325 path=/api/v1/logs/4 message="cat log benchmark line 69" trace=tr-00001173
2026-04-27T12:01:10.070Z level=INFO service=session request_id=req-000070 user_id=1070 latency_ms=74 payload_bytes=326 path=/api/v1/logs/5 message="cat log benchmark line 70" trace=tr-00001190
2026-04-27T12:01:11.071Z level=DEBUG service=renderer request_id=req-000071 user_id=1071 latency_ms=75 payload_bytes=327 path=/api/v1/logs/6 message="cat log benchmark line 71" trace=tr-00001207
2026-04-27T12:01:12.072Z level=WARN service=gateway request_id=req-000072 user_id=1072 latency_ms=76 payload_bytes=328 path=/api/v1/logs/7 message="cat log benchmark line 72" trace=tr-00001224
2026-04-27T12:01:13.073Z level=ERROR service=timeline request_id=req-000073 user_id=1073 latency_ms=77 payload_bytes=329 path=/api/v1/logs/8 message="cat log benchmark line 73" trace=tr-00001241
2026-04-27T12:01:14.074Z level=TRACE service=session request_id=req-000074 user_id=1074 latency_ms=78 payload_bytes=330 path=/api/v1/logs/9 message="cat log benchmark line 74" trace=tr-00001258
2026-04-27T12:01:15.075Z level=INFO service=renderer request_id=req-000075 user_id=1075 latency_ms=79 payload_bytes=331 path=/api/v1/logs/10 message="cat log benchmark line 75" trace=tr-00001275
2026-04-27T12:01:16.076Z level=DEBUG service=gateway request_id=req-000076 user_id=1076 latency_ms=80 payload_bytes=332 path=/api/v1/logs/11 message="cat log benchmark line 76" trace=tr-00001292
2026-04-27T12:01:17.077Z level=WARN service=timeline request_id=req-000077 user_id=1077 latency_ms=81 payload_bytes=333 path=/api/v1/logs/12 message="cat log benchmark line 77" trace=tr-00001309
2026-04-27T12:01:18.078Z level=ERROR service=session request_id=req-000078 user_id=1078 latency_ms=82 payload_bytes=334 path=/api/v1/logs/0 message="cat log benchmark line 78" trace=tr-00001326
2026-04-27T12:01:19.079Z level=TRACE service=renderer request_id=req-000079 user_id=1079 latency_ms=83 payload_bytes=335 path=/api/v1/logs/1 message="cat log benchmark line 79" trace=tr-00001343
2026-04-27T12:01:20.080Z level=INFO service=gateway request_id=req-000080 user_id=1080 latency_ms=84 payload_bytes=336 path=/api/v1/logs/2 message="cat log benchmark line 80" trace=tr-00001360
2026-04-27T12:01:21.081Z level=DEBUG service=timeline request_id=req-000081 user_id=1081 latency_ms=85 payload_bytes=337 path=/api/v1/logs/3 message="cat log benchmark line 81" trace=tr-00001377
2026-04-27T12:01:22.082Z level=WARN service=session request_id=req-000082 user_id=1082 latency_ms=86 payload_bytes=338 path=/api/v1/logs/4 message="cat log benchmark line 82" trace=tr-00001394
2026-04-27T12:01:23.083Z level=ERROR service=renderer request_id=req-000083 user_id=1083 latency_ms=87 payload_bytes=339 path=/api/v1/logs/5 message="cat log benchmark line 83" trace=tr-00001411
2026-04-27T12:01:24.084Z level=TRACE service=gateway request_id=req-000084 user_id=1084 latency_ms=88 payload_bytes=340 path=/api/v1/logs/6 message="cat log benchmark line 84" trace=tr-00001428
2026-04-27T12:01:25.085Z level=INFO service=timeline request_id=req-000085 user_id=1085 latency_ms=89 payload_bytes=341 path=/api/v1/logs/7 message="cat log benchmark line 85" trace=tr-00001445
2026-04-27T12:01:26.086Z level=DEBUG service=session request_id=req-000086 user_id=1086 latency_ms=90 payload_bytes=342 path=/api/v1/logs/8 message="cat log benchmark line 86" trace=tr-00001462
2026-04-27T12:01:27.087Z level=WARN service=renderer request_id=req-000087 user_id=1087 latency_ms=91 payload_bytes=343 path=/api/v1/logs/9 message="cat log benchmark line 87" trace=tr-00001479
2026-04-27T12:01:28.088Z level=ERROR service=gateway request_id=req-000088 user_id=1088 latency_ms=92 payload_bytes=344 path=/api/v1/logs/10 message="cat log benchmark line 88" trace=tr-00001496
2026-04-27T12:01:29.089Z level=TRACE service=timeline request_id=req-000089 user_id=1089 latency_ms=93 payload_bytes=345 path=/api/v1/logs/11 message="cat log benchmark line 89" trace=tr-00001513
2026-04-27T12:01:30.090Z level=INFO service=session request_id=req-000090 user_id=1090 latency_ms=94 payload_bytes=346 path=/api/v1/logs/12 message="cat log benchmark line 90" trace=tr-00001530
2026-04-27T12:01:31.091Z level=DEBUG service=renderer request_id=req-000091 user_id=1091 latency_ms=95 payload_bytes=347 path=/api/v1/logs/0 message="cat log benchmark line 91" trace=tr-00001547
2026-04-27T12:01:32.092Z level=WARN service=gateway request_id=req-000092 user_id=1092 latency_ms=96 payload_bytes=348 path=/api/v1/logs/1 message="cat log benchmark line 92" trace=tr-00001564
2026-04-27T12:01:33.093Z level=ERROR service=timeline request_id=req-000093 user_id=1093 latency_ms=97 payload_bytes=349 path=/api/v1/logs/2 message="cat log benchmark line 93" trace=tr-00001581
2026-04-27T12:01:34.094Z level=TRACE service=session request_id=req-000094 user_id=1094 latency_ms=98 payload_bytes=350 path=/api/v1/logs/3 message="cat log benchmark line 94" trace=tr-00001598
2026-04-27T12:01:35.095Z level=INFO service=renderer request_id=req-000095 user_id=1095 latency_ms=99 payload_bytes=351 path=/api/v1/logs/4 message="cat log benchmark line 95" trace=tr-00001615
2026-04-27T12:01:36.096Z level=DEBUG service=gateway request_id=req-000096 user_id=1096 latency_ms=100 payload_bytes=352 path=/api/v1/logs/5 message="cat log benchmark line 96" trace=tr-00001632
2026-04-27T12:01:37.097Z level=WARN service=timeline request_id=req-000097 user_id=1000 latency_ms=101 payload_bytes=353 path=/api/v1/logs/6 message="cat log benchmark line 97" trace=tr-00001649
2026-04-27T12:01:38.098Z level=ERROR service=session request_id=req-000098 user_id=1001 latency_ms=102 payload_bytes=354 path=/api/v1/logs/7 message="cat log benchmark line 98" trace=tr-00001666
2026-04-27T12:01:39.099Z level=TRACE service=renderer request_id=req-000099 user_id=1002 latency_ms=103 payload_bytes=355 path=/api/v1/logs/8 message="cat log benchmark line 99" trace=tr-00001683
2026-04-27T12:01:40.100Z level=INFO service=gateway request_id=req-000100 user_id=1003 latency_ms=104 payload_bytes=356 path=/api/v1/logs/9 message="cat log benchmark line 100" trace=tr-00001700
2026-04-27T12:01:41.101Z level=DEBUG service=timeline request_id=req-000101 user_id=1004 latency_ms=105 payload_bytes=357 path=/api/v1/logs/10 message="cat log benchmark line 101" trace=tr-00001717
2026-04-27T12:01:42.102Z level=WARN service=session request_id=req-000102 user_id=1005 latency_ms=106 payload_bytes=358 path=/api/v1/logs/11 message="cat log benchmark line 102" trace=tr-00001734
2026-04-27T12:01:43.103Z level=ERROR service=renderer request_id=req-000103 user_id=1006 latency_ms=107 payload_bytes=359 path=/api/v1/logs/12 message="cat log benchmark line 103" trace=tr-00001751
2026-04-27T12:01:44.104Z level=TRACE service=gateway request_id=req-000104 user_id=1007 latency_ms=108 payload_bytes=360 path=/api/v1/logs/0 message="cat log benchmark line 104" trace=tr-00001768
2026-04-27T12:01:45.105Z level=INFO service=timeline request_id=req-000105 user_id=1008 latency_ms=109 payload_bytes=361 path=/api/v1/logs/1 message="cat log benchmark line 105" trace=tr-00001785
2026-04-27T12:01:46.106Z level=DEBUG service=session request_id=req-000106 user_id=1009 latency_ms=110 payload_bytes=362 path=/api/v1/logs/2 message="cat log benchmark line 106" trace=tr-00001802
2026-04-27T12:01:47.107Z level=WARN service=renderer request_id=req-000107 user_id=1010 latency_ms=111 payload_bytes=363 path=/api/v1/logs/3 message="cat log benchmark line 107" trace=tr-00001819
2026-04-27T12:01:48.108Z level=ERROR service=gateway request_id=req-000108 user_id=1011 latency_ms=112 payload_bytes=364 path=/api/v1/logs/4 message="cat log benchmark line 108" trace=tr-00001836
2026-04-27T12:01:49.109Z level=TRACE service=timeline request_id=req-000109 user_id=1012 latency_ms=113 payload_bytes=365 path=/api/v1/logs/5 message="cat log benchmark line 109" trace=tr-00001853
2026-04-27T12:01:50.110Z level=INFO service=session request_id=req-000110 user_id=1013 latency_ms=114 payload_bytes=366 path=/api/v1/logs/6 message="cat log benchmark line 110" trace=tr-00001870
2026-04-27T12:01:51.111Z level=DEBUG service=renderer request_id=req-000111 user_id=1014 latency_ms=115 payload_bytes=367 path=/api/v1/logs/7 message="cat log benchmark line 111" trace=tr-00001887
2026-04-27T12:01:52.112Z level=WARN service=gateway request_id=req-000112 user_id=1015 latency_ms=116 payload_bytes=368 path=/api/v1/logs/8 message="cat log benchmark line 112" trace=tr-00001904
2026-04-27T12:01:53.113Z level=ERROR service=timeline request_id=req-000113 user_id=1016 latency_ms=117 payload_bytes=369 path=/api/v1/logs/9 message="cat log benchmark line 113" trace=tr-00001921
2026-04-27T12:01:54.114Z level=TRACE service=session request_id=req-000114 user_id=1017 latency_ms=118 payload_bytes=370 path=/api/v1/logs/10 message="cat log benchmark line 114" trace=tr-00001938
2026-04-27T12:01:55.115Z level=INFO service=renderer request_id=req-000115 user_id=1018 latency_ms=119 payload_bytes=371 path=/api/v1/logs/11 message="cat log benchmark line 115" trace=tr-00001955
2026-04-27T12:01:56.116Z level=DEBUG service=gateway request_id=req-000116 user_id=1019 latency_ms=120 payload_bytes=372 path=/api/v1/logs/12 message="cat log benchmark line 116" trace=tr-00001972
2026-04-27T12:01:57.117Z level=WARN service=timeline request_id=req-000117 user_id=1020 latency_ms=121 payload_bytes=373 path=/api/v1/logs/0 message="cat log benchmark line 117" trace=tr-00001989
2026-04-27T12:01:58.118Z level=ERROR service=session request_id=req-000118 user_id=1021 latency_ms=122 payload_bytes=374 path=/api/v1/logs/1 message="cat log benchmark line 118" trace=tr-00002006
2026-04-27T12:01:59.119Z level=TRACE service=renderer request_id=req-000119 user_id=1022 latency_ms=123 payload_bytes=375 path=/api/v1/logs/2 message="cat log benchmark line 119" trace=tr-00002023
2026-04-27T12:02:00.120Z level=INFO service=gateway request_id=req-000120 user_id=1023 latency_ms=124 payload_bytes=376 path=/api/v1/logs/3 message="cat log benchmark line 120" trace=tr-00002040
2026-04-27T12:02:01.121Z level=DEBUG service=timeline request_id=req-000121 user_id=1024 latency_ms=125 payload_bytes=377 path=/api/v1/logs/4 message="cat log benchmark line 121" trace=tr-00002057
2026-04-27T12:02:02.122Z level=WARN service=session request_id=req-000122 user_id=1025 latency_ms=126 payload_bytes=378 path=/api/v1/logs/5 message="cat log benchmark line 122" trace=tr-00002074
2026-04-27T12:02:03.123Z level=ERROR service=renderer request_id=req-000123 user_id=1026 latency_ms=127 payload_bytes=379 path=/api/v1/logs/6 message="cat log benchmark line 123" trace=tr-00002091
2026-04-27T12:02:04.124Z level=TRACE service=gateway request_id=req-000124 user_id=1027 latency_ms=128 payload_bytes=380 path=/api/v1/logs/7 message="cat log benchmark line 124" trace=tr-00002108
2026-04-27T12:02:05.125Z level=INFO service=timeline request_id=req-000125 user_id=1028 latency_ms=129 payload_bytes=381 path=/api/v1/logs/8 message="cat log benchmark line 125" trace=tr-00002125
2026-04-27T12:02:06.126Z level=DEBUG service=session request_id=req-000126 user_id=1029 latency_ms=130 payload_bytes=382 path=/api/v1/logs/9 message="cat log benchmark line 126" trace=tr-00002142
2026-04-27T12:02:07.127Z level=WARN service=renderer request_id=req-000127 user_id=1030 latency_ms=131 payload_bytes=383 path=/api/v1/logs/10 message="cat log benchmark line 127" trace=tr-00002159
2026-04-27T12:02:08.128Z level=ERROR service=gateway request_id=req-000128 user_id=1031 latency_ms=132 payload_bytes=384 path=/api/v1/logs/11 message="cat log benchmark line 128" trace=tr-00002176
2026-04-27T12:02:09.129Z level=TRACE service=timeline request_id=req-000129 user_id=1032 latency_ms=133 payload_bytes=385 path=/api/v1/logs/12 message="cat log benchmark line 129" trace=tr-00002193
2026-04-27T12:02:10.130Z level=INFO service=session request_id=req-000130 user_id=1033 latency_ms=134 payload_bytes=386 path=/api/v1/logs/0 message="cat log benchmark line 130" trace=tr-00002210
2026-04-27T12:02:11.131Z level=DEBUG service=renderer request_id=req-000131 user_id=1034 latency_ms=135 payload_bytes=387 path=/api/v1/logs/1 message="cat log benchmark line 131" trace=tr-00002227
2026-04-27T12:02:12.132Z level=WARN service=gateway request_id=req-000132 user_id=1035 latency_ms=136 payload_bytes=388 path=/api/v1/logs/2 message="cat log benchmark line 132" trace=tr-00002244
2026-04-27T12:02:13.133Z level=ERROR service=timeline request_id=req-000133 user_id=1036 latency_ms=137 payload_bytes=389 path=/api/v1/logs/3 message="cat log benchmark line 133" trace=tr-00002261
2026-04-27T12:02:14.134Z level=TRACE service=session request_id=req-000134 user_id=1037 latency_ms=138 payload_bytes=390 path=/api/v1/logs/4 message="cat log benchmark line 134" trace=tr-00002278
2026-04-27T12:02:15.135Z level=INFO service=renderer request_id=req-000135 user_id=1038 latency_ms=139 payload_bytes=391 path=/api/v1/logs/5 message="cat log benchmark line 135" trace=tr-00002295
2026-04-27T12:02:16.136Z level=DEBUG service=gateway request_id=req-000136 user_id=1039 latency_ms=140 payload_bytes=392 path=/api/v1/logs/6 message="cat log benchmark line 136" trace=tr-00002312
2026-04-27T12:02:17.137Z level=WARN service=timeline request_id=req-000137 user_id=1040 latency_ms=141 payload_bytes=393 path=/api/v1/logs/7 message="cat log benchmark line 137" trace=tr-00002329
2026-04-27T12:02:18.138Z level=ERROR service=session request_id=req-000138 user_id=1041 latency_ms=142 payload_bytes=394 path=/api/v1/logs/8 message="cat log benchmark line 138" trace=tr-00002346
2026-04-27T12:02:19.139Z level=TRACE service=renderer request_id=req-000139 user_id=1042 latency_ms=143 payload_bytes=395 path=/api/v1/logs/9 message="cat log benchmark line 139" trace=tr-00002363
2026-04-27T12:02:20.140Z level=INFO service=gateway request_id=req-000140 user_id=1043 latency_ms=144 payload_bytes=396 path=/api/v1/logs/10 message="cat log benchmark line 140" trace=tr-00002380
2026-04-27T12:02:21.141Z level=DEBUG service=timeline request_id=req-000141 user_id=1044 latency_ms=145 payload_bytes=397 path=/api/v1/logs/11 message="cat log benchmark line 141" trace=tr-00002397
2026-04-27T12:02:22.142Z level=WARN service=session request_id=req-000142 user_id=1045 latency_ms=146 payload_bytes=398 path=/api/v1/logs/12 message="cat log benchmark line 142" trace=tr-00002414
2026-04-27T12:02:23.143Z level=ERROR service=renderer request_id=req-000143 user_id=1046 latency_ms=147 payload_bytes=399 path=/api/v1/logs/0 message="cat log benchmark line 143" trace=tr-00002431
2026-04-27T12:02:24.144Z level=TRACE service=gateway request_id=req-000144 user_id=1047 latency_ms=148 payload_bytes=400 path=/api/v1/logs/1 message="cat log benchmark line 144" trace=tr-00002448
2026-04-27T12:02:25.145Z level=INFO service=timeline request_id=req-000145 user_id=1048 latency_ms=149 payload_bytes=401 path=/api/v1/logs/2 message="cat log benchmark line 145" trace=tr-00002465
2026-04-27T12:02:26.146Z level=DEBUG service=session request_id=req-000146 user_id=1049 latency_ms=150 payload_bytes=402 path=/api/v1/logs/3 message="cat log benchmark line 146" trace=tr-00002482
2026-04-27T12:02:27.147Z level=WARN service=renderer request_id=req-000147 user_id=1050 latency_ms=151 payload_bytes=403 path=/api/v1/logs/4 message="cat log benchmark line 147" trace=tr-00002499
2026-04-27T12:02:28.148Z level=ERROR service=gateway request_id=req-000148 user_id=1051 latency_ms=152 payload_bytes=404 path=/api/v1/logs/5 message="cat log benchmark line 148" trace=tr-00002516
2026-04-27T12:02:29.149Z level=TRACE service=timeline request_id=req-000149 user_id=1052 latency_ms=153 payload_bytes=405 path=/api/v1/logs/6 message="cat log benchmark line 149" trace=tr-00002533
2026-04-27T12:02:30.150Z level=INFO service=session request_id=req-000150 user_id=1053 latency_ms=154 payload_bytes=406 path=/api/v1/logs/7 message="cat log benchmark line 150" trace=tr-00002550
2026-04-27T12:02:31.151Z level=DEBUG service=renderer request_id=req-000151 user_id=1054 latency_ms=155 payload_bytes=407 path=/api/v1/logs/8 message="cat log benchmark line 151" trace=tr-00002567
2026-04-27T12:02:32.152Z level=WARN service=gateway request_id=req-000152 user_id=1055 latency_ms=156 payload_bytes=408 path=/api/v1/logs/9 message="cat log benchmark line 152" trace=tr-00002584
2026-04-27T12:02:33.153Z level=ERROR service=timeline request_id=req-000153 user_id=1056 latency_ms=157 payload_bytes=409 path=/api/v1/logs/10 message="cat log benchmark line 153" trace=tr-00002601
2026-04-27T12:02:34.154Z level=TRACE service=session request_id=req-000154 user_id=1057 latency_ms=158 payload_bytes=410 path=/api/v1/logs/11 message="cat log benchmark line 154" trace=tr-00002618
2026-04-27T12:02:35.155Z level=INFO service=renderer request_id=req-000155 user_id=1058 latency_ms=159 payload_bytes=411 path=/api/v1/logs/12 message="cat log benchmark line 155" trace=tr-00002635
2026-04-27T12:02:36.156Z level=DEBUG service=gateway request_id=req-000156 user_id=1059 latency_ms=160 payload_bytes=412 path=/api/v1/logs/0 message="cat log benchmark line 156" trace=tr-00002652
2026-04-27T12:02:37.157Z level=WARN service=timeline request_id=req-000157 user_id=1060 latency_ms=161 payload_bytes=413 path=/api/v1/logs/1 message="cat log benchmark line 157" trace=tr-00002669
2026-04-27T12:02:38.158Z level=ERROR service=session request_id=req-000158 user_id=1061 latency_ms=162 payload_bytes=414 path=/api/v1/logs/2 message="cat log benchmark line 158" trace=tr-00002686
2026-04-27T12:02:39.159Z level=TRACE service=renderer request_id=req-000159 user_id=1062 latency_ms=163 payload_bytes=415 path=/api/v1/logs/3 message="cat log benchmark line 159" trace=tr-00002703
2026-04-27T12:02:40.160Z level=INFO service=gateway request_id=req-000160 user_id=1063 latency_ms=164 payload_bytes=416 path=/api/v1/logs/4 message="cat log benchmark line 160" trace=tr-00002720
2026-04-27T12:02:41.161Z level=DEBUG service=timeline request_id=req-000161 user_id=1064 latency_ms=165 payload_bytes=417 path=/api/v1/logs/5 message="cat log benchmark line 161" trace=tr-00002737
2026-04-27T12:02:42.162Z level=WARN service=session request_id=req-000162 user_id=1065 latency_ms=166 payload_bytes=418 path=/api/v1/logs/6 message="cat log benchmark line 162" trace=tr-00002754
2026-04-27T12:02:43.163Z level=ERROR service=renderer request_id=req-000163 user_id=1066 latency_ms=167 payload_bytes=419 path=/api/v1/logs/7 message="cat log benchmark line 163" trace=tr-00002771
2026-04-27T12:02:44.164Z level=TRACE service=gateway request_id=req-000164 user_id=1067 latency_ms=168 payload_bytes=420 path=/api/v1/logs/8 message="cat log benchmark line 164" trace=tr-00002788
2026-04-27T12:02:45.165Z level=INFO service=timeline request_id=req-000165 user_id=1068 latency_ms=169 payload_bytes=421 path=/api/v1/logs/9 message="cat log benchmark line 165" trace=tr-00002805
2026-04-27T12:02:46.166Z level=DEBUG service=session request_id=req-000166 user_id=1069 latency_ms=170 payload_bytes=422 path=/api/v1/logs/10 message="cat log benchmark line 166" trace=tr-00002822
2026-04-27T12:02:47.167Z level=WARN service=renderer request_id=req-000167 user_id=1070 latency_ms=171 payload_bytes=423 path=/api/v1/logs/11 message="cat log benchmark line 167" trace=tr-00002839
2026-04-27T12:02:48.168Z level=ERROR service=gateway request_id=req-000168 user_id=1071 latency_ms=172 payload_bytes=424 path=/api/v1/logs/12 message="cat log benchmark line 168" trace=tr-00002856
2026-04-27T12:02:49.169Z level=TRACE service=timeline request_id=req-000169 user_id=1072 latency_ms=173 payload_bytes=425 path=/api/v1/logs/0 message="cat log benchmark line 169" trace=tr-00002873
2026-04-27T12:02:50.170Z level=INFO service=session request_id=req-000170 user_id=1073 latency_ms=174 payload_bytes=426 path=/api/v1/logs/1 message="cat log benchmark line 170" trace=tr-00002890
2026-04-27T12:02:51.171Z level=DEBUG service=renderer request_id=req-000171 user_id=1074 latency_ms=175 payload_bytes=427 path=/api/v1/logs/2 message="cat log benchmark line 171" trace=tr-00002907
2026-04-27T12:02:52.172Z level=WARN service=gateway request_id=req-000172 user_id=1075 latency_ms=176 payload_bytes=428 path=/api/v1/logs/3 message="cat log benchmark line 172" trace=tr-00002924
2026-04-27T12:02:53.173Z level=ERROR service=timeline request_id=req-000173 user_id=1076 latency_ms=177 payload_bytes=429 path=/api/v1/logs/4 message="cat log benchmark line 173" trace=tr-00002941
2026-04-27T12:02:54.174Z level=TRACE service=session request_id=req-000174 user_id=1077 latency_ms=178 payload_bytes=430 path=/api/v1/logs/5 message="cat log benchmark line 174" trace=tr-00002958
2026-04-27T12:02:55.175Z level=INFO service=renderer request_id=req-000175 user_id=1078 latency_ms=179 payload_bytes=431 path=/api/v1/logs/6 message="cat log benchmark line 175" trace=tr-00002975
2026-04-27T12:02:56.176Z level=DEBUG service=gateway request_id=req-000176 user_id=1079 latency_ms=180 payload_bytes=432 path=/api/v1/logs/7 message="cat log benchmark line 176" trace=tr-00002992
2026-04-27T12:02:57.177Z level=WARN service=timeline request_id=req-000177 user_id=1080 latency_ms=181 payload_bytes=433 path=/api/v1/logs/8 message="cat log benchmark line 177" trace=tr-00003009
2026-04-27T12:02:58.178Z level=ERROR service=session request_id=req-000178 user_id=1081 latency_ms=182 payload_bytes=434 path=/api/v1/logs/9 message="cat log benchmark line 178" trace=tr-00003026
2026-04-27T12:02:59.179Z level=TRACE service=renderer request_id=req-000179 user_id=1082 latency_ms=183 payload_bytes=435 path=/api/v1/logs/10 message="cat log benchmark line 179" trace=tr-00003043
2026-04-27T12:03:00.180Z level=INFO service=gateway request_id=req-000180 user_id=1083 latency_ms=184 payload_bytes=436 path=/api/v1/logs/11 message="cat log benchmark line 180" trace=tr-00003060
2026-04-27T12:03:01.181Z level=DEBUG service=timeline request_id=req-000181 user_id=1084 latency_ms=185 payload_bytes=437 path=/api/v1/logs/12 message="cat log benchmark line 181" trace=tr-00003077
2026-04-27T12:03:02.182Z level=WARN service=session request_id=req-000182 user_id=1085 latency_ms=186 payload_bytes=438 path=/api/v1/logs/0 message="cat log benchmark line 182" trace=tr-00003094
2026-04-27T12:03:03.183Z level=ERROR service=renderer request_id=req-000183 user_id=1086 latency_ms=187 payload_bytes=439 path=/api/v1/logs/1 message="cat log benchmark line 183" trace=tr-00003111
2026-04-27T12:03:04.184Z level=TRACE service=gateway request_id=req-000184 user_id=1087 latency_ms=188 payload_bytes=440 path=/api/v1/logs/2 message="cat log benchmark line 184" trace=tr-00003128
2026-04-27T12:03:05.185Z level=INFO service=timeline request_id=req-000185 user_id=1088 latency_ms=189 payload_bytes=441 path=/api/v1/logs/3 message="cat log benchmark line 185" trace=tr-00003145
2026-04-27T12:03:06.186Z level=DEBUG service=session request_id=req-000186 user_id=1089 latency_ms=190 payload_bytes=442 path=/api/v1/logs/4 message="cat log benchmark line 186" trace=tr-00003162
2026-04-27T12:03:07.187Z level=WARN service=renderer request_id=req-000187 user_id=1090 latency_ms=191 payload_bytes=443 path=/api/v1/logs/5 message="cat log benchmark line 187" trace=tr-00003179
2026-04-27T12:03:08.188Z level=ERROR service=gateway request_id=req-000188 user_id=1091 latency_ms=192 payload_bytes=444 path=/api/v1/logs/6 message="cat log benchmark line 188" trace=tr-00003196
2026-04-27T12:03:09.189Z level=TRACE service=timeline request_id=req-000189 user_id=1092 latency_ms=193 payload_bytes=445 path=/api/v1/logs/7 message="cat log benchmark line 189" trace=tr-00003213
2026-04-27T12:03:10.190Z level=INFO service=session request_id=req-000190 user_id=1093 latency_ms=194 payload_bytes=446 path=/api/v1/logs/8 message="cat log benchmark line 190" trace=tr-00003230
2026-04-27T12:03:11.191Z level=DEBUG service=renderer request_id=req-000191 user_id=1094 latency_ms=195 payload_bytes=447 path=/api/v1/logs/9 message="cat log benchmark line 191" trace=tr-00003247
2026-04-27T12:03:12.192Z level=WARN service=gateway request_id=req-000192 user_id=1095 latency_ms=196 payload_bytes=448 path=/api/v1/logs/10 message="cat log benchmark line 192" trace=tr-00003264
2026-04-27T12:03:13.193Z level=ERROR service=timeline request_id=req-000193 user_id=1096 latency_ms=197 payload_bytes=449 path=/api/v1/logs/11 message="cat log benchmark line 193" trace=tr-00003281
2026-04-27T12:03:14.194Z level=TRACE service=session request_id=req-000194 user_id=1000 latency_ms=198 payload_bytes=450 path=/api/v1/logs/12 message="cat log benchmark line 194" trace=tr-00003298
2026-04-27T12:03:15.195Z level=INFO service=renderer request_id=req-000195 user_id=1001 latency_ms=199 payload_bytes=451 path=/api/v1/logs/0 message="cat log benchmark line 195" trace=tr-00003315
2026-04-27T12:03:16.196Z level=DEBUG service=gateway request_id=req-000196 user_id=1002 latency_ms=200 payload_bytes=452 path=/api/v1/logs/1 message="cat log benchmark line 196" trace=tr-00003332
2026-04-27T12:03:17.197Z level=WARN service=timeline request_id=req-000197 user_id=1003 latency_ms=201 payload_bytes=453 path=/api/v1/logs/2 message="cat log benchmark line 197" trace=tr-00003349
2026-04-27T12:03:18.198Z level=ERROR service=session request_id=req-000198 user_id=1004 latency_ms=202 payload_bytes=454 path=/api/v1/logs/3 message="cat log benchmark line 198" trace=tr-00003366
2026-04-27T12:03:19.199Z level=TRACE service=renderer request_id=req-000199 user_id=1005 latency_ms=203 payload_bytes=455 path=/api/v1/logs/4 message="cat log benchmark line 199" trace=tr-00003383
2026-04-27T12:03:20.200Z level=INFO service=gateway request_id=req-000200 user_id=1006 latency_ms=204 payload_bytes=456 path=/api/v1/logs/5 message="cat log benchmark line 200" trace=tr-00003400
2026-04-27T12:03:21.201Z level=DEBUG service=timeline request_id=req-000201 user_id=1007 latency_ms=205 payload_bytes=457 path=/api/v1/logs/6 message="cat log benchmark line 201" trace=tr-00003417
2026-04-27T12:03:22.202Z level=WARN service=session request_id=req-000202 user_id=1008 latency_ms=206 payload_bytes=458 path=/api/v1/logs/7 message="cat log benchmark line 202" trace=tr-00003434
2026-04-27T12:03:23.203Z level=ERROR service=renderer request_id=req-000203 user_id=1009 latency_ms=207 payload_bytes=459 path=/api/v1/logs/8 message="cat log benchmark line 203" trace=tr-00003451
2026-04-27T12:03:24.204Z level=TRACE service=gateway request_id=req-000204 user_id=1010 latency_ms=208 payload_bytes=460 path=/api/v1/logs/9 message="cat log benchmark line 204" trace=tr-00003468
2026-04-27T12:03:25.205Z level=INFO service=timeline request_id=req-000205 user_id=1011 latency_ms=209 payload_bytes=461 path=/api/v1/logs/10 message="cat log benchmark line 205" trace=tr-00003485
2026-04-27T12:03:26.206Z level=DEBUG service=session request_id=req-000206 user_id=1012 latency_ms=210 payload_bytes=462 path=/api/v1/logs/11 message="cat log benchmark line 206" trace=tr-00003502
2026-04-27T12:03:27.207Z level=WARN service=renderer request_id=req-000207 user_id=1013 latency_ms=211 payload_bytes=463 path=/api/v1/logs/12 message="cat log benchmark line 207" trace=tr-00003519
2026-04-27T12:03:28.208Z level=ERROR service=gateway request_id=req-000208 user_id=1014 latency_ms=212 payload_bytes=464 path=/api/v1/logs/0 message="cat log benchmark line 208" trace=tr-00003536
2026-04-27T12:03:29.209Z level=TRACE service=timeline request_id=req-000209 user_id=1015 latency_ms=213 payload_bytes=465 path=/api/v1/logs/1 message="cat log benchmark line 209" trace=tr-00003553
2026-04-27T12:03:30.210Z level=INFO service=session request_id=req-000210 user_id=1016 latency_ms=214 payload_bytes=466 path=/api/v1/logs/2 message="cat log benchmark line 210" trace=tr-00003570
2026-04-27T12:03:31.211Z level=DEBUG service=renderer request_id=req-000211 user_id=1017 latency_ms=215 payload_bytes=467 path=/api/v1/logs/3 message="cat log benchmark line 211" trace=tr-00003587
2026-04-27T12:03:32.212Z level=WARN service=gateway request_id=req-000212 user_id=1018 latency_ms=216 payload_bytes=468 path=/api/v1/logs/4 message="cat log benchmark line 212" trace=tr-00003604
2026-04-27T12:03:33.213Z level=ERROR service=timeline request_id=req-000213 user_id=1019 latency_ms=217 payload_bytes=469 path=/api/v1/logs/5 message="cat log benchmark line 213" trace=tr-00003621
2026-04-27T12:03:34.214Z level=TRACE service=session request_id=req-000214 user_id=1020 latency_ms=218 payload_bytes=470 path=/api/v1/logs/6 message="cat log benchmark line 214" trace=tr-00003638
2026-04-27T12:03:35.215Z level=INFO service=renderer request_id=req-000215 user_id=1021 latency_ms=219 payload_bytes=471 path=/api/v1/logs/7 message="cat log benchmark line 215" trace=tr-00003655
2026-04-27T12:03:36.216Z level=DEBUG service=gateway request_id=req-000216 user_id=1022 latency_ms=220 payload_bytes=472 path=/api/v1/logs/8 message="cat log benchmark line 216" trace=tr-00003672
2026-04-27T12:03:37.217Z level=WARN service=timeline request_id=req-000217 user_id=1023 latency_ms=221 payload_bytes=473 path=/api/v1/logs/9 message="cat log benchmark line 217" trace=tr-00003689
2026-04-27T12:03:38.218Z level=ERROR service=session request_id=req-000218 user_id=1024 latency_ms=222 payload_bytes=474 path=/api/v1/logs/10 message="cat log benchmark line 218" trace=tr-00003706
2026-04-27T12:03:39.219Z level=TRACE service=renderer request_id=req-000219 user_id=1025 latency_ms=223 payload_bytes=475 path=/api/v1/logs/11 message="cat log benchmark line 219" trace=tr-00003723
2026-04-27T12:03:40.220Z level=INFO service=gateway request_id=req-000220 user_id=1026 latency_ms=224 payload_bytes=476 path=/api/v1/logs/12 message="cat log benchmark line 220" trace=tr-00003740
2026-04-27T12:03:41.221Z level=DEBUG service=timeline request_id=req-000221 user_id=1027 latency_ms=225 payload_bytes=477 path=/api/v1/logs/0 message="cat log benchmark line 221" trace=tr-00003757
2026-04-27T12:03:42.222Z level=WARN service=session request_id=req-000222 user_id=1028 latency_ms=226 payload_bytes=478 path=/api/v1/logs/1 message="cat log benchmark line 222" trace=tr-00003774
2026-04-27T12:03:43.223Z level=ERROR service=renderer request_id=req-000223 user_id=1029 latency_ms=227 payload_bytes=479 path=/api/v1/logs/2 message="cat log benchmark line 223" trace=tr-00003791
2026-04-27T12:03:44.224Z level=TRACE service=gateway request_id=req-000224 user_id=1030 latency_ms=228 payload_bytes=480 path=/api/v1/logs/3 message="cat log benchmark line 224" trace=tr-00003808
2026-04-27T12:03:45.225Z level=INFO service=timeline request_id=req-000225 user_id=1031 latency_ms=229 payload_bytes=481 path=/api/v1/logs/4 message="cat log benchmark line 225" trace=tr-00003825
2026-04-27T12:03:46.226Z level=DEBUG service=session request_id=req-000226 user_id=1032 latency_ms=230 payload_bytes=482 path=/api/v1/logs/5 message="cat log benchmark line 226" trace=tr-00003842
2026-04-27T12:03:47.227Z level=WARN service=renderer request_id=req-000227 user_id=1033 latency_ms=231 payload_bytes=483 path=/api/v1/logs/6 message="cat log benchmark line 227" trace=tr-00003859
2026-04-27T12:03:48.228Z level=ERROR service=gateway request_id=req-000228 user_id=1034 latency_ms=232 payload_bytes=484 path=/api/v1/logs/7 message="cat log benchmark line 228" trace=tr-00003876
2026-04-27T12:03:49.229Z level=TRACE service=timeline request_id=req-000229 user_id=1035 latency_ms=233 payload_bytes=485 path=/api/v1/logs/8 message="cat log benchmark line 229" trace=tr-00003893
2026-04-27T12:03:50.230Z level=INFO service=session request_id=req-000230 user_id=1036 latency_ms=234 payload_bytes=486 path=/api/v1/logs/9 message="cat log benchmark line 230" trace=tr-00003910
2026-04-27T12:03:51.231Z level=DEBUG service=renderer request_id=req-000231 user_id=1037 latency_ms=235 payload_bytes=487 path=/api/v1/logs/10 message="cat log benchmark line 231" trace=tr-00003927
2026-04-27T12:03:52.232Z level=WARN service=gateway request_id=req-000232 user_id=1038 latency_ms=236 payload_bytes=488 path=/api/v1/logs/11 message="cat log benchmark line 232" trace=tr-00003944
2026-04-27T12:03:53.233Z level=ERROR service=timeline request_id=req-000233 user_id=1039 latency_ms=237 payload_bytes=489 path=/api/v1/logs/12 message="cat log benchmark line 233" trace=tr-00003961
2026-04-27T12:03:54.234Z level=TRACE service=session request_id=req-000234 user_id=1040 latency_ms=238 payload_bytes=490 path=/api/v1/logs/0 message="cat log benchmark line 234" trace=tr-00003978
2026-04-27T12:03:55.235Z level=INFO service=renderer request_id=req-000235 user_id=1041 latency_ms=239 payload_bytes=491 path=/api/v1/logs/1 message="cat log benchmark line 235" trace=tr-00003995
2026-04-27T12:03:56.236Z level=DEBUG service=gateway request_id=req-000236 user_id=1042 latency_ms=240 payload_bytes=492 path=/api/v1/logs/2 message="cat log benchmark line 236" trace=tr-00004012
2026-04-27T12:03:57.237Z level=WARN service=timeline request_id=req-000237 user_id=1043 latency_ms=241 payload_bytes=493 path=/api/v1/logs/3 message="cat log benchmark line 237" trace=tr-00004029
2026-04-27T12:03:58.238Z level=ERROR service=session request_id=req-000238 user_id=1044 latency_ms=242 payload_bytes=494 path=/api/v1/logs/4 message="cat log benchmark line 238" trace=tr-00004046
2026-04-27T12:03:59.239Z level=TRACE service=renderer request_id=req-000239 user_id=1045 latency_ms=243 payload_bytes=495 path=/api/v1/logs/5 message="cat log benchmark line 239" trace=tr-00004063
2026-04-27T12:04:00.240Z level=INFO service=gateway request_id=req-000240 user_id=1046 latency_ms=4 payload_bytes=496 path=/api/v1/logs/6 message="cat log benchmark line 240" trace=tr-00004080
2026-04-27T12:04:01.241Z level=DEBUG service=timeline request_id=req-000241 user_id=1047 latency_ms=5 payload_bytes=497 path=/api/v1/logs/7 message="cat log benchmark line 241" trace=tr-00004097
2026-04-27T12:04:02.242Z level=WARN service=session request_id=req-000242 user_id=1048 latency_ms=6 payload_bytes=498 path=/api/v1/logs/8 message="cat log benchmark line 242" trace=tr-00004114
2026-04-27T12:04:03.243Z level=ERROR service=renderer request_id=req-000243 user_id=1049 latency_ms=7 payload_bytes=499 path=/api/v1/logs/9 message="cat log benchmark line 243" trace=tr-00004131
2026-04-27T12:04:04.244Z level=TRACE service=gateway request_id=req-000244 user_id=1050 latency_ms=8 payload_bytes=500 path=/api/v1/logs/10 message="cat log benchmark line 244" trace=tr-00004148
2026-04-27T12:04:05.245Z level=INFO service=timeline request_id=req-000245 user_id=1051 latency_ms=9 payload_bytes=501 path=/api/v1/logs/11 message="cat log benchmark line 245" trace=tr-00004165
2026-04-27T12:04:06.246Z level=DEBUG service=session request_id=req-000246 user_id=1052 latency_ms=10 payload_bytes=502 path=/api/v1/logs/12 message="cat log benchmark line 246" trace=tr-00004182
2026-04-27T12:04:07.247Z level=WARN service=renderer request_id=req-000247 user_id=1053 latency_ms=11 payload_bytes=503 path=/api/v1/logs/0 message="cat log benchmark line 247" trace=tr-00004199
2026-04-27T12:04:08.248Z level=ERROR service=gateway request_id=req-000248 user_id=1054 latency_ms=12 payload_bytes=504 path=/api/v1/logs/1 message="cat log benchmark line 248" trace=tr-00004216
2026-04-27T12:04:09.249Z level=TRACE service=timeline request_id=req-000249 user_id=1055 latency_ms=13 payload_bytes=505 path=/api/v1/logs/2 message="cat log benchmark line 249" trace=tr-00004233
2026-04-27T12:04:10.250Z level=INFO service=session request_id=req-000250 user_id=1056 latency_ms=14 payload_bytes=506 path=/api/v1/logs/3 message="cat log benchmark line 250" trace=tr-00004250
2026-04-27T12:04:11.251Z level=DEBUG service=renderer request_id=req-000251 user_id=1057 latency_ms=15 payload_bytes=507 path=/api/v1/logs/4 message="cat log benchmark line 251" trace=tr-00004267
2026-04-27T12:04:12.252Z level=WARN service=gateway request_id=req-000252 user_id=1058 latency_ms=16 payload_bytes=508 path=/api/v1/logs/5 message="cat log benchmark line 252" trace=tr-00004284
2026-04-27T12:04:13.253Z level=ERROR service=timeline request_id=req-000253 user_id=1059 latency_ms=17 payload_bytes=509 path=/api/v1/logs/6 message="cat log benchmark line 253" trace=tr-00004301
2026-04-27T12:04:14.254Z level=TRACE service=session request_id=req-000254 user_id=1060 latency_ms=18 payload_bytes=510 path=/api/v1/logs/7 message="cat log benchmark line 254" trace=tr-00004318
2026-04-27T12:04:15.255Z level=INFO service=renderer request_id=req-000255 user_id=1061 latency_ms=19 payload_bytes=511 path=/api/v1/logs/8 message="cat log benchmark line 255" trace=tr-00004335
2026-04-27T12:04:16.256Z level=DEBUG service=gateway request_id=req-000256 user_id=1062 latency_ms=20 payload_bytes=512 path=/api/v1/logs/9 message="cat log benchmark line 256" trace=tr-00004352
2026-04-27T12:04:17.257Z level=WARN service=timeline request_id=req-000257 user_id=1063 latency_ms=21 payload_bytes=513 path=/api/v1/logs/10 message="cat log benchmark line 257" trace=tr-00004369
2026-04-27T12:04:18.258Z level=ERROR service=session request_id=req-000258 user_id=1064 latency_ms=22 payload_bytes=514 path=/api/v1/logs/11 message="cat log benchmark line 258" trace=tr-00004386
2026-04-27T12:04:19.259Z level=TRACE service=renderer request_id=req-000259 user_id=1065 latency_ms=23 payload_bytes=515 path=/api/v1/logs/12 message="cat log benchmark line 259" trace=tr-00004403
2026-04-27T12:04:20.260Z level=INFO service=gateway request_id=req-000260 user_id=1066 latency_ms=24 payload_bytes=516 path=/api/v1/logs/0 message="cat log benchmark line 260" trace=tr-00004420
2026-04-27T12:04:21.261Z level=DEBUG service=timeline request_id=req-000261 user_id=1067 latency_ms=25 payload_bytes=517 path=/api/v1/logs/1 message="cat log benchmark line 261" trace=tr-00004437
2026-04-27T12:04:22.262Z level=WARN service=session request_id=req-000262 user_id=1068 latency_ms=26 payload_bytes=518 path=/api/v1/logs/2 message="cat log benchmark line 262" trace=tr-00004454
2026-04-27T12:04:23.263Z level=ERROR service=renderer request_id=req-000263 user_id=1069 latency_ms=27 payload_bytes=519 path=/api/v1/logs/3 message="cat log benchmark line 263" trace=tr-00004471
2026-04-27T12:04:24.264Z level=TRACE service=gateway request_id=req-000264 user_id=1070 latency_ms=28 payload_bytes=520 path=/api/v1/logs/4 message="cat log benchmark line 264" trace=tr-00004488
2026-04-27T12:04:25.265Z level=INFO service=timeline request_id=req-000265 user_id=1071 latency_ms=29 payload_bytes=521 path=/api/v1/logs/5 message="cat log benchmark line 265" trace=tr-00004505
2026-04-27T12:04:26.266Z level=DEBUG service=session request_id=req-000266 user_id=1072 latency_ms=30 payload_bytes=522 path=/api/v1/logs/6 message="cat log benchmark line 266" trace=tr-00004522
2026-04-27T12:04:27.267Z level=WARN service=renderer request_id=req-000267 user_id=1073 latency_ms=31 payload_bytes=523 path=/api/v1/logs/7 message="cat log benchmark line 267" trace=tr-00004539
2026-04-27T12:04:28.268Z level=ERROR service=gateway request_id=req-000268 user_id=1074 latency_ms=32 payload_bytes=524 path=/api/v1/logs/8 message="cat log benchmark line 268" trace=tr-00004556
2026-04-27T12:04:29.269Z level=TRACE service=timeline request_id=req-000269 user_id=1075 latency_ms=33 payload_bytes=525 path=/api/v1/logs/9 message="cat log benchmark line 269" trace=tr-00004573
2026-04-27T12:04:30.270Z level=INFO service=session request_id=req-000270 user_id=1076 latency_ms=34 payload_bytes=526 path=/api/v1/logs/10 message="cat log benchmark line 270" trace=tr-00004590
2026-04-27T12:04:31.271Z level=DEBUG service=renderer request_id=req-000271 user_id=1077 latency_ms=35 payload_bytes=527 path=/api/v1/logs/11 message="cat log benchmark line 271" trace=tr-00004607
2026-04-27T12:04:32.272Z level=WARN service=gateway request_id=req-000272 user_id=1078 latency_ms=36 payload_bytes=528 path=/api/v1/logs/12 message="cat log benchmark line 272" trace=tr-00004624
2026-04-27T12:04:33.273Z level=ERROR service=timeline request_id=req-000273 user_id=1079 latency_ms=37 payload_bytes=529 path=/api/v1/logs/0 message="cat log benchmark line 273" trace=tr-00004641
2026-04-27T12:04:34.274Z level=TRACE service=session request_id=req-000274 user_id=1080 latency_ms=38 payload_bytes=530 path=/api/v1/logs/1 message="cat log benchmark line 274" trace=tr-00004658
2026-04-27T12:04:35.275Z level=INFO service=renderer request_id=req-000275 user_id=1081 latency_ms=39 payload_bytes=531 path=/api/v1/logs/2 message="cat log benchmark line 275" trace=tr-00004675
2026-04-27T12:04:36.276Z level=DEBUG service=gateway request_id=req-000276 user_id=1082 latency_ms=40 payload_bytes=532 path=/api/v1/logs/3 message="cat log benchmark line 276" trace=tr-00004692
2026-04-27T12:04:37.277Z level=WARN service=timeline request_id=req-000277 user_id=1083 latency_ms=41 payload_bytes=533 path=/api/v1/logs/4 message="cat log benchmark line 277" trace=tr-00004709
2026-04-27T12:04:38.278Z level=ERROR service=session request_id=req-000278 user_id=1084 latency_ms=42 payload_bytes=534 path=/api/v1/logs/5 message="cat log benchmark line 278" trace=tr-00004726
2026-04-27T12:04:39.279Z level=TRACE service=renderer request_id=req-000279 user_id=1085 latency_ms=43 payload_bytes=535 path=/api/v1/logs/6 message="cat log benchmark line 279" trace=tr-00004743
2026-04-27T12:04:40.280Z level=INFO service=gateway request_id=req-000280 user_id=1086 latency_ms=44 payload_bytes=536 path=/api/v1/logs/7 message="cat log benchmark line 280" trace=tr-00004760
2026-04-27T12:04:41.281Z level=DEBUG service=timeline request_id=req-000281 user_id=1087 latency_ms=45 payload_bytes=537 path=/api/v1/logs/8 message="cat log benchmark line 281" trace=tr-00004777
2026-04-27T12:04:42.282Z level=WARN service=session request_id=req-000282 user_id=1088 latency_ms=46 payload_bytes=538 path=/api/v1/logs/9 message="cat log benchmark line 282" trace=tr-00004794
2026-04-27T12:04:43.283Z level=ERROR service=renderer request_id=req-000283 user_id=1089 latency_ms=47 payload_bytes=539 path=/api/v1/logs/10 message="cat log benchmark line 283" trace=tr-00004811
2026-04-27T12:04:44.284Z level=TRACE service=gateway request_id=req-000284 user_id=1090 latency_ms=48 payload_bytes=540 path=/api/v1/logs/11 message="cat log benchmark line 284" trace=tr-00004828
2026-04-27T12:04:45.285Z level=INFO service=timeline request_id=req-000285 user_id=1091 latency_ms=49 payload_bytes=541 path=/api/v1/logs/12 message="cat log benchmark line 285" trace=tr-00004845
2026-04-27T12:04:46.286Z level=DEBUG service=session request_id=req-000286 user_id=1092 latency_ms=50 payload_bytes=542 path=/api/v1/logs/0 message="cat log benchmark line 286" trace=tr-00004862
2026-04-27T12:04:47.287Z level=WARN service=renderer request_id=req-000287 user_id=1093 latency_ms=51 payload_bytes=543 path=/api/v1/logs/1 message="cat log benchmark line 287" trace=tr-00004879
2026-04-27T12:04:48.288Z level=ERROR service=gateway request_id=req-000288 user_id=1094 latency_ms=52 payload_bytes=544 path=/api/v1/logs/2 message="cat log benchmark line 288" trace=tr-00004896
2026-04-27T12:04:49.289Z level=TRACE service=timeline request_id=req-000289 user_id=1095 latency_ms=53 payload_bytes=545 path=/api/v1/logs/3 message="cat log benchmark line 289" trace=tr-00004913
2026-04-27T12:04:50.290Z level=INFO service=session request_id=req-000290 user_id=1096 latency_ms=54 payload_bytes=546 path=/api/v1/logs/4 message="cat log benchmark line 290" trace=tr-00004930
2026-04-27T12:04:51.291Z level=DEBUG service=renderer request_id=req-000291 user_id=1000 latency_ms=55 payload_bytes=547 path=/api/v1/logs/5 message="cat log benchmark line 291" trace=tr-00004947
2026-04-27T12:04:52.292Z level=WARN service=gateway request_id=req-000292 user_id=1001 latency_ms=56 payload_bytes=548 path=/api/v1/logs/6 message="cat log benchmark line 292" trace=tr-00004964
2026-04-27T12:04:53.293Z level=ERROR service=timeline request_id=req-000293 user_id=1002 latency_ms=57 payload_bytes=549 path=/api/v1/logs/7 message="cat log benchmark line 293" trace=tr-00004981
2026-04-27T12:04:54.294Z level=TRACE service=session request_id=req-000294 user_id=1003 latency_ms=58 payload_bytes=550 path=/api/v1/logs/8 message="cat log benchmark line 294" trace=tr-00004998
2026-04-27T12:04:55.295Z level=INFO service=renderer request_id=req-000295 user_id=1004 latency_ms=59 payload_bytes=551 path=/api/v1/logs/9 message="cat log benchmark line 295" trace=tr-00005015
2026-04-27T12:04:56.296Z level=DEBUG service=gateway request_id=req-000296 user_id=1005 latency_ms=60 payload_bytes=552 path=/api/v1/logs/10 message="cat log benchmark line 296" trace=tr-00005032
2026-04-27T12:04:57.297Z level=WARN service=timeline request_id=req-000297 user_id=1006 latency_ms=61 payload_bytes=553 path=/api/v1/logs/11 message="cat log benchmark line 297" trace=tr-00005049
2026-04-27T12:04:58.298Z level=ERROR service=session request_id=req-000298 user_id=1007 latency_ms=62 payload_bytes=554 path=/api/v1/logs/12 message="cat log benchmark line 298" trace=tr-00005066
2026-04-27T12:04:59.299Z level=TRACE service=renderer request_id=req-000299 user_id=1008 latency_ms=63 payload_bytes=555 path=/api/v1/logs/0 message="cat log benchmark line 299" trace=tr-00005083
2026-04-27T12:05:00.300Z level=INFO service=gateway request_id=req-000300 user_id=1009 latency_ms=64 payload_bytes=556 path=/api/v1/logs/1 message="cat log benchmark line 300" trace=tr-00005100
2026-04-27T12:05:01.301Z level=DEBUG service=timeline request_id=req-000301 user_id=1010 latency_ms=65 payload_bytes=557 path=/api/v1/logs/2 message="cat log benchmark line 301" trace=tr-00005117
2026-04-27T12:05:02.302Z level=WARN service=session request_id=req-000302 user_id=1011 latency_ms=66 payload_bytes=558 path=/api/v1/logs/3 message="cat log benchmark line 302" trace=tr-00005134
2026-04-27T12:05:03.303Z level=ERROR service=renderer request_id=req-000303 user_id=1012 latency_ms=67 payload_bytes=559 path=/api/v1/logs/4 message="cat log benchmark line 303" trace=tr-00005151
2026-04-27T12:05:04.304Z level=TRACE service=gateway request_id=req-000304 user_id=1013 latency_ms=68 payload_bytes=560 path=/api/v1/logs/5 message="cat log benchmark line 304" trace=tr-00005168
2026-04-27T12:05:05.305Z level=INFO service=timeline request_id=req-000305 user_id=1014 latency_ms=69 payload_bytes=561 path=/api/v1/logs/6 message="cat log benchmark line 305" trace=tr-00005185
2026-04-27T12:05:06.306Z level=DEBUG service=session request_id=req-000306 user_id=1015 latency_ms=70 payload_bytes=562 path=/api/v1/logs/7 message="cat log benchmark line 306" trace=tr-00005202
2026-04-27T12:05:07.307Z level=WARN service=renderer request_id=req-000307 user_id=1016 latency_ms=71 payload_bytes=563 path=/api/v1/logs/8 message="cat log benchmark line 307" trace=tr-00005219
2026-04-27T12:05:08.308Z level=ERROR service=gateway request_id=req-000308 user_id=1017 latency_ms=72 payload_bytes=564 path=/api/v1/logs/9 message="cat log benchmark line 308" trace=tr-00005236
2026-04-27T12:05:09.309Z level=TRACE service=timeline request_id=req-000309 user_id=1018 latency_ms=73 payload_bytes=565 path=/api/v1/logs/10 message="cat log benchmark line 309" trace=tr-00005253
2026-04-27T12:05:10.310Z level=INFO service=session request_id=req-000310 user_id=1019 latency_ms=74 payload_bytes=566 path=/api/v1/logs/11 message="cat log benchmark line 310" trace=tr-00005270
2026-04-27T12:05:11.311Z level=DEBUG service=renderer request_id=req-000311 user_id=1020 latency_ms=75 payload_bytes=567 path=/api/v1/logs/12 message="cat log benchmark line 311" trace=tr-00005287
2026-04-27T12:05:12.312Z level=WARN service=gateway request_id=req-000312 user_id=1021 latency_ms=76 payload_bytes=568 path=/api/v1/logs/0 message="cat log benchmark line 312" trace=tr-00005304
2026-04-27T12:05:13.313Z level=ERROR service=timeline request_id=req-000313 user_id=1022 latency_ms=77 payload_bytes=569 path=/api/v1/logs/1 message="cat log benchmark line 313" trace=tr-00005321
2026-04-27T12:05:14.314Z level=TRACE service=session request_id=req-000314 user_id=1023 latency_ms=78 payload_bytes=570 path=/api/v1/logs/2 message="cat log benchmark line 314" trace=tr-00005338
2026-04-27T12:05:15.315Z level=INFO service=renderer request_id=req-000315 user_id=1024 latency_ms=79 payload_bytes=571 path=/api/v1/logs/3 message="cat log benchmark line 315" trace=tr-00005355
2026-04-27T12:05:16.316Z level=DEBUG service=gateway request_id=req-000316 user_id=1025 latency_ms=80 payload_bytes=572 path=/api/v1/logs/4 message="cat log benchmark line 316" trace=tr-00005372
2026-04-27T12:05:17.317Z level=WARN service=timeline request_id=req-000317 user_id=1026 latency_ms=81 payload_bytes=573 path=/api/v1/logs/5 message="cat log benchmark line 317" trace=tr-00005389
2026-04-27T12:05:18.318Z level=ERROR service=session request_id=req-000318 user_id=1027 latency_ms=82 payload_bytes=574 path=/api/v1/logs/6 message="cat log benchmark line 318" trace=tr-00005406
2026-04-27T12:05:19.319Z level=TRACE service=renderer request_id=req-000319 user_id=1028 latency_ms=83 payload_bytes=575 path=/api/v1/logs/7 message="cat log benchmark line 319" trace=tr-00005423
2026-04-27T12:05:20.320Z level=INFO service=gateway request_id=req-000320 user_id=1029 latency_ms=84 payload_bytes=576 path=/api/v1/logs/8 message="cat log benchmark line 320" trace=tr-00005440
2026-04-27T12:05:21.321Z level=DEBUG service=timeline request_id=req-000321 user_id=1030 latency_ms=85 payload_bytes=577 path=/api/v1/logs/9 message="cat log benchmark line 321" trace=tr-00005457
2026-04-27T12:05:22.322Z level=WARN service=session request_id=req-000322 user_id=1031 latency_ms=86 payload_bytes=578 path=/api/v1/logs/10 message="cat log benchmark line 322" trace=tr-00005474
2026-04-27T12:05:23.323Z level=ERROR service=renderer request_id=req-000323 user_id=1032 latency_ms=87 payload_bytes=579 path=/api/v1/logs/11 message="cat log benchmark line 323" trace=tr-00005491
2026-04-27T12:05:24.324Z level=TRACE service=gateway request_id=req-000324 user_id=1033 latency_ms=88 payload_bytes=580 path=/api/v1/logs/12 message="cat log benchmark line 324" trace=tr-00005508
2026-04-27T12:05:25.325Z level=INFO service=timeline request_id=req-000325 user_id=1034 latency_ms=89 payload_bytes=581 path=/api/v1/logs/0 message="cat log benchmark line 325" trace=tr-00005525
2026-04-27T12:05:26.326Z level=DEBUG service=session request_id=req-000326 user_id=1035 latency_ms=90 payload_bytes=582 path=/api/v1/logs/1 message="cat log benchmark line 326" trace=tr-00005542
2026-04-27T12:05:27.327Z level=WARN service=renderer request_id=req-000327 user_id=1036 latency_ms=91 payload_bytes=583 path=/api/v1/logs/2 message="cat log benchmark line 327" trace=tr-00005559
2026-04-27T12:05:28.328Z level=ERROR service=gateway request_id=req-000328 user_id=1037 latency_ms=92 payload_bytes=584 path=/api/v1/logs/3 message="cat log benchmark line 328" trace=tr-00005576
2026-04-27T12:05:29.329Z level=TRACE service=timeline request_id=req-000329 user_id=1038 latency_ms=93 payload_bytes=585 path=/api/v1/logs/4 message="cat log benchmark line 329" trace=tr-00005593
2026-04-27T12:05:30.330Z level=INFO service=session request_id=req-000330 user_id=1039 latency_ms=94 payload_bytes=586 path=/api/v1/logs/5 message="cat log benchmark line 330" trace=tr-00005610
2026-04-27T12:05:31.331Z level=DEBUG service=renderer request_id=req-000331 user_id=1040 latency_ms=95 payload_bytes=587 path=/api/v1/logs/6 message="cat log benchmark line 331" trace=tr-00005627
2026-04-27T12:05:32.332Z level=WARN service=gateway request_id=req-000332 user_id=1041 latency_ms=96 payload_bytes=588 path=/api/v1/logs/7 message="cat log benchmark line 332" trace=tr-00005644
2026-04-27T12:05:33.333Z level=ERROR service=timeline request_id=req-000333 user_id=1042 latency_ms=97 payload_bytes=589 path=/api/v1/logs/8 message="cat log benchmark line 333" trace=tr-00005661
2026-04-27T12:05:34.334Z level=TRACE service=session request_id=req-000334 user_id=1043 latency_ms=98 payload_bytes=590 path=/api/v1/logs/9 message="cat log benchmark line 334" trace=tr-00005678
2026-04-27T12:05:35.335Z level=INFO service=renderer request_id=req-000335 user_id=1044 latency_ms=99 payload_bytes=591 path=/api/v1/logs/10 message="cat log benchmark line 335" trace=tr-00005695
2026-04-27T12:05:36.336Z level=DEBUG service=gateway request_id=req-000336 user_id=1045 latency_ms=100 payload_bytes=592 path=/api/v1/logs/11 message="cat log benchmark line 336" trace=tr-00005712
2026-04-27T12:05:37.337Z level=WARN service=timeline request_id=req-000337 user_id=1046 latency_ms=101 payload_bytes=593 path=/api/v1/logs/12 message="cat log benchmark line 337" trace=tr-00005729
2026-04-27T12:05:38.338Z level=ERROR service=session request_id=req-000338 user_id=1047 latency_ms=102 payload_bytes=594 path=/api/v1/logs/0 message="cat log benchmark line 338" trace=tr-00005746
2026-04-27T12:05:39.339Z level=TRACE service=renderer request_id=req-000339 user_id=1048 latency_ms=103 payload_bytes=595 path=/api/v1/logs/1 message="cat log benchmark line 339" trace=tr-00005763
2026-04-27T12:05:40.340Z level=INFO service=gateway request_id=req-000340 user_id=1049 latency_ms=104 payload_bytes=596 path=/api/v1/logs/2 message="cat log benchmark line 340" trace=tr-00005780
2026-04-27T12:05:41.341Z level=DEBUG service=timeline request_id=req-000341 user_id=1050 latency_ms=105 payload_bytes=597 path=/api/v1/logs/3 message="cat log benchmark line 341" trace=tr-00005797
2026-04-27T12:05:42.342Z level=WARN service=session request_id=req-000342 user_id=1051 latency_ms=106 payload_bytes=598 path=/api/v1/logs/4 message="cat log benchmark line 342" trace=tr-00005814
2026-04-27T12:05:43.343Z level=ERROR service=renderer request_id=req-000343 user_id=1052 latency_ms=107 payload_bytes=599 path=/api/v1/logs/5 message="cat log benchmark line 343" trace=tr-00005831
2026-04-27T12:05:44.344Z level=TRACE service=gateway request_id=req-000344 user_id=1053 latency_ms=108 payload_bytes=600 path=/api/v1/logs/6 message="cat log benchmark line 344" trace=tr-00005848
2026-04-27T12:05:45.345Z level=INFO service=timeline request_id=req-000345 user_id=1054 latency_ms=109 payload_bytes=601 path=/api/v1/logs/7 message="cat log benchmark line 345" trace=tr-00005865
2026-04-27T12:05:46.346Z level=DEBUG service=session request_id=req-000346 user_id=1055 latency_ms=110 payload_bytes=602 path=/api/v1/logs/8 message="cat log benchmark line 346" trace=tr-00005882
2026-04-27T12:05:47.347Z level=WARN service=renderer request_id=req-000347 user_id=1056 latency_ms=111 payload_bytes=603 path=/api/v1/logs/9 message="cat log benchmark line 347" trace=tr-00005899
2026-04-27T12:05:48.348Z level=ERROR service=gateway request_id=req-000348 user_id=1057 latency_ms=112 payload_bytes=604 path=/api/v1/logs/10 message="cat log benchmark line 348" trace=tr-00005916
2026-04-27T12:05:49.349Z level=TRACE service=timeline request_id=req-000349 user_id=1058 latency_ms=113 payload_bytes=605 path=/api/v1/logs/11 message="cat log benchmark line 349" trace=tr-00005933
2026-04-27T12:05:50.350Z level=INFO service=session request_id=req-000350 user_id=1059 latency_ms=114 payload_bytes=606 path=/api/v1/logs/12 message="cat log benchmark line 350" trace=tr-00005950
2026-04-27T12:05:51.351Z level=DEBUG service=renderer request_id=req-000351 user_id=1060 latency_ms=115 payload_bytes=607 path=/api/v1/logs/0 message="cat log benchmark line 351" trace=tr-00005967
2026-04-27T12:05:52.352Z level=WARN service=gateway request_id=req-000352 user_id=1061 latency_ms=116 payload_bytes=608 path=/api/v1/logs/1 message="cat log benchmark line 352" trace=tr-00005984
2026-04-27T12:05:53.353Z level=ERROR service=timeline request_id=req-000353 user_id=1062 latency_ms=117 payload_bytes=609 path=/api/v1/logs/2 message="cat log benchmark line 353" trace=tr-00006001
2026-04-27T12:05:54.354Z level=TRACE service=session request_id=req-000354 user_id=1063 latency_ms=118 payload_bytes=610 path=/api/v1/logs/3 message="cat log benchmark line 354" trace=tr-00006018
2026-04-27T12:05:55.355Z level=INFO service=renderer request_id=req-000355 user_id=1064 latency_ms=119 payload_bytes=611 path=/api/v1/logs/4 message="cat log benchmark line 355" trace=tr-00006035
2026-04-27T12:05:56.356Z level=DEBUG service=gateway request_id=req-000356 user_id=1065 latency_ms=120 payload_bytes=612 path=/api/v1/logs/5 message="cat log benchmark line 356" trace=tr-00006052
2026-04-27T12:05:57.357Z level=WARN service=timeline request_id=req-000357 user_id=1066 latency_ms=121 payload_bytes=613 path=/api/v1/logs/6 message="cat log benchmark line 357" trace=tr-00006069
2026-04-27T12:05:58.358Z level=ERROR service=session request_id=req-000358 user_id=1067 latency_ms=122 payload_bytes=614 path=/api/v1/logs/7 message="cat log benchmark line 358" trace=tr-00006086
2026-04-27T12:05:59.359Z level=TRACE service=renderer request_id=req-000359 user_id=1068 latency_ms=123 payload_bytes=615 path=/api/v1/logs/8 message="cat log benchmark line 359" trace=tr-00006103
2026-04-27T12:06:00.360Z level=INFO service=gateway request_id=req-000360 user_id=1069 latency_ms=124 payload_bytes=616 path=/api/v1/logs/9 message="cat log benchmark line 360" trace=tr-00006120
2026-04-27T12:06:01.361Z level=DEBUG service=timeline request_id=req-000361 user_id=1070 latency_ms=125 payload_bytes=617 path=/api/v1/logs/10 message="cat log benchmark line 361" trace=tr-00006137
2026-04-27T12:06:02.362Z level=WARN service=session request_id=req-000362 user_id=1071 latency_ms=126 payload_bytes=618 path=/api/v1/logs/11 message="cat log benchmark line 362" trace=tr-00006154
2026-04-27T12:06:03.363Z level=ERROR service=renderer request_id=req-000363 user_id=1072 latency_ms=127 payload_bytes=619 path=/api/v1/logs/12 message="cat log benchmark line 363" trace=tr-00006171
2026-04-27T12:06:04.364Z level=TRACE service=gateway request_id=req-000364 user_id=1073 latency_ms=128 payload_bytes=620 path=/api/v1/logs/0 message="cat log benchmark line 364" trace=tr-00006188
2026-04-27T12:06:05.365Z level=INFO service=timeline request_id=req-000365 user_id=1074 latency_ms=129 payload_bytes=621 path=/api/v1/logs/1 message="cat log benchmark line 365" trace=tr-00006205
2026-04-27T12:06:06.366Z level=DEBUG service=session request_id=req-000366 user_id=1075 latency_ms=130 payload_bytes=622 path=/api/v1/logs/2 message="cat log benchmark line 366" trace=tr-00006222
2026-04-27T12:06:07.367Z level=WARN service=renderer request_id=req-000367 user_id=1076 latency_ms=131 payload_bytes=623 path=/api/v1/logs/3 message="cat log benchmark line 367" trace=tr-00006239
2026-04-27T12:06:08.368Z level=ERROR service=gateway request_id=req-000368 user_id=1077 latency_ms=132 payload_bytes=624 path=/api/v1/logs/4 message="cat log benchmark line 368" trace=tr-00006256
2026-04-27T12:06:09.369Z level=TRACE service=timeline request_id=req-000369 user_id=1078 latency_ms=133 payload_bytes=625 path=/api/v1/logs/5 message="cat log benchmark line 369" trace=tr-00006273
2026-04-27T12:06:10.370Z level=INFO service=session request_id=req-000370 user_id=1079 latency_ms=134 payload_bytes=626 path=/api/v1/logs/6 message="cat log benchmark line 370" trace=tr-00006290
2026-04-27T12:06:11.371Z level=DEBUG service=renderer request_id=req-000371 user_id=1080 latency_ms=135 payload_bytes=627 path=/api/v1/logs/7 message="cat log benchmark line 371" trace=tr-00006307
2026-04-27T12:06:12.372Z level=WARN service=gateway request_id=req-000372 user_id=1081 latency_ms=136 payload_bytes=628 path=/api/v1/logs/8 message="cat log benchmark line 372" trace=tr-00006324
2026-04-27T12:06:13.373Z level=ERROR service=timeline request_id=req-000373 user_id=1082 latency_ms=137 payload_bytes=629 path=/api/v1/logs/9 message="cat log benchmark line 373" trace=tr-00006341
2026-04-27T12:06:14.374Z level=TRACE service=session request_id=req-000374 user_id=1083 latency_ms=138 payload_bytes=630 path=/api/v1/logs/10 message="cat log benchmark line 374" trace=tr-00006358
2026-04-27T12:06:15.375Z level=INFO service=renderer request_id=req-000375 user_id=1084 latency_ms=139 payload_bytes=631 path=/api/v1/logs/11 message="cat log benchmark line 375" trace=tr-00006375
2026-04-27T12:06:16.376Z level=DEBUG service=gateway request_id=req-000376 user_id=1085 latency_ms=140 payload_bytes=632 path=/api/v1/logs/12 message="cat log benchmark line 376" trace=tr-00006392
2026-04-27T12:06:17.377Z level=WARN service=timeline request_id=req-000377 user_id=1086 latency_ms=141 payload_bytes=633 path=/api/v1/logs/0 message="cat log benchmark line 377" trace=tr-00006409
2026-04-27T12:06:18.378Z level=ERROR service=session request_id=req-000378 user_id=1087 latency_ms=142 payload_bytes=634 path=/api/v1/logs/1 message="cat log benchmark line 378" trace=tr-00006426
2026-04-27T12:06:19.379Z level=TRACE service=renderer request_id=req-000379 user_id=1088 latency_ms=143 payload_bytes=635 path=/api/v1/logs/2 message="cat log benchmark line 379" trace=tr-00006443
2026-04-27T12:06:20.380Z level=INFO service=gateway request_id=req-000380 user_id=1089 latency_ms=144 payload_bytes=636 path=/api/v1/logs/3 message="cat log benchmark line 380" trace=tr-00006460
2026-04-27T12:06:21.381Z level=DEBUG service=timeline request_id=req-000381 user_id=1090 latency_ms=145 payload_bytes=637 path=/api/v1/logs/4 message="cat log benchmark line 381" trace=tr-00006477
2026-04-27T12:06:22.382Z level=WARN service=session request_id=req-000382 user_id=1091 latency_ms=146 payload_bytes=638 path=/api/v1/logs/5 message="cat log benchmark line 382" trace=tr-00006494
2026-04-27T12:06:23.383Z level=ERROR service=renderer request_id=req-000383 user_id=1092 latency_ms=147 payload_bytes=639 path=/api/v1/logs/6 message="cat log benchmark line 383" trace=tr-00006511
2026-04-27T12:06:24.384Z level=TRACE service=gateway request_id=req-000384 user_id=1093 latency_ms=148 payload_bytes=640 path=/api/v1/logs/7 message="cat log benchmark line 384" trace=tr-00006528
2026-04-27T12:06:25.385Z level=INFO service=timeline request_id=req-000385 user_id=1094 latency_ms=149 payload_bytes=641 path=/api/v1/logs/8 message="cat log benchmark line 385" trace=tr-00006545
2026-04-27T12:06:26.386Z level=DEBUG service=session request_id=req-000386 user_id=1095 latency_ms=150 payload_bytes=642 path=/api/v1/logs/9 message="cat log benchmark line 386" trace=tr-00006562
2026-04-27T12:06:27.387Z level=WARN service=renderer request_id=req-000387 user_id=1096 latency_ms=151 payload_bytes=643 path=/api/v1/logs/10 message="cat log benchmark line 387" trace=tr-00006579
2026-04-27T12:06:28.388Z level=ERROR service=gateway request_id=req-000388 user_id=1000 latency_ms=152 payload_bytes=644 path=/api/v1/logs/11 message="cat log benchmark line 388" trace=tr-00006596
2026-04-27T12:06:29.389Z level=TRACE service=timeline request_id=req-000389 user_id=1001 latency_ms=153 payload_bytes=645 path=/api/v1/logs/12 message="cat log benchmark line 389" trace=tr-00006613
2026-04-27T12:06:30.390Z level=INFO service=session request_id=req-000390 user_id=1002 latency_ms=154 payload_bytes=646 path=/api/v1/logs/0 message="cat log benchmark line 390" trace=tr-00006630
2026-04-27T12:06:31.391Z level=DEBUG service=renderer request_id=req-000391 user_id=1003 latency_ms=155 payload_bytes=647 path=/api/v1/logs/1 message="cat log benchmark line 391" trace=tr-00006647
2026-04-27T12:06:32.392Z level=WARN service=gateway request_id=req-000392 user_id=1004 latency_ms=156 payload_bytes=648 path=/api/v1/logs/2 message="cat log benchmark line 392" trace=tr-00006664
2026-04-27T12:06:33.393Z level=ERROR service=timeline request_id=req-000393 user_id=1005 latency_ms=157 payload_bytes=649 path=/api/v1/logs/3 message="cat log benchmark line 393" trace=tr-00006681
2026-04-27T12:06:34.394Z level=TRACE service=session request_id=req-000394 user_id=1006 latency_ms=158 payload_bytes=650 path=/api/v1/logs/4 message="cat log benchmark line 394" trace=tr-00006698
2026-04-27T12:06:35.395Z level=INFO service=renderer request_id=req-000395 user_id=1007 latency_ms=159 payload_bytes=651 path=/api/v1/logs/5 message="cat log benchmark line 395" trace=tr-00006715
2026-04-27T12:06:36.396Z level=DEBUG service=gateway request_id=req-000396 user_id=1008 latency_ms=160 payload_bytes=652 path=/api/v1/logs/6 message="cat log benchmark line 396" trace=tr-00006732
2026-04-27T12:06:37.397Z level=WARN service=timeline request_id=req-000397 user_id=1009 latency_ms=161 payload_bytes=653 path=/api/v1/logs/7 message="cat log benchmark line 397" trace=tr-00006749
2026-04-27T12:06:38.398Z level=ERROR service=session request_id=req-000398 user_id=1010 latency_ms=162 payload_bytes=654 path=/api/v1/logs/8 message="cat log benchmark line 398" trace=tr-00006766
2026-04-27T12:06:39.399Z level=TRACE service=renderer request_id=req-000399 user_id=1011 latency_ms=163 payload_bytes=655 path=/api/v1/logs/9 message="cat log benchmark line 399" trace=tr-00006783
2026-04-27T12:06:40.400Z level=INFO service=gateway request_id=req-000400 user_id=1012 latency_ms=164 payload_bytes=656 path=/api/v1/logs/10 message="cat log benchmark line 400" trace=tr-00006800
2026-04-27T12:06:41.401Z level=DEBUG service=timeline request_id=req-000401 user_id=1013 latency_ms=165 payload_bytes=657 path=/api/v1/logs/11 message="cat log benchmark line 401" trace=tr-00006817
2026-04-27T12:06:42.402Z level=WARN service=session request_id=req-000402 user_id=1014 latency_ms=166 payload_bytes=658 path=/api/v1/logs/12 message="cat log benchmark line 402" trace=tr-00006834
2026-04-27T12:06:43.403Z level=ERROR service=renderer request_id=req-000403 user_id=1015 latency_ms=167 payload_bytes=659 path=/api/v1/logs/0 message="cat log benchmark line 403" trace=tr-00006851
2026-04-27T12:06:44.404Z level=TRACE service=gateway request_id=req-000404 user_id=1016 latency_ms=168 payload_bytes=660 path=/api/v1/logs/1 message="cat log benchmark line 404" trace=tr-00006868
2026-04-27T12:06:45.405Z level=INFO service=timeline request_id=req-000405 user_id=1017 latency_ms=169 payload_bytes=661 path=/api/v1/logs/2 message="cat log benchmark line 405" trace=tr-00006885
2026-04-27T12:06:46.406Z level=DEBUG service=session request_id=req-000406 user_id=1018 latency_ms=170 payload_bytes=662 path=/api/v1/logs/3 message="cat log benchmark line 406" trace=tr-00006902
2026-04-27T12:06:47.407Z level=WARN service=renderer request_id=req-000407 user_id=1019 latency_ms=171 payload_bytes=663 path=/api/v1/logs/4 message="cat log benchmark line 407" trace=tr-00006919
2026-04-27T12:06:48.408Z level=ERROR service=gateway request_id=req-000408 user_id=1020 latency_ms=172 payload_bytes=664 path=/api/v1/logs/5 message="cat log benchmark line 408" trace=tr-00006936
2026-04-27T12:06:49.409Z level=TRACE service=timeline request_id=req-000409 user_id=1021 latency_ms=173 payload_bytes=665 path=/api/v1/logs/6 message="cat log benchmark line 409" trace=tr-00006953
2026-04-27T12:06:50.410Z level=INFO service=session request_id=req-000410 user_id=1022 latency_ms=174 payload_bytes=666 path=/api/v1/logs/7 message="cat log benchmark line 410" trace=tr-00006970
2026-04-27T12:06:51.411Z level=DEBUG service=renderer request_id=req-000411 user_id=1023 latency_ms=175 payload_bytes=667 path=/api/v1/logs/8 message="cat log benchmark line 411" trace=tr-00006987
2026-04-27T12:06:52.412Z level=WARN service=gateway request_id=req-000412 user_id=1024 latency_ms=176 payload_bytes=668 path=/api/v1/logs/9 message="cat log benchmark line 412" trace=tr-00007004
2026-04-27T12:06:53.413Z level=ERROR service=timeline request_id=req-000413 user_id=1025 latency_ms=177 payload_bytes=669 path=/api/v1/logs/10 message="cat log benchmark line 413" trace=tr-00007021
2026-04-27T12:06:54.414Z level=TRACE service=session request_id=req-000414 user_id=1026 latency_ms=178 payload_bytes=670 path=/api/v1/logs/11 message="cat log benchmark line 414" trace=tr-00007038
2026-04-27T12:06:55.415Z level=INFO service=renderer request_id=req-000415 user_id=1027 latency_ms=179 payload_bytes=671 path=/api/v1/logs/12 message="cat log benchmark line 415" trace=tr-00007055
2026-04-27T12:06:56.416Z level=DEBUG service=gateway request_id=req-000416 user_id=1028 latency_ms=180 payload_bytes=672 path=/api/v1/logs/0 message="cat log benchmark line 416" trace=tr-00007072
2026-04-27T12:06:57.417Z level=WARN service=timeline request_id=req-000417 user_id=1029 latency_ms=181 payload_bytes=673 path=/api/v1/logs/1 message="cat log benchmark line 417" trace=tr-00007089
2026-04-27T12:06:58.418Z level=ERROR service=session request_id=req-000418 user_id=1030 latency_ms=182 payload_bytes=674 path=/api/v1/logs/2 message="cat log benchmark line 418" trace=tr-00007106
2026-04-27T12:06:59.419Z level=TRACE service=renderer request_id=req-000419 user_id=1031 latency_ms=183 payload_bytes=675 path=/api/v1/logs/3 message="cat log benchmark line 419" trace=tr-00007123
2026-04-27T12:07:00.420Z level=INFO service=gateway request_id=req-000420 user_id=1032 latency_ms=184 payload_bytes=676 path=/api/v1/logs/4 message="cat log benchmark line 420" trace=tr-00007140
2026-04-27T12:07:01.421Z level=DEBUG service=timeline request_id=req-000421 user_id=1033 latency_ms=185 payload_bytes=677 path=/api/v1/logs/5 message="cat log benchmark line 421" trace=tr-00007157
2026-04-27T12:07:02.422Z level=WARN service=session request_id=req-000422 user_id=1034 latency_ms=186 payload_bytes=678 path=/api/v1/logs/6 message="cat log benchmark line 422" trace=tr-00007174
2026-04-27T12:07:03.423Z level=ERROR service=renderer request_id=req-000423 user_id=1035 latency_ms=187 payload_bytes=679 path=/api/v1/logs/7 message="cat log benchmark line 423" trace=tr-00007191
2026-04-27T12:07:04.424Z level=TRACE service=gateway request_id=req-000424 user_id=1036 latency_ms=188 payload_bytes=680 path=/api/v1/logs/8 message="cat log benchmark line 424" trace=tr-00007208
2026-04-27T12:07:05.425Z level=INFO service=timeline request_id=req-000425 user_id=1037 latency_ms=189 payload_bytes=681 path=/api/v1/logs/9 message="cat log benchmark line 425" trace=tr-00007225
2026-04-27T12:07:06.426Z level=DEBUG service=session request_id=req-000426 user_id=1038 latency_ms=190 payload_bytes=682 path=/api/v1/logs/10 message="cat log benchmark line 426" trace=tr-00007242
2026-04-27T12:07:07.427Z level=WARN service=renderer request_id=req-000427 user_id=1039 latency_ms=191 payload_bytes=683 path=/api/v1/logs/11 message="cat log benchmark line 427" trace=tr-00007259
2026-04-27T12:07:08.428Z level=ERROR service=gateway request_id=req-000428 user_id=1040 latency_ms=192 payload_bytes=684 path=/api/v1/logs/12 message="cat log benchmark line 428" trace=tr-00007276
2026-04-27T12:07:09.429Z level=TRACE service=timeline request_id=req-000429 user_id=1041 latency_ms=193 payload_bytes=685 path=/api/v1/logs/0 message="cat log benchmark line 429" trace=tr-00007293
2026-04-27T12:07:10.430Z level=INFO service=session request_id=req-000430 user_id=1042 latency_ms=194 payload_bytes=686 path=/api/v1/logs/1 message="cat log benchmark line 430" trace=tr-00007310
2026-04-27T12:07:11.431Z level=DEBUG service=renderer request_id=req-000431 user_id=1043 latency_ms=195 payload_bytes=687 path=/api/v1/logs/2 message="cat log benchmark line 431" trace=tr-00007327
2026-04-27T12:07:12.432Z level=WARN service=gateway request_id=req-000432 user_id=1044 latency_ms=196 payload_bytes=688 path=/api/v1/logs/3 message="cat log benchmark line 432" trace=tr-00007344
2026-04-27T12:07:13.433Z level=ERROR service=timeline request_id=req-000433 user_id=1045 latency_ms=197 payload_bytes=689 path=/api/v1/logs/4 message="cat log benchmark line 433" trace=tr-00007361
2026-04-27T12:07:14.434Z level=TRACE service=session request_id=req-000434 user_id=1046 latency_ms=198 payload_bytes=690 path=/api/v1/logs/5 message="cat log benchmark line 434" trace=tr-00007378
2026-04-27T12:07:15.435Z level=INFO service=renderer request_id=req-000435 user_id=1047 latency_ms=199 payload_bytes=691 path=/api/v1/logs/6 message="cat log benchmark line 435" trace=tr-00007395
2026-04-27T12:07:16.436Z level=DEBUG service=gateway request_id=req-000436 user_id=1048 latency_ms=200 payload_bytes=692 path=/api/v1/logs/7 message="cat log benchmark line 436" trace=tr-00007412
2026-04-27T12:07:17.437Z level=WARN service=timeline request_id=req-000437 user_id=1049 latency_ms=201 payload_bytes=693 path=/api/v1/logs/8 message="cat log benchmark line 437" trace=tr-00007429
2026-04-27T12:07:18.438Z level=ERROR service=session request_id=req-000438 user_id=1050 latency_ms=202 payload_bytes=694 path=/api/v1/logs/9 message="cat log benchmark line 438" trace=tr-00007446
2026-04-27T12:07:19.439Z level=TRACE service=renderer request_id=req-000439 user_id=1051 latency_ms=203 payload_bytes=695 path=/api/v1/logs/10 message="cat log benchmark line 439" trace=tr-00007463
2026-04-27T12:07:20.440Z level=INFO service=gateway request_id=req-000440 user_id=1052 latency_ms=204 payload_bytes=696 path=/api/v1/logs/11 message="cat log benchmark line 440" trace=tr-00007480
2026-04-27T12:07:21.441Z level=DEBUG service=timeline request_id=req-000441 user_id=1053 latency_ms=205 payload_bytes=697 path=/api/v1/logs/12 message="cat log benchmark line 441" trace=tr-00007497
2026-04-27T12:07:22.442Z level=WARN service=session request_id=req-000442 user_id=1054 latency_ms=206 payload_bytes=698 path=/api/v1/logs/0 message="cat log benchmark line 442" trace=tr-00007514
2026-04-27T12:07:23.443Z level=ERROR service=renderer request_id=req-000443 user_id=1055 latency_ms=207 payload_bytes=699 path=/api/v1/logs/1 message="cat log benchmark line 443" trace=tr-00007531
2026-04-27T12:07:24.444Z level=TRACE service=gateway request_id=req-000444 user_id=1056 latency_ms=208 payload_bytes=700 path=/api/v1/logs/2 message="cat log benchmark line 444" trace=tr-00007548
2026-04-27T12:07:25.445Z level=INFO service=timeline request_id=req-000445 user_id=1057 latency_ms=209 payload_bytes=701 path=/api/v1/logs/3 message="cat log benchmark line 445" trace=tr-00007565
2026-04-27T12:07:26.446Z level=DEBUG service=session request_id=req-000446 user_id=1058 latency_ms=210 payload_bytes=702 path=/api/v1/logs/4 message="cat log benchmark line 446" trace=tr-00007582
2026-04-27T12:07:27.447Z level=WARN service=renderer request_id=req-000447 user_id=1059 latency_ms=211 payload_bytes=703 path=/api/v1/logs/5 message="cat log benchmark line 447" trace=tr-00007599
2026-04-27T12:07:28.448Z level=ERROR service=gateway request_id=req-000448 user_id=1060 latency_ms=212 payload_bytes=704 path=/api/v1/logs/6 message="cat log benchmark line 448" trace=tr-00007616
2026-04-27T12:07:29.449Z level=TRACE service=timeline request_id=req-000449 user_id=1061 latency_ms=213 payload_bytes=705 path=/api/v1/logs/7 message="cat log benchmark line 449" trace=tr-00007633
2026-04-27T12:07:30.450Z level=INFO service=session request_id=req-000450 user_id=1062 latency_ms=214 payload_bytes=706 path=/api/v1/logs/8 message="cat log benchmark line 450" trace=tr-00007650
2026-04-27T12:07:31.451Z level=DEBUG service=renderer request_id=req-000451 user_id=1063 latency_ms=215 payload_bytes=707 path=/api/v1/logs/9 message="cat log benchmark line 451" trace=tr-00007667
2026-04-27T12:07:32.452Z level=WARN service=gateway request_id=req-000452 user_id=1064 latency_ms=216 payload_bytes=708 path=/api/v1/logs/10 message="cat log benchmark line 452" trace=tr-00007684
2026-04-27T12:07:33.453Z level=ERROR service=timeline request_id=req-000453 user_id=1065 latency_ms=217 payload_bytes=709 path=/api/v1/logs/11 message="cat log benchmark line 453" trace=tr-00007701
2026-04-27T12:07:34.454Z level=TRACE service=session request_id=req-000454 user_id=1066 latency_ms=218 payload_bytes=710 path=/api/v1/logs/12 message="cat log benchmark line 454" trace=tr-00007718
2026-04-27T12:07:35.455Z level=INFO service=renderer request_id=req-000455 user_id=1067 latency_ms=219 payload_bytes=711 path=/api/v1/logs/0 message="cat log benchmark line 455" trace=tr-00007735
2026-04-27T12:07:36.456Z level=DEBUG service=gateway request_id=req-000456 user_id=1068 latency_ms=220 payload_bytes=712 path=/api/v1/logs/1 message="cat log benchmark line 456" trace=tr-00007752
2026-04-27T12:07:37.457Z level=WARN service=timeline request_id=req-000457 user_id=1069 latency_ms=221 payload_bytes=713 path=/api/v1/logs/2 message="cat log benchmark line 457" trace=tr-00007769
2026-04-27T12:07:38.458Z level=ERROR service=session request_id=req-000458 user_id=1070 latency_ms=222 payload_bytes=714 path=/api/v1/logs/3 message="cat log benchmark line 458" trace=tr-00007786
2026-04-27T12:07:39.459Z level=TRACE service=renderer request_id=req-000459 user_id=1071 latency_ms=223 payload_bytes=715 path=/api/v1/logs/4 message="cat log benchmark line 459" trace=tr-00007803
2026-04-27T12:07:40.460Z level=INFO service=gateway request_id=req-000460 user_id=1072 latency_ms=224 payload_bytes=716 path=/api/v1/logs/5 message="cat log benchmark line 460" trace=tr-00007820
2026-04-27T12:07:41.461Z level=DEBUG service=timeline request_id=req-000461 user_id=1073 latency_ms=225 payload_bytes=717 path=/api/v1/logs/6 message="cat log benchmark line 461" trace=tr-00007837
2026-04-27T12:07:42.462Z level=WARN service=session request_id=req-000462 user_id=1074 latency_ms=226 payload_bytes=718 path=/api/v1/logs/7 message="cat log benchmark line 462" trace=tr-00007854
2026-04-27T12:07:43.463Z level=ERROR service=renderer request_id=req-000463 user_id=1075 latency_ms=227 payload_bytes=719 path=/api/v1/logs/8 message="cat log benchmark line 463" trace=tr-00007871
2026-04-27T12:07:44.464Z level=TRACE service=gateway request_id=req-000464 user_id=1076 latency_ms=228 payload_bytes=720 path=/api/v1/logs/9 message="cat log benchmark line 464" trace=tr-00007888
2026-04-27T12:07:45.465Z level=INFO service=timeline request_id=req-000465 user_id=1077 latency_ms=229 payload_bytes=721 path=/api/v1/logs/10 message="cat log benchmark line 465" trace=tr-00007905
2026-04-27T12:07:46.466Z level=DEBUG service=session request_id=req-000466 user_id=1078 latency_ms=230 payload_bytes=722 path=/api/v1/logs/11 message="cat log benchmark line 466" trace=tr-00007922
2026-04-27T12:07:47.467Z level=WARN service=renderer request_id=req-000467 user_id=1079 latency_ms=231 payload_bytes=723 path=/api/v1/logs/12 message="cat log benchmark line 467" trace=tr-00007939
2026-04-27T12:07:48.468Z level=ERROR service=gateway request_id=req-000468 user_id=1080 latency_ms=232 payload_bytes=724 path=/api/v1/logs/0 message="cat log benchmark line 468" trace=tr-00007956
2026-04-27T12:07:49.469Z level=TRACE service=timeline request_id=req-000469 user_id=1081 latency_ms=233 payload_bytes=725 path=/api/v1/logs/1 message="cat log benchmark line 469" trace=tr-00007973
2026-04-27T12:07:50.470Z level=INFO service=session request_id=req-000470 user_id=1082 latency_ms=234 payload_bytes=726 path=/api/v1/logs/2 message="cat log benchmark line 470" trace=tr-00007990
2026-04-27T12:07:51.471Z level=DEBUG service=renderer request_id=req-000471 user_id=1083 latency_ms=235 payload_bytes=727 path=/api/v1/logs/3 message="cat log benchmark line 471" trace=tr-00008007
2026-04-27T12:07:52.472Z level=WARN service=gateway request_id=req-000472 user_id=1084 latency_ms=236 payload_bytes=728 path=/api/v1/logs/4 message="cat log benchmark line 472" trace=tr-00008024
2026-04-27T12:07:53.473Z level=ERROR service=timeline request_id=req-000473 user_id=1085 latency_ms=237 payload_bytes=729 path=/api/v1/logs/5 message="cat log benchmark line 473" trace=tr-00008041
2026-04-27T12:07:54.474Z level=TRACE service=session request_id=req-000474 user_id=1086 latency_ms=238 payload_bytes=730 path=/api/v1/logs/6 message="cat log benchmark line 474" trace=tr-00008058
2026-04-27T12:07:55.475Z level=INFO service=renderer request_id=req-000475 user_id=1087 latency_ms=239 payload_bytes=731 path=/api/v1/logs/7 message="cat log benchmark line 475" trace=tr-00008075
2026-04-27T12:07:56.476Z level=DEBUG service=gateway request_id=req-000476 user_id=1088 latency_ms=240 payload_bytes=732 path=/api/v1/logs/8 message="cat log benchmark line 476" trace=tr-00008092
2026-04-27T12:07:57.477Z level=WARN service=timeline request_id=req-000477 user_id=1089 latency_ms=241 payload_bytes=733 path=/api/v1/logs/9 message="cat log benchmark line 477" trace=tr-00008109
2026-04-27T12:07:58.478Z level=ERROR service=session request_id=req-000478 user_id=1090 latency_ms=242 payload_bytes=734 path=/api/v1/logs/10 message="cat log benchmark line 478" trace=tr-00008126
2026-04-27T12:07:59.479Z level=TRACE service=renderer request_id=req-000479 user_id=1091 latency_ms=243 payload_bytes=735 path=/api/v1/logs/11 message="cat log benchmark line 479" trace=tr-00008143
2026-04-27T12:08:00.480Z level=INFO service=gateway request_id=req-000480 user_id=1092 latency_ms=4 payload_bytes=736 path=/api/v1/logs/12 message="cat log benchmark line 480" trace=tr-00008160
2026-04-27T12:08:01.481Z level=DEBUG service=timeline request_id=req-000481 user_id=1093 latency_ms=5 payload_bytes=737 path=/api/v1/logs/0 message="cat log benchmark line 481" trace=tr-00008177
2026-04-27T12:08:02.482Z level=WARN service=session request_id=req-000482 user_id=1094 latency_ms=6 payload_bytes=738 path=/api/v1/logs/1 message="cat log benchmark line 482" trace=tr-00008194
2026-04-27T12:08:03.483Z level=ERROR service=renderer request_id=req-000483 user_id=1095 latency_ms=7 payload_bytes=739 path=/api/v1/logs/2 message="cat log benchmark line 483" trace=tr-00008211
2026-04-27T12:08:04.484Z level=TRACE service=gateway request_id=req-000484 user_id=1096 latency_ms=8 payload_bytes=740 path=/api/v1/logs/3 message="cat log benchmark line 484" trace=tr-00008228
2026-04-27T12:08:05.485Z level=INFO service=timeline request_id=req-000485 user_id=1000 latency_ms=9 payload_bytes=741 path=/api/v1/logs/4 message="cat log benchmark line 485" trace=tr-00008245
2026-04-27T12:08:06.486Z level=DEBUG service=session request_id=req-000486 user_id=1001 latency_ms=10 payload_bytes=742 path=/api/v1/logs/5 message="cat log benchmark line 486" trace=tr-00008262
2026-04-27T12:08:07.487Z level=WARN service=renderer request_id=req-000487 user_id=1002 latency_ms=11 payload_bytes=743 path=/api/v1/logs/6 message="cat log benchmark line 487" trace=tr-00008279
2026-04-27T12:08:08.488Z level=ERROR service=gateway request_id=req-000488 user_id=1003 latency_ms=12 payload_bytes=744 path=/api/v1/logs/7 message="cat log benchmark line 488" trace=tr-00008296
2026-04-27T12:08:09.489Z level=TRACE service=timeline request_id=req-000489 user_id=1004 latency_ms=13 payload_bytes=745 path=/api/v1/logs/8 message="cat log benchmark line 489" trace=tr-00008313
2026-04-27T12:08:10.490Z level=INFO service=session request_id=req-000490 user_id=1005 latency_ms=14 payload_bytes=746 path=/api/v1/logs/9 message="cat log benchmark line 490" trace=tr-00008330
2026-04-27T12:08:11.491Z level=DEBUG service=renderer request_id=req-000491 user_id=1006 latency_ms=15 payload_bytes=747 path=/api/v1/logs/10 message="cat log benchmark line 491" trace=tr-00008347
2026-04-27T12:08:12.492Z level=WARN service=gateway request_id=req-000492 user_id=1007 latency_ms=16 payload_bytes=748 path=/api/v1/logs/11 message="cat log benchmark line 492" trace=tr-00008364
2026-04-27T12:08:13.493Z level=ERROR service=timeline request_id=req-000493 user_id=1008 latency_ms=17 payload_bytes=749 path=/api/v1/logs/12 message="cat log benchmark line 493" trace=tr-00008381
2026-04-27T12:08:14.494Z level=TRACE service=session request_id=req-000494 user_id=1009 latency_ms=18 payload_bytes=750 path=/api/v1/logs/0 message="cat log benchmark line 494" trace=tr-00008398
2026-04-27T12:08:15.495Z level=INFO service=renderer request_id=req-000495 user_id=1010 latency_ms=19 payload_bytes=751 path=/api/v1/logs/1 message="cat log benchmark line 495" trace=tr-00008415
2026-04-27T12:08:16.496Z level=DEBUG service=gateway request_id=req-000496 user_id=1011 latency_ms=20 payload_bytes=752 path=/api/v1/logs/2 message="cat log benchmark line 496" trace=tr-00008432
2026-04-27T12:08:17.497Z level=WARN service=timeline request_id=req-000497 user_id=1012 latency_ms=21 payload_bytes=753 path=/api/v1/logs/3 message="cat log benchmark line 497" trace=tr-00008449
2026-04-27T12:08:18.498Z level=ERROR service=session request_id=req-000498 user_id=1013 latency_ms=22 payload_bytes=754 path=/api/v1/logs/4 message="cat log benchmark line 498" trace=tr-00008466
2026-04-27T12:08:19.499Z level=TRACE service=renderer request_id=req-000499 user_id=1014 latency_ms=23 payload_bytes=755 path=/api/v1/logs/5 message="cat log benchmark line 499" trace=tr-00008483
2026-04-27T12:08:20.500Z level=INFO service=gateway request_id=req-000500 user_id=1015 latency_ms=24 payload_bytes=756 path=/api/v1/logs/6 message="cat log benchmark line 500" trace=tr-00008500
2026-04-27T12:08:21.501Z level=DEBUG service=timeline request_id=req-000501 user_id=1016 latency_ms=25 payload_bytes=757 path=/api/v1/logs/7 message="cat log benchmark line 501" trace=tr-00008517
2026-04-27T12:08:22.502Z level=WARN service=session request_id=req-000502 user_id=1017 latency_ms=26 payload_bytes=758 path=/api/v1/logs/8 message="cat log benchmark line 502" trace=tr-00008534
2026-04-27T12:08:23.503Z level=ERROR service=renderer request_id=req-000503 user_id=1018 latency_ms=27 payload_bytes=759 path=/api/v1/logs/9 message="cat log benchmark line 503" trace=tr-00008551
2026-04-27T12:08:24.504Z level=TRACE service=gateway request_id=req-000504 user_id=1019 latency_ms=28 payload_bytes=760 path=/api/v1/logs/10 message="cat log benchmark line 504" trace=tr-00008568
2026-04-27T12:08:25.505Z level=INFO service=timeline request_id=req-000505 user_id=1020 latency_ms=29 payload_bytes=761 path=/api/v1/logs/11 message="cat log benchmark line 505" trace=tr-00008585
2026-04-27T12:08:26.506Z level=DEBUG service=session request_id=req-000506 user_id=1021 latency_ms=30 payload_bytes=762 path=/api/v1/logs/12 message="cat log benchmark line 506" trace=tr-00008602
2026-04-27T12:08:27.507Z level=WARN service=renderer request_id=req-000507 user_id=1022 latency_ms=31 payload_bytes=763 path=/api/v1/logs/0 message="cat log benchmark line 507" trace=tr-00008619
2026-04-27T12:08:28.508Z level=ERROR service=gateway request_id=req-000508 user_id=1023 latency_ms=32 payload_bytes=764 path=/api/v1/logs/1 message="cat log benchmark line 508" trace=tr-00008636
2026-04-27T12:08:29.509Z level=TRACE service=timeline request_id=req-000509 user_id=1024 latency_ms=33 payload_bytes=765 path=/api/v1/logs/2 message="cat log benchmark line 509" trace=tr-00008653
2026-04-27T12:08:30.510Z level=INFO service=session request_id=req-000510 user_id=1025 latency_ms=34 payload_bytes=766 path=/api/v1/logs/3 message="cat log benchmark line 510" trace=tr-00008670
2026-04-27T12:08:31.511Z level=DEBUG service=renderer request_id=req-000511 user_id=1026 latency_ms=35 payload_bytes=767 path=/api/v1/logs/4 message="cat log benchmark line 511" trace=tr-00008687
2026-04-27T12:08:32.512Z level=WARN service=gateway request_id=req-000512 user_id=1027 latency_ms=36 payload_bytes=768 path=/api/v1/logs/5 message="cat log benchmark line 512" trace=tr-00008704
2026-04-27T12:08:33.513Z level=ERROR service=timeline request_id=req-000513 user_id=1028 latency_ms=37 payload_bytes=769 path=/api/v1/logs/6 message="cat log benchmark line 513" trace=tr-00008721
2026-04-27T12:08:34.514Z level=TRACE service=session request_id=req-000514 user_id=1029 latency_ms=38 payload_bytes=770 path=/api/v1/logs/7 message="cat log benchmark line 514" trace=tr-00008738
2026-04-27T12:08:35.515Z level=INFO service=renderer request_id=req-000515 user_id=1030 latency_ms=39 payload_bytes=771 path=/api/v1/logs/8 message="cat log benchmark line 515" trace=tr-00008755
2026-04-27T12:08:36.516Z level=DEBUG service=gateway request_id=req-000516 user_id=1031 latency_ms=40 payload_bytes=772 path=/api/v1/logs/9 message="cat log benchmark line 516" trace=tr-00008772
2026-04-27T12:08:37.517Z level=WARN service=timeline request_id=req-000517 user_id=1032 latency_ms=41 payload_bytes=773 path=/api/v1/logs/10 message="cat log benchmark line 517" trace=tr-00008789
2026-04-27T12:08:38.518Z level=ERROR service=session request_id=req-000518 user_id=1033 latency_ms=42 payload_bytes=774 path=/api/v1/logs/11 message="cat log benchmark line 518" trace=tr-00008806
2026-04-27T12:08:39.519Z level=TRACE service=renderer request_id=req-000519 user_id=1034 latency_ms=43 payload_bytes=775 path=/api/v1/logs/12 message="cat log benchmark line 519" trace=tr-00008823
2026-04-27T12:08:40.520Z level=INFO service=gateway request_id=req-000520 user_id=1035 latency_ms=44 payload_bytes=776 path=/api/v1/logs/0 message="cat log benchmark line 520" trace=tr-00008840
2026-04-27T12:08:41.521Z level=DEBUG service=timeline request_id=req-000521 user_id=1036 latency_ms=45 payload_bytes=777 path=/api/v1/logs/1 message="cat log benchmark line 521" trace=tr-00008857
2026-04-27T12:08:42.522Z level=WARN service=session request_id=req-000522 user_id=1037 latency_ms=46 payload_bytes=778 path=/api/v1/logs/2 message="cat log benchmark line 522" trace=tr-00008874
2026-04-27T12:08:43.523Z level=ERROR service=renderer request_id=req-000523 user_id=1038 latency_ms=47 payload_bytes=779 path=/api/v1/logs/3 message="cat log benchmark line 523" trace=tr-00008891
2026-04-27T12:08:44.524Z level=TRACE service=gateway request_id=req-000524 user_id=1039 latency_ms=48 payload_bytes=780 path=/api/v1/logs/4 message="cat log benchmark line 524" trace=tr-00008908
2026-04-27T12:08:45.525Z level=INFO service=timeline request_id=req-000525 user_id=1040 latency_ms=49 payload_bytes=781 path=/api/v1/logs/5 message="cat log benchmark line 525" trace=tr-00008925
2026-04-27T12:08:46.526Z level=DEBUG service=session request_id=req-000526 user_id=1041 latency_ms=50 payload_bytes=782 path=/api/v1/logs/6 message="cat log benchmark line 526" trace=tr-00008942
2026-04-27T12:08:47.527Z level=WARN service=renderer request_id=req-000527 user_id=1042 latency_ms=51 payload_bytes=783 path=/api/v1/logs/7 message="cat log benchmark line 527" trace=tr-00008959
2026-04-27T12:08:48.528Z level=ERROR service=gateway request_id=req-000528 user_id=1043 latency_ms=52 payload_bytes=784 path=/api/v1/logs/8 message="cat log benchmark line 528" trace=tr-00008976
2026-04-27T12:08:49.529Z level=TRACE service=timeline request_id=req-000529 user_id=1044 latency_ms=53 payload_bytes=785 path=/api/v1/logs/9 message="cat log benchmark line 529" trace=tr-00008993
2026-04-27T12:08:50.530Z level=INFO service=session request_id=req-000530 user_id=1045 latency_ms=54 payload_bytes=786 path=/api/v1/logs/10 message="cat log benchmark line 530" trace=tr-00009010
2026-04-27T12:08:51.531Z level=DEBUG service=renderer request_id=req-000531 user_id=1046 latency_ms=55 payload_bytes=787 path=/api/v1/logs/11 message="cat log benchmark line 531" trace=tr-00009027
2026-04-27T12:08:52.532Z level=WARN service=gateway request_id=req-000532 user_id=1047 latency_ms=56 payload_bytes=788 path=/api/v1/logs/12 message="cat log benchmark line 532" trace=tr-00009044
2026-04-27T12:08:53.533Z level=ERROR service=timeline request_id=req-000533 user_id=1048 latency_ms=57 payload_bytes=789 path=/api/v1/logs/0 message="cat log benchmark line 533" trace=tr-00009061
2026-04-27T12:08:54.534Z level=TRACE service=session request_id=req-000534 user_id=1049 latency_ms=58 payload_bytes=790 path=/api/v1/logs/1 message="cat log benchmark line 534" trace=tr-00009078
2026-04-27T12:08:55.535Z level=INFO service=renderer request_id=req-000535 user_id=1050 latency_ms=59 payload_bytes=791 path=/api/v1/logs/2 message="cat log benchmark line 535" trace=tr-00009095
2026-04-27T12:08:56.536Z level=DEBUG service=gateway request_id=req-000536 user_id=1051 latency_ms=60 payload_bytes=792 path=/api/v1/logs/3 message="cat log benchmark line 536" trace=tr-00009112
2026-04-27T12:08:57.537Z level=WARN service=timeline request_id=req-000537 user_id=1052 latency_ms=61 payload_bytes=793 path=/api/v1/logs/4 message="cat log benchmark line 537" trace=tr-00009129
2026-04-27T12:08:58.538Z level=ERROR service=session request_id=req-000538 user_id=1053 latency_ms=62 payload_bytes=794 path=/api/v1/logs/5 message="cat log benchmark line 538" trace=tr-00009146
2026-04-27T12:08:59.539Z level=TRACE service=renderer request_id=req-000539 user_id=1054 latency_ms=63 payload_bytes=795 path=/api/v1/logs/6 message="cat log benchmark line 539" trace=tr-00009163
2026-04-27T12:09:00.540Z level=INFO service=gateway request_id=req-000540 user_id=1055 latency_ms=64 payload_bytes=796 path=/api/v1/logs/7 message="cat log benchmark line 540" trace=tr-00009180
2026-04-27T12:09:01.541Z level=DEBUG service=timeline request_id=req-000541 user_id=1056 latency_ms=65 payload_bytes=797 path=/api/v1/logs/8 message="cat log benchmark line 541" trace=tr-00009197
2026-04-27T12:09:02.542Z level=WARN service=session request_id=req-000542 user_id=1057 latency_ms=66 payload_bytes=798 path=/api/v1/logs/9 message="cat log benchmark line 542" trace=tr-00009214
2026-04-27T12:09:03.543Z level=ERROR service=renderer request_id=req-000543 user_id=1058 latency_ms=67 payload_bytes=799 path=/api/v1/logs/10 message="cat log benchmark line 543" trace=tr-00009231
2026-04-27T12:09:04.544Z level=TRACE service=gateway request_id=req-000544 user_id=1059 latency_ms=68 payload_bytes=800 path=/api/v1/logs/11 message="cat log benchmark line 544" trace=tr-00009248
2026-04-27T12:09:05.545Z level=INFO service=timeline request_id=req-000545 user_id=1060 latency_ms=69 payload_bytes=801 path=/api/v1/logs/12 message="cat log benchmark line 545" trace=tr-00009265
2026-04-27T12:09:06.546Z level=DEBUG service=session request_id=req-000546 user_id=1061 latency_ms=70 payload_bytes=802 path=/api/v1/logs/0 message="cat log benchmark line 546" trace=tr-00009282
2026-04-27T12:09:07.547Z level=WARN service=renderer request_id=req-000547 user_id=1062 latency_ms=71 payload_bytes=803 path=/api/v1/logs/1 message="cat log benchmark line 547" trace=tr-00009299
2026-04-27T12:09:08.548Z level=ERROR service=gateway request_id=req-000548 user_id=1063 latency_ms=72 payload_bytes=804 path=/api/v1/logs/2 message="cat log benchmark line 548" trace=tr-00009316
2026-04-27T12:09:09.549Z level=TRACE service=timeline request_id=req-000549 user_id=1064 latency_ms=73 payload_bytes=805 path=/api/v1/logs/3 message="cat log benchmark line 549" trace=tr-00009333
2026-04-27T12:09:10.550Z level=INFO service=session request_id=req-000550 user_id=1065 latency_ms=74 payload_bytes=806 path=/api/v1/logs/4 message="cat log benchmark line 550" trace=tr-00009350
2026-04-27T12:09:11.551Z level=DEBUG service=renderer request_id=req-000551 user_id=1066 latency_ms=75 payload_bytes=807 path=/api/v1/logs/5 message="cat log benchmark line 551" trace=tr-00009367
2026-04-27T12:09:12.552Z level=WARN service=gateway request_id=req-000552 user_id=1067 latency_ms=76 payload_bytes=808 path=/api/v1/logs/6 message="cat log benchmark line 552" trace=tr-00009384
2026-04-27T12:09:13.553Z level=ERROR service=timeline request_id=req-000553 user_id=1068 latency_ms=77 payload_bytes=809 path=/api/v1/logs/7 message="cat log benchmark line 553" trace=tr-00009401
2026-04-27T12:09:14.554Z level=TRACE service=session request_id=req-000554 user_id=1069 latency_ms=78 payload_bytes=810 path=/api/v1/logs/8 message="cat log benchmark line 554" trace=tr-00009418
2026-04-27T12:09:15.555Z level=INFO service=renderer request_id=req-000555 user_id=1070 latency_ms=79 payload_bytes=811 path=/api/v1/logs/9 message="cat log benchmark line 555" trace=tr-00009435
2026-04-27T12:09:16.556Z level=DEBUG service=gateway request_id=req-000556 user_id=1071 latency_ms=80 payload_bytes=812 path=/api/v1/logs/10 message="cat log benchmark line 556" trace=tr-00009452
2026-04-27T12:09:17.557Z level=WARN service=timeline request_id=req-000557 user_id=1072 latency_ms=81 payload_bytes=813 path=/api/v1/logs/11 message="cat log benchmark line 557" trace=tr-00009469
2026-04-27T12:09:18.558Z level=ERROR service=session request_id=req-000558 user_id=1073 latency_ms=82 payload_bytes=814 path=/api/v1/logs/12 message="cat log benchmark line 558" trace=tr-00009486
2026-04-27T12:09:19.559Z level=TRACE service=renderer request_id=req-000559 user_id=1074 latency_ms=83 payload_bytes=815 path=/api/v1/logs/0 message="cat log benchmark line 559" trace=tr-00009503
2026-04-27T12:09:20.560Z level=INFO service=gateway request_id=req-000560 user_id=1075 latency_ms=84 payload_bytes=816 path=/api/v1/logs/1 message="cat log benchmark line 560" trace=tr-00009520
2026-04-27T12:09:21.561Z level=DEBUG service=timeline request_id=req-000561 user_id=1076 latency_ms=85 payload_bytes=817 path=/api/v1/logs/2 message="cat log benchmark line 561" trace=tr-00009537
2026-04-27T12:09:22.562Z level=WARN service=session request_id=req-000562 user_id=1077 latency_ms=86 payload_bytes=818 path=/api/v1/logs/3 message="cat log benchmark line 562" trace=tr-00009554
2026-04-27T12:09:23.563Z level=ERROR service=renderer request_id=req-000563 user_id=1078 latency_ms=87 payload_bytes=819 path=/api/v1/logs/4 message="cat log benchmark line 563" trace=tr-00009571
2026-04-27T12:09:24.564Z level=TRACE service=gateway request_id=req-000564 user_id=1079 latency_ms=88 payload_bytes=820 path=/api/v1/logs/5 message="cat log benchmark line 564" trace=tr-00009588
2026-04-27T12:09:25.565Z level=INFO service=timeline request_id=req-000565 user_id=1080 latency_ms=89 payload_bytes=821 path=/api/v1/logs/6 message="cat log benchmark line 565" trace=tr-00009605
2026-04-27T12:09:26.566Z level=DEBUG service=session request_id=req-000566 user_id=1081 latency_ms=90 payload_bytes=822 path=/api/v1/logs/7 message="cat log benchmark line 566" trace=tr-00009622
2026-04-27T12:09:27.567Z level=WARN service=renderer request_id=req-000567 user_id=1082 latency_ms=91 payload_bytes=823 path=/api/v1/logs/8 message="cat log benchmark line 567" trace=tr-00009639
2026-04-27T12:09:28.568Z level=ERROR service=gateway request_id=req-000568 user_id=1083 latency_ms=92 payload_bytes=824 path=/api/v1/logs/9 message="cat log benchmark line 568" trace=tr-00009656
2026-04-27T12:09:29.569Z level=TRACE service=timeline request_id=req-000569 user_id=1084 latency_ms=93 payload_bytes=825 path=/api/v1/logs/10 message="cat log benchmark line 569" trace=tr-00009673
2026-04-27T12:09:30.570Z level=INFO service=session request_id=req-000570 user_id=1085 latency_ms=94 payload_bytes=826 path=/api/v1/logs/11 message="cat log benchmark line 570" trace=tr-00009690
2026-04-27T12:09:31.571Z level=DEBUG service=renderer request_id=req-000571 user_id=1086 latency_ms=95 payload_bytes=827 path=/api/v1/logs/12 message="cat log benchmark line 571" trace=tr-00009707
2026-04-27T12:09:32.572Z level=WARN service=gateway request_id=req-000572 user_id=1087 latency_ms=96 payload_bytes=828 path=/api/v1/logs/0 message="cat log benchmark line 572" trace=tr-00009724
2026-04-27T12:09:33.573Z level=ERROR service=timeline request_id=req-000573 user_id=1088 latency_ms=97 payload_bytes=829 path=/api/v1/logs/1 message="cat log benchmark line 573" trace=tr-00009741
2026-04-27T12:09:34.574Z level=TRACE service=session request_id=req-000574 user_id=1089 latency_ms=98 payload_bytes=830 path=/api/v1/logs/2 message="cat log benchmark line 574" trace=tr-00009758
2026-04-27T12:09:35.575Z level=INFO service=renderer request_id=req-000575 user_id=1090 latency_ms=99 payload_bytes=831 path=/api/v1/logs/3 message="cat log benchmark line 575" trace=tr-00009775
2026-04-27T12:09:36.576Z level=DEBUG service=gateway request_id=req-000576 user_id=1091 latency_ms=100 payload_bytes=832 path=/api/v1/logs/4 message="cat log benchmark line 576" trace=tr-00009792
2026-04-27T12:09:37.577Z level=WARN service=timeline request_id=req-000577 user_id=1092 latency_ms=101 payload_bytes=833 path=/api/v1/logs/5 message="cat log benchmark line 577" trace=tr-00009809
2026-04-27T12:09:38.578Z level=ERROR service=session request_id=req-000578 user_id=1093 latency_ms=102 payload_bytes=834 path=/api/v1/logs/6 message="cat log benchmark line 578" trace=tr-00009826
2026-04-27T12:09:39.579Z level=TRACE service=renderer request_id=req-000579 user_id=1094 latency_ms=103 payload_bytes=835 path=/api/v1/logs/7 message="cat log benchmark line 579" trace=tr-00009843
2026-04-27T12:09:40.580Z level=INFO service=gateway request_id=req-000580 user_id=1095 latency_ms=104 payload_bytes=836 path=/api/v1/logs/8 message="cat log benchmark line 580" trace=tr-00009860
2026-04-27T12:09:41.581Z level=DEBUG service=timeline request_id=req-000581 user_id=1096 latency_ms=105 payload_bytes=837 path=/api/v1/logs/9 message="cat log benchmark line 581" trace=tr-00009877
2026-04-27T12:09:42.582Z level=WARN service=session request_id=req-000582 user_id=1000 latency_ms=106 payload_bytes=838 path=/api/v1/logs/10 message="cat log benchmark line 582" trace=tr-00009894
2026-04-27T12:09:43.583Z level=ERROR service=renderer request_id=req-000583 user_id=1001 latency_ms=107 payload_bytes=839 path=/api/v1/logs/11 message="cat log benchmark line 583" trace=tr-00009911
2026-04-27T12:09:44.584Z level=TRACE service=gateway request_id=req-000584 user_id=1002 latency_ms=108 payload_bytes=840 path=/api/v1/logs/12 message="cat log benchmark line 584" trace=tr-00009928
2026-04-27T12:09:45.585Z level=INFO service=timeline request_id=req-000585 user_id=1003 latency_ms=109 payload_bytes=841 path=/api/v1/logs/0 message="cat log benchmark line 585" trace=tr-00009945
2026-04-27T12:09:46.586Z level=DEBUG service=session request_id=req-000586 user_id=1004 latency_ms=110 payload_bytes=842 path=/api/v1/logs/1 message="cat log benchmark line 586" trace=tr-00009962
2026-04-27T12:09:47.587Z level=WARN service=renderer request_id=req-000587 user_id=1005 latency_ms=111 payload_bytes=843 path=/api/v1/logs/2 message="cat log benchmark line 587" trace=tr-00009979
2026-04-27T12:09:48.588Z level=ERROR service=gateway request_id=req-000588 user_id=1006 latency_ms=112 payload_bytes=844 path=/api/v1/logs/3 message="cat log benchmark line 588" trace=tr-00009996
2026-04-27T12:09:49.589Z level=TRACE service=timeline request_id=req-000589 user_id=1007 latency_ms=113 payload_bytes=845 path=/api/v1/logs/4 message="cat log benchmark line 589" trace=tr-00010013
2026-04-27T12:09:50.590Z level=INFO service=session request_id=req-000590 user_id=1008 latency_ms=114 payload_bytes=846 path=/api/v1/logs/5 message="cat log benchmark line 590" trace=tr-00010030
2026-04-27T12:09:51.591Z level=DEBUG service=renderer request_id=req-000591 user_id=1009 latency_ms=115 payload_bytes=847 path=/api/v1/logs/6 message="cat log benchmark line 591" trace=tr-00010047
2026-04-27T12:09:52.592Z level=WARN service=gateway request_id=req-000592 user_id=1010 latency_ms=116 payload_bytes=848 path=/api/v1/logs/7 message="cat log benchmark line 592" trace=tr-00010064
2026-04-27T12:09:53.593Z level=ERROR service=timeline request_id=req-000593 user_id=1011 latency_ms=117 payload_bytes=849 path=/api/v1/logs/8 message="cat log benchmark line 593" trace=tr-00010081
2026-04-27T12:09:54.594Z level=TRACE service=session request_id=req-000594 user_id=1012 latency_ms=118 payload_bytes=850 path=/api/v1/logs/9 message="cat log benchmark line 594" trace=tr-00010098
2026-04-27T12:09:55.595Z level=INFO service=renderer request_id=req-000595 user_id=1013 latency_ms=119 payload_bytes=851 path=/api/v1/logs/10 message="cat log benchmark line 595" trace=tr-00010115
2026-04-27T12:09:56.596Z level=DEBUG service=gateway request_id=req-000596 user_id=1014 latency_ms=120 payload_bytes=852 path=/api/v1/logs/11 message="cat log benchmark line 596" trace=tr-00010132
2026-04-27T12:09:57.597Z level=WARN service=timeline request_id=req-000597 user_id=1015 latency_ms=121 payload_bytes=853 path=/api/v1/logs/12 message="cat log benchmark line 597" trace=tr-00010149
2026-04-27T12:09:58.598Z level=ERROR service=session request_id=req-000598 user_id=1016 latency_ms=122 payload_bytes=854 path=/api/v1/logs/0 message="cat log benchmark line 598" trace=tr-00010166
2026-04-27T12:09:59.599Z level=TRACE service=renderer request_id=req-000599 user_id=1017 latency_ms=123 payload_bytes=855 path=/api/v1/logs/1 message="cat log benchmark line 599" trace=tr-00010183
2026-04-27T12:10:00.600Z level=INFO service=gateway request_id=req-000600 user_id=1018 latency_ms=124 payload_bytes=856 path=/api/v1/logs/2 message="cat log benchmark line 600" trace=tr-00010200
2026-04-27T12:10:01.601Z level=DEBUG service=timeline request_id=req-000601 user_id=1019 latency_ms=125 payload_bytes=857 path=/api/v1/logs/3 message="cat log benchmark line 601" trace=tr-00010217
2026-04-27T12:10:02.602Z level=WARN service=session request_id=req-000602 user_id=1020 latency_ms=126 payload_bytes=858 path=/api/v1/logs/4 message="cat log benchmark line 602" trace=tr-00010234
2026-04-27T12:10:03.603Z level=ERROR service=renderer request_id=req-000603 user_id=1021 latency_ms=127 payload_bytes=859 path=/api/v1/logs/5 message="cat log benchmark line 603" trace=tr-00010251
2026-04-27T12:10:04.604Z level=TRACE service=gateway request_id=req-000604 user_id=1022 latency_ms=128 payload_bytes=860 path=/api/v1/logs/6 message="cat log benchmark line 604" trace=tr-00010268
2026-04-27T12:10:05.605Z level=INFO service=timeline request_id=req-000605 user_id=1023 latency_ms=129 payload_bytes=861 path=/api/v1/logs/7 message="cat log benchmark line 605" trace=tr-00010285
2026-04-27T12:10:06.606Z level=DEBUG service=session request_id=req-000606 user_id=1024 latency_ms=130 payload_bytes=862 path=/api/v1/logs/8 message="cat log benchmark line 606" trace=tr-00010302
2026-04-27T12:10:07.607Z level=WARN service=renderer request_id=req-000607 user_id=1025 latency_ms=131 payload_bytes=863 path=/api/v1/logs/9 message="cat log benchmark line 607" trace=tr-00010319
2026-04-27T12:10:08.608Z level=ERROR service=gateway request_id=req-000608 user_id=1026 latency_ms=132 payload_bytes=864 path=/api/v1/logs/10 message="cat log benchmark line 608" trace=tr-00010336
2026-04-27T12:10:09.609Z level=TRACE service=timeline request_id=req-000609 user_id=1027 latency_ms=133 payload_bytes=865 path=/api/v1/logs/11 message="cat log benchmark line 609" trace=tr-00010353
2026-04-27T12:10:10.610Z level=INFO service=session request_id=req-000610 user_id=1028 latency_ms=134 payload_bytes=866 path=/api/v1/logs/12 message="cat log benchmark line 610" trace=tr-00010370
2026-04-27T12:10:11.611Z level=DEBUG service=renderer request_id=req-000611 user_id=1029 latency_ms=135 payload_bytes=867 path=/api/v1/logs/0 message="cat log benchmark line 611" trace=tr-00010387
2026-04-27T12:10:12.612Z level=WARN service=gateway request_id=req-000612 user_id=1030 latency_ms=136 payload_bytes=868 path=/api/v1/logs/1 message="cat log benchmark line 612" trace=tr-00010404
2026-04-27T12:10:13.613Z level=ERROR service=timeline request_id=req-000613 user_id=1031 latency_ms=137 payload_bytes=869 path=/api/v1/logs/2 message="cat log benchmark line 613" trace=tr-00010421
2026-04-27T12:10:14.614Z level=TRACE service=session request_id=req-000614 user_id=1032 latency_ms=138 payload_bytes=870 path=/api/v1/logs/3 message="cat log benchmark line 614" trace=tr-00010438
2026-04-27T12:10:15.615Z level=INFO service=renderer request_id=req-000615 user_id=1033 latency_ms=139 payload_bytes=871 path=/api/v1/logs/4 message="cat log benchmark line 615" trace=tr-00010455
2026-04-27T12:10:16.616Z level=DEBUG service=gateway request_id=req-000616 user_id=1034 latency_ms=140 payload_bytes=872 path=/api/v1/logs/5 message="cat log benchmark line 616" trace=tr-00010472
2026-04-27T12:10:17.617Z level=WARN service=timeline request_id=req-000617 user_id=1035 latency_ms=141 payload_bytes=873 path=/api/v1/logs/6 message="cat log benchmark line 617" trace=tr-00010489
2026-04-27T12:10:18.618Z level=ERROR service=session request_id=req-000618 user_id=1036 latency_ms=142 payload_bytes=874 path=/api/v1/logs/7 message="cat log benchmark line 618" trace=tr-00010506
2026-04-27T12:10:19.619Z level=TRACE service=renderer request_id=req-000619 user_id=1037 latency_ms=143 payload_bytes=875 path=/api/v1/logs/8 message="cat log benchmark line 619" trace=tr-00010523
2026-04-27T12:10:20.620Z level=INFO service=gateway request_id=req-000620 user_id=1038 latency_ms=144 payload_bytes=876 path=/api/v1/logs/9 message="cat log benchmark line 620" trace=tr-00010540
2026-04-27T12:10:21.621Z level=DEBUG service=timeline request_id=req-000621 user_id=1039 latency_ms=145 payload_bytes=877 path=/api/v1/logs/10 message="cat log benchmark line 621" trace=tr-00010557
2026-04-27T12:10:22.622Z level=WARN service=session request_id=req-000622 user_id=1040 latency_ms=146 payload_bytes=878 path=/api/v1/logs/11 message="cat log benchmark line 622" trace=tr-00010574
2026-04-27T12:10:23.623Z level=ERROR service=renderer request_id=req-000623 user_id=1041 latency_ms=147 payload_bytes=879 path=/api/v1/logs/12 message="cat log benchmark line 623" trace=tr-00010591
2026-04-27T12:10:24.624Z level=TRACE service=gateway request_id=req-000624 user_id=1042 latency_ms=148 payload_bytes=880 path=/api/v1/logs/0 message="cat log benchmark line 624" trace=tr-00010608
2026-04-27T12:10:25.625Z level=INFO service=timeline request_id=req-000625 user_id=1043 latency_ms=149 payload_bytes=881 path=/api/v1/logs/1 message="cat log benchmark line 625" trace=tr-00010625
2026-04-27T12:10:26.626Z level=DEBUG service=session request_id=req-000626 user_id=1044 latency_ms=150 payload_bytes=882 path=/api/v1/logs/2 message="cat log benchmark line 626" trace=tr-00010642
2026-04-27T12:10:27.627Z level=WARN service=renderer request_id=req-000627 user_id=1045 latency_ms=151 payload_bytes=883 path=/api/v1/logs/3 message="cat log benchmark line 627" trace=tr-00010659
2026-04-27T12:10:28.628Z level=ERROR service=gateway request_id=req-000628 user_id=1046 latency_ms=152 payload_bytes=884 path=/api/v1/logs/4 message="cat log benchmark line 628" trace=tr-00010676
2026-04-27T12:10:29.629Z level=TRACE service=timeline request_id=req-000629 user_id=1047 latency_ms=153 payload_bytes=885 path=/api/v1/logs/5 message="cat log benchmark line 629" trace=tr-00010693
2026-04-27T12:10:30.630Z level=INFO service=session request_id=req-000630 user_id=1048 latency_ms=154 payload_bytes=886 path=/api/v1/logs/6 message="cat log benchmark line 630" trace=tr-00010710
2026-04-27T12:10:31.631Z level=DEBUG service=renderer request_id=req-000631 user_id=1049 latency_ms=155 payload_bytes=887 path=/api/v1/logs/7 message="cat log benchmark line 631" trace=tr-00010727
2026-04-27T12:10:32.632Z level=WARN service=gateway request_id=req-000632 user_id=1050 latency_ms=156 payload_bytes=888 path=/api/v1/logs/8 message="cat log benchmark line 632" trace=tr-00010744
2026-04-27T12:10:33.633Z level=ERROR service=timeline request_id=req-000633 user_id=1051 latency_ms=157 payload_bytes=889 path=/api/v1/logs/9 message="cat log benchmark line 633" trace=tr-00010761
2026-04-27T12:10:34.634Z level=TRACE service=session request_id=req-000634 user_id=1052 latency_ms=158 payload_bytes=890 path=/api/v1/logs/10 message="cat log benchmark line 634" trace=tr-00010778
2026-04-27T12:10:35.635Z level=INFO service=renderer request_id=req-000635 user_id=1053 latency_ms=159 payload_bytes=891 path=/api/v1/logs/11 message="cat log benchmark line 635" trace=tr-00010795
2026-04-27T12:10:36.636Z level=DEBUG service=gateway request_id=req-000636 user_id=1054 latency_ms=160 payload_bytes=892 path=/api/v1/logs/12 message="cat log benchmark line 636" trace=tr-00010812
2026-04-27T12:10:37.637Z level=WARN service=timeline request_id=req-000637 user_id=1055 latency_ms=161 payload_bytes=893 path=/api/v1/logs/0 message="cat log benchmark line 637" trace=tr-00010829
2026-04-27T12:10:38.638Z level=ERROR service=session request_id=req-000638 user_id=1056 latency_ms=162 payload_bytes=894 path=/api/v1/logs/1 message="cat log benchmark line 638" trace=tr-00010846
2026-04-27T12:10:39.639Z level=TRACE service=renderer request_id=req-000639 user_id=1057 latency_ms=163 payload_bytes=895 path=/api/v1/logs/2 message="cat log benchmark line 639" trace=tr-00010863
2026-04-27T12:10:40.640Z level=INFO service=gateway request_id=req-000640 user_id=1058 latency_ms=164 payload_bytes=896 path=/api/v1/logs/3 message="cat log benchmark line 640" trace=tr-00010880
2026-04-27T12:10:41.641Z level=DEBUG service=timeline request_id=req-000641 user_id=1059 latency_ms=165 payload_bytes=897 path=/api/v1/logs/4 message="cat log benchmark line 641" trace=tr-00010897
2026-04-27T12:10:42.642Z level=WARN service=session request_id=req-000642 user_id=1060 latency_ms=166 payload_bytes=898 path=/api/v1/logs/5 message="cat log benchmark line 642" trace=tr-00010914
2026-04-27T12:10:43.643Z level=ERROR service=renderer request_id=req-000643 user_id=1061 latency_ms=167 payload_bytes=899 path=/api/v1/logs/6 message="cat log benchmark line 643" trace=tr-00010931
2026-04-27T12:10:44.644Z level=TRACE service=gateway request_id=req-000644 user_id=1062 latency_ms=168 payload_bytes=900 path=/api/v1/logs/7 message="cat log benchmark line 644" trace=tr-00010948
2026-04-27T12:10:45.645Z level=INFO service=timeline request_id=req-000645 user_id=1063 latency_ms=169 payload_bytes=901 path=/api/v1/logs/8 message="cat log benchmark line 645" trace=tr-00010965
2026-04-27T12:10:46.646Z level=DEBUG service=session request_id=req-000646 user_id=1064 latency_ms=170 payload_bytes=902 path=/api/v1/logs/9 message="cat log benchmark line 646" trace=tr-00010982
2026-04-27T12:10:47.647Z level=WARN service=renderer request_id=req-000647 user_id=1065 latency_ms=171 payload_bytes=903 path=/api/v1/logs/10 message="cat log benchmark line 647" trace=tr-00010999
2026-04-27T12:10:48.648Z level=ERROR service=gateway request_id=req-000648 user_id=1066 latency_ms=172 payload_bytes=904 path=/api/v1/logs/11 message="cat log benchmark line 648" trace=tr-00011016
2026-04-27T12:10:49.649Z level=TRACE service=timeline request_id=req-000649 user_id=1067 latency_ms=173 payload_bytes=905 path=/api/v1/logs/12 message="cat log benchmark line 649" trace=tr-00011033
2026-04-27T12:10:50.650Z level=INFO service=session request_id=req-000650 user_id=1068 latency_ms=174 payload_bytes=906 path=/api/v1/logs/0 message="cat log benchmark line 650" trace=tr-00011050
2026-04-27T12:10:51.651Z level=DEBUG service=renderer request_id=req-000651 user_id=1069 latency_ms=175 payload_bytes=907 path=/api/v1/logs/1 message="cat log benchmark line 651" trace=tr-00011067
2026-04-27T12:10:52.652Z level=WARN service=gateway request_id=req-000652 user_id=1070 latency_ms=176 payload_bytes=908 path=/api/v1/logs/2 message="cat log benchmark line 652" trace=tr-00011084
2026-04-27T12:10:53.653Z level=ERROR service=timeline request_id=req-000653 user_id=1071 latency_ms=177 payload_bytes=909 path=/api/v1/logs/3 message="cat log benchmark line 653" trace=tr-00011101
2026-04-27T12:10:54.654Z level=TRACE service=session request_id=req-000654 user_id=1072 latency_ms=178 payload_bytes=910 path=/api/v1/logs/4 message="cat log benchmark line 654" trace=tr-00011118
2026-04-27T12:10:55.655Z level=INFO service=renderer request_id=req-000655 user_id=1073 latency_ms=179 payload_bytes=911 path=/api/v1/logs/5 message="cat log benchmark line 655" trace=tr-00011135
2026-04-27T12:10:56.656Z level=DEBUG service=gateway request_id=req-000656 user_id=1074 latency_ms=180 payload_bytes=912 path=/api/v1/logs/6 message="cat log benchmark line 656" trace=tr-00011152
2026-04-27T12:10:57.657Z level=WARN service=timeline request_id=req-000657 user_id=1075 latency_ms=181 payload_bytes=913 path=/api/v1/logs/7 message="cat log benchmark line 657" trace=tr-00011169
2026-04-27T12:10:58.658Z level=ERROR service=session request_id=req-000658 user_id=1076 latency_ms=182 payload_bytes=914 path=/api/v1/logs/8 message="cat log benchmark line 658" trace=tr-00011186
2026-04-27T12:10:59.659Z level=TRACE service=renderer request_id=req-000659 user_id=1077 latency_ms=183 payload_bytes=915 path=/api/v1/logs/9 message="cat log benchmark line 659" trace=tr-00011203
2026-04-27T12:11:00.660Z level=INFO service=gateway request_id=req-000660 user_id=1078 latency_ms=184 payload_bytes=916 path=/api/v1/logs/10 message="cat log benchmark line 660" trace=tr-00011220
2026-04-27T12:11:01.661Z level=DEBUG service=timeline request_id=req-000661 user_id=1079 latency_ms=185 payload_bytes=917 path=/api/v1/logs/11 message="cat log benchmark line 661" trace=tr-00011237
2026-04-27T12:11:02.662Z level=WARN service=session request_id=req-000662 user_id=1080 latency_ms=186 payload_bytes=918 path=/api/v1/logs/12 message="cat log benchmark line 662" trace=tr-00011254
2026-04-27T12:11:03.663Z level=ERROR service=renderer request_id=req-000663 user_id=1081 latency_ms=187 payload_bytes=919 path=/api/v1/logs/0 message="cat log benchmark line 663" trace=tr-00011271
2026-04-27T12:11:04.664Z level=TRACE service=gateway request_id=req-000664 user_id=1082 latency_ms=188 payload_bytes=920 path=/api/v1/logs/1 message="cat log benchmark line 664" trace=tr-00011288
2026-04-27T12:11:05.665Z level=INFO service=timeline request_id=req-000665 user_id=1083 latency_ms=189 payload_bytes=921 path=/api/v1/logs/2 message="cat log benchmark line 665" trace=tr-00011305
2026-04-27T12:11:06.666Z level=DEBUG service=session request_id=req-000666 user_id=1084 latency_ms=190 payload_bytes=922 path=/api/v1/logs/3 message="cat log benchmark line 666" trace=tr-00011322
2026-04-27T12:11:07.667Z level=WARN service=renderer request_id=req-000667 user_id=1085 latency_ms=191 payload_bytes=923 path=/api/v1/logs/4 message="cat log benchmark line 667" trace=tr-00011339
2026-04-27T12:11:08.668Z level=ERROR service=gateway request_id=req-000668 user_id=1086 latency_ms=192 payload_bytes=924 path=/api/v1/logs/5 message="cat log benchmark line 668" trace=tr-00011356
2026-04-27T12:11:09.669Z level=TRACE service=timeline request_id=req-000669 user_id=1087 latency_ms=193 payload_bytes=925 path=/api/v1/logs/6 message="cat log benchmark line 669" trace=tr-00011373
2026-04-27T12:11:10.670Z level=INFO service=session request_id=req-000670 user_id=1088 latency_ms=194 payload_bytes=926 path=/api/v1/logs/7 message="cat log benchmark line 670" trace=tr-00011390
2026-04-27T12:11:11.671Z level=DEBUG service=renderer request_id=req-000671 user_id=1089 latency_ms=195 payload_bytes=927 path=/api/v1/logs/8 message="cat log benchmark line 671" trace=tr-00011407
2026-04-27T12:11:12.672Z level=WARN service=gateway request_id=req-000672 user_id=1090 latency_ms=196 payload_bytes=928 path=/api/v1/logs/9 message="cat log benchmark line 672" trace=tr-00011424
2026-04-27T12:11:13.673Z level=ERROR service=timeline request_id=req-000673 user_id=1091 latency_ms=197 payload_bytes=929 path=/api/v1/logs/10 message="cat log benchmark line 673" trace=tr-00011441
2026-04-27T12:11:14.674Z level=TRACE service=session request_id=req-000674 user_id=1092 latency_ms=198 payload_bytes=930 path=/api/v1/logs/11 message="cat log benchmark line 674" trace=tr-00011458
2026-04-27T12:11:15.675Z level=INFO service=renderer request_id=req-000675 user_id=1093 latency_ms=199 payload_bytes=931 path=/api/v1/logs/12 message="cat log benchmark line 675" trace=tr-00011475
2026-04-27T12:11:16.676Z level=DEBUG service=gateway request_id=req-000676 user_id=1094 latency_ms=200 payload_bytes=932 path=/api/v1/logs/0 message="cat log benchmark line 676" trace=tr-00011492
2026-04-27T12:11:17.677Z level=WARN service=timeline request_id=req-000677 user_id=1095 latency_ms=201 payload_bytes=933 path=/api/v1/logs/1 message="cat log benchmark line 677" trace=tr-00011509
2026-04-27T12:11:18.678Z level=ERROR service=session request_id=req-000678 user_id=1096 latency_ms=202 payload_bytes=934 path=/api/v1/logs/2 message="cat log benchmark line 678" trace=tr-00011526
2026-04-27T12:11:19.679Z level=TRACE service=renderer request_id=req-000679 user_id=1000 latency_ms=203 payload_bytes=935 path=/api/v1/logs/3 message="cat log benchmark line 679" trace=tr-00011543
2026-04-27T12:11:20.680Z level=INFO service=gateway request_id=req-000680 user_id=1001 latency_ms=204 payload_bytes=936 path=/api/v1/logs/4 message="cat log benchmark line 680" trace=tr-00011560
2026-04-27T12:11:21.681Z level=DEBUG service=timeline request_id=req-000681 user_id=1002 latency_ms=205 payload_bytes=937 path=/api/v1/logs/5 message="cat log benchmark line 681" trace=tr-00011577
2026-04-27T12:11:22.682Z level=WARN service=session request_id=req-000682 user_id=1003 latency_ms=206 payload_bytes=938 path=/api/v1/logs/6 message="cat log benchmark line 682" trace=tr-00011594
2026-04-27T12:11:23.683Z level=ERROR service=renderer request_id=req-000683 user_id=1004 latency_ms=207 payload_bytes=939 path=/api/v1/logs/7 message="cat log benchmark line 683" trace=tr-00011611
2026-04-27T12:11:24.684Z level=TRACE service=gateway request_id=req-000684 user_id=1005 latency_ms=208 payload_bytes=940 path=/api/v1/logs/8 message="cat log benchmark line 684" trace=tr-00011628
2026-04-27T12:11:25.685Z level=INFO service=timeline request_id=req-000685 user_id=1006 latency_ms=209 payload_bytes=941 path=/api/v1/logs/9 message="cat log benchmark line 685" trace=tr-00011645
2026-04-27T12:11:26.686Z level=DEBUG service=session request_id=req-000686 user_id=1007 latency_ms=210 payload_bytes=942 path=/api/v1/logs/10 message="cat log benchmark line 686" trace=tr-00011662
2026-04-27T12:11:27.687Z level=WARN service=renderer request_id=req-000687 user_id=1008 latency_ms=211 payload_bytes=943 path=/api/v1/logs/11 message="cat log benchmark line 687" trace=tr-00011679
2026-04-27T12:11:28.688Z level=ERROR service=gateway request_id=req-000688 user_id=1009 latency_ms=212 payload_bytes=944 path=/api/v1/logs/12 message="cat log benchmark line 688" trace=tr-00011696
2026-04-27T12:11:29.689Z level=TRACE service=timeline request_id=req-000689 user_id=1010 latency_ms=213 payload_bytes=945 path=/api/v1/logs/0 message="cat log benchmark line 689" trace=tr-00011713
2026-04-27T12:11:30.690Z level=INFO service=session request_id=req-000690 user_id=1011 latency_ms=214 payload_bytes=946 path=/api/v1/logs/1 message="cat log benchmark line 690" trace=tr-00011730
2026-04-27T12:11:31.691Z level=DEBUG service=renderer request_id=req-000691 user_id=1012 latency_ms=215 payload_bytes=947 path=/api/v1/logs/2 message="cat log benchmark line 691" trace=tr-00011747
2026-04-27T12:11:32.692Z level=WARN service=gateway request_id=req-000692 user_id=1013 latency_ms=216 payload_bytes=948 path=/api/v1/logs/3 message="cat log benchmark line 692" trace=tr-00011764
2026-04-27T12:11:33.693Z level=ERROR service=timeline request_id=req-000693 user_id=1014 latency_ms=217 payload_bytes=949 path=/api/v1/logs/4 message="cat log benchmark line 693" trace=tr-00011781
2026-04-27T12:11:34.694Z level=TRACE service=session request_id=req-000694 user_id=1015 latency_ms=218 payload_bytes=950 path=/api/v1/logs/5 message="cat log benchmark line 694" trace=tr-00011798
2026-04-27T12:11:35.695Z level=INFO service=renderer request_id=req-000695 user_id=1016 latency_ms=219 payload_bytes=951 path=/api/v1/logs/6 message="cat log benchmark line 695" trace=tr-00011815
2026-04-27T12:11:36.696Z level=DEBUG service=gateway request_id=req-000696 user_id=1017 latency_ms=220 payload_bytes=952 path=/api/v1/logs/7 message="cat log benchmark line 696" trace=tr-00011832
2026-04-27T12:11:37.697Z level=WARN service=timeline request_id=req-000697 user_id=1018 latency_ms=221 payload_bytes=953 path=/api/v1/logs/8 message="cat log benchmark line 697" trace=tr-00011849
2026-04-27T12:11:38.698Z level=ERROR service=session request_id=req-000698 user_id=1019 latency_ms=222 payload_bytes=954 path=/api/v1/logs/9 message="cat log benchmark line 698" trace=tr-00011866
2026-04-27T12:11:39.699Z level=TRACE service=renderer request_id=req-000699 user_id=1020 latency_ms=223 payload_bytes=955 path=/api/v1/logs/10 message="cat log benchmark line 699" trace=tr-00011883
2026-04-27T12:11:40.700Z level=INFO service=gateway request_id=req-000700 user_id=1021 latency_ms=224 payload_bytes=956 path=/api/v1/logs/11 message="cat log benchmark line 700" trace=tr-00011900
2026-04-27T12:11:41.701Z level=DEBUG service=timeline request_id=req-000701 user_id=1022 latency_ms=225 payload_bytes=957 path=/api/v1/logs/12 message="cat log benchmark line 701" trace=tr-00011917
2026-04-27T12:11:42.702Z level=WARN service=session request_id=req-000702 user_id=1023 latency_ms=226 payload_bytes=958 path=/api/v1/logs/0 message="cat log benchmark line 702" trace=tr-00011934
2026-04-27T12:11:43.703Z level=ERROR service=renderer request_id=req-000703 user_id=1024 latency_ms=227 payload_bytes=959 path=/api/v1/logs/1 message="cat log benchmark line 703" trace=tr-00011951
2026-04-27T12:11:44.704Z level=TRACE service=gateway request_id=req-000704 user_id=1025 latency_ms=228 payload_bytes=960 path=/api/v1/logs/2 message="cat log benchmark line 704" trace=tr-00011968
2026-04-27T12:11:45.705Z level=INFO service=timeline request_id=req-000705 user_id=1026 latency_ms=229 payload_bytes=961 path=/api/v1/logs/3 message="cat log benchmark line 705" trace=tr-00011985
2026-04-27T12:11:46.706Z level=DEBUG service=session request_id=req-000706 user_id=1027 latency_ms=230 payload_bytes=962 path=/api/v1/logs/4 message="cat log benchmark line 706" trace=tr-00012002
2026-04-27T12:11:47.707Z level=WARN service=renderer request_id=req-000707 user_id=1028 latency_ms=231 payload_bytes=963 path=/api/v1/logs/5 message="cat log benchmark line 707" trace=tr-00012019
2026-04-27T12:11:48.708Z level=ERROR service=gateway request_id=req-000708 user_id=1029 latency_ms=232 payload_bytes=964 path=/api/v1/logs/6 message="cat log benchmark line 708" trace=tr-00012036
2026-04-27T12:11:49.709Z level=TRACE service=timeline request_id=req-000709 user_id=1030 latency_ms=233 payload_bytes=965 path=/api/v1/logs/7 message="cat log benchmark line 709" trace=tr-00012053
2026-04-27T12:11:50.710Z level=INFO service=session request_id=req-000710 user_id=1031 latency_ms=234 payload_bytes=966 path=/api/v1/logs/8 message="cat log benchmark line 710" trace=tr-00012070
2026-04-27T12:11:51.711Z level=DEBUG service=renderer request_id=req-000711 user_id=1032 latency_ms=235 payload_bytes=967 path=/api/v1/logs/9 message="cat log benchmark line 711" trace=tr-00012087
2026-04-27T12:11:52.712Z level=WARN service=gateway request_id=req-000712 user_id=1033 latency_ms=236 payload_bytes=968 path=/api/v1/logs/10 message="cat log benchmark line 712" trace=tr-00012104
2026-04-27T12:11:53.713Z level=ERROR service=timeline request_id=req-000713 user_id=1034 latency_ms=237 payload_bytes=969 path=/api/v1/logs/11 message="cat log benchmark line 713" trace=tr-00012121
2026-04-27T12:11:54.714Z level=TRACE service=session request_id=req-000714 user_id=1035 latency_ms=238 payload_bytes=970 path=/api/v1/logs/12 message="cat log benchmark line 714" trace=tr-00012138
2026-04-27T12:11:55.715Z level=INFO service=renderer request_id=req-000715 user_id=1036 latency_ms=239 payload_bytes=971 path=/api/v1/logs/0 message="cat log benchmark line 715" trace=tr-00012155
2026-04-27T12:11:56.716Z level=DEBUG service=gateway request_id=req-000716 user_id=1037 latency_ms=240 payload_bytes=972 path=/api/v1/logs/1 message="cat log benchmark line 716" trace=tr-00012172
2026-04-27T12:11:57.717Z level=WARN service=timeline request_id=req-000717 user_id=1038 latency_ms=241 payload_bytes=973 path=/api/v1/logs/2 message="cat log benchmark line 717" trace=tr-00012189
2026-04-27T12:11:58.718Z level=ERROR service=session request_id=req-000718 user_id=1039 latency_ms=242 payload_bytes=974 path=/api/v1/logs/3 message="cat log benchmark line 718" trace=tr-00012206
2026-04-27T12:11:59.719Z level=TRACE service=renderer request_id=req-000719 user_id=1040 latency_ms=243 payload_bytes=975 path=/api/v1/logs/4 message="cat log benchmark line 719" trace=tr-00012223
2026-04-27T12:12:00.720Z level=INFO service=gateway request_id=req-000720 user_id=1041 latency_ms=4 payload_bytes=976 path=/api/v1/logs/5 message="cat log benchmark line 720" trace=tr-00012240
2026-04-27T12:12:01.721Z level=DEBUG service=timeline request_id=req-000721 user_id=1042 latency_ms=5 payload_bytes=977 path=/api/v1/logs/6 message="cat log benchmark line 721" trace=tr-00012257
2026-04-27T12:12:02.722Z level=WARN service=session request_id=req-000722 user_id=1043 latency_ms=6 payload_bytes=978 path=/api/v1/logs/7 message="cat log benchmark line 722" trace=tr-00012274
2026-04-27T12:12:03.723Z level=ERROR service=renderer request_id=req-000723 user_id=1044 latency_ms=7 payload_bytes=979 path=/api/v1/logs/8 message="cat log benchmark line 723" trace=tr-00012291
2026-04-27T12:12:04.724Z level=TRACE service=gateway request_id=req-000724 user_id=1045 latency_ms=8 payload_bytes=980 path=/api/v1/logs/9 message="cat log benchmark line 724" trace=tr-00012308
2026-04-27T12:12:05.725Z level=INFO service=timeline request_id=req-000725 user_id=1046 latency_ms=9 payload_bytes=981 path=/api/v1/logs/10 message="cat log benchmark line 725" trace=tr-00012325
2026-04-27T12:12:06.726Z level=DEBUG service=session request_id=req-000726 user_id=1047 latency_ms=10 payload_bytes=982 path=/api/v1/logs/11 message="cat log benchmark line 726" trace=tr-00012342
2026-04-27T12:12:07.727Z level=WARN service=renderer request_id=req-000727 user_id=1048 latency_ms=11 payload_bytes=983 path=/api/v1/logs/12 message="cat log benchmark line 727" trace=tr-00012359
2026-04-27T12:12:08.728Z level=ERROR service=gateway request_id=req-000728 user_id=1049 latency_ms=12 payload_bytes=984 path=/api/v1/logs/0 message="cat log benchmark line 728" trace=tr-00012376
2026-04-27T12:12:09.729Z level=TRACE service=timeline request_id=req-000729 user_id=1050 latency_ms=13 payload_bytes=985 path=/api/v1/logs/1 message="cat log benchmark line 729" trace=tr-00012393
2026-04-27T12:12:10.730Z level=INFO service=session request_id=req-000730 user_id=1051 latency_ms=14 payload_bytes=986 path=/api/v1/logs/2 message="cat log benchmark line 730" trace=tr-00012410
2026-04-27T12:12:11.731Z level=DEBUG service=renderer request_id=req-000731 user_id=1052 latency_ms=15 payload_bytes=987 path=/api/v1/logs/3 message="cat log benchmark line 731" trace=tr-00012427
2026-04-27T12:12:12.732Z level=WARN service=gateway request_id=req-000732 user_id=1053 latency_ms=16 payload_bytes=988 path=/api/v1/logs/4 message="cat log benchmark line 732" trace=tr-00012444
2026-04-27T12:12:13.733Z level=ERROR service=timeline request_id=req-000733 user_id=1054 latency_ms=17 payload_bytes=989 path=/api/v1/logs/5 message="cat log benchmark line 733" trace=tr-00012461
2026-04-27T12:12:14.734Z level=TRACE service=session request_id=req-000734 user_id=1055 latency_ms=18 payload_bytes=990 path=/api/v1/logs/6 message="cat log benchmark line 734" trace=tr-00012478
2026-04-27T12:12:15.735Z level=INFO service=renderer request_id=req-000735 user_id=1056 latency_ms=19 payload_bytes=991 path=/api/v1/logs/7 message="cat log benchmark line 735" trace=tr-00012495
2026-04-27T12:12:16.736Z level=DEBUG service=gateway request_id=req-000736 user_id=1057 latency_ms=20 payload_bytes=992 path=/api/v1/logs/8 message="cat log benchmark line 736" trace=tr-00012512
2026-04-27T12:12:17.737Z level=WARN service=timeline request_id=req-000737 user_id=1058 latency_ms=21 payload_bytes=993 path=/api/v1/logs/9 message="cat log benchmark line 737" trace=tr-00012529
2026-04-27T12:12:18.738Z level=ERROR service=session request_id=req-000738 user_id=1059 latency_ms=22 payload_bytes=994 path=/api/v1/logs/10 message="cat log benchmark line 738" trace=tr-00012546
2026-04-27T12:12:19.739Z level=TRACE service=renderer request_id=req-000739 user_id=1060 latency_ms=23 payload_bytes=995 path=/api/v1/logs/11 message="cat log benchmark line 739" trace=tr-00012563
2026-04-27T12:12:20.740Z level=INFO service=gateway request_id=req-000740 user_id=1061 latency_ms=24 payload_bytes=996 path=/api/v1/logs/12 message="cat log benchmark line 740" trace=tr-00012580
2026-04-27T12:12:21.741Z level=DEBUG service=timeline request_id=req-000741 user_id=1062 latency_ms=25 payload_bytes=997 path=/api/v1/logs/0 message="cat log benchmark line 741" trace=tr-00012597
2026-04-27T12:12:22.742Z level=WARN service=session request_id=req-000742 user_id=1063 latency_ms=26 payload_bytes=998 path=/api/v1/logs/1 message="cat log benchmark line 742" trace=tr-00012614
2026-04-27T12:12:23.743Z level=ERROR service=renderer request_id=req-000743 user_id=1064 latency_ms=27 payload_bytes=999 path=/api/v1/logs/2 message="cat log benchmark line 743" trace=tr-00012631
2026-04-27T12:12:24.744Z level=TRACE service=gateway request_id=req-000744 user_id=1065 latency_ms=28 payload_bytes=1000 path=/api/v1/logs/3 message="cat log benchmark line 744" trace=tr-00012648
2026-04-27T12:12:25.745Z level=INFO service=timeline request_id=req-000745 user_id=1066 latency_ms=29 payload_bytes=1001 path=/api/v1/logs/4 message="cat log benchmark line 745" trace=tr-00012665
2026-04-27T12:12:26.746Z level=DEBUG service=session request_id=req-000746 user_id=1067 latency_ms=30 payload_bytes=1002 path=/api/v1/logs/5 message="cat log benchmark line 746" trace=tr-00012682
2026-04-27T12:12:27.747Z level=WARN service=renderer request_id=req-000747 user_id=1068 latency_ms=31 payload_bytes=1003 path=/api/v1/logs/6 message="cat log benchmark line 747" trace=tr-00012699
2026-04-27T12:12:28.748Z level=ERROR service=gateway request_id=req-000748 user_id=1069 latency_ms=32 payload_bytes=1004 path=/api/v1/logs/7 message="cat log benchmark line 748" trace=tr-00012716
2026-04-27T12:12:29.749Z level=TRACE service=timeline request_id=req-000749 user_id=1070 latency_ms=33 payload_bytes=1005 path=/api/v1/logs/8 message="cat log benchmark line 749" trace=tr-00012733
2026-04-27T12:12:30.750Z level=INFO service=session request_id=req-000750 user_id=1071 latency_ms=34 payload_bytes=1006 path=/api/v1/logs/9 message="cat log benchmark line 750" trace=tr-00012750
2026-04-27T12:12:31.751Z level=DEBUG service=renderer request_id=req-000751 user_id=1072 latency_ms=35 payload_bytes=1007 path=/api/v1/logs/10 message="cat log benchmark line 751" trace=tr-00012767
2026-04-27T12:12:32.752Z level=WARN service=gateway request_id=req-000752 user_id=1073 latency_ms=36 payload_bytes=1008 path=/api/v1/logs/11 message="cat log benchmark line 752" trace=tr-00012784
2026-04-27T12:12:33.753Z level=ERROR service=timeline request_id=req-000753 user_id=1074 latency_ms=37 payload_bytes=1009 path=/api/v1/logs/12 message="cat log benchmark line 753" trace=tr-00012801
2026-04-27T12:12:34.754Z level=TRACE service=session request_id=req-000754 user_id=1075 latency_ms=38 payload_bytes=1010 path=/api/v1/logs/0 message="cat log benchmark line 754" trace=tr-00012818
2026-04-27T12:12:35.755Z level=INFO service=renderer request_id=req-000755 user_id=1076 latency_ms=39 payload_bytes=1011 path=/api/v1/logs/1 message="cat log benchmark line 755" trace=tr-00012835
2026-04-27T12:12:36.756Z level=DEBUG service=gateway request_id=req-000756 user_id=1077 latency_ms=40 payload_bytes=1012 path=/api/v1/logs/2 message="cat log benchmark line 756" trace=tr-00012852
2026-04-27T12:12:37.757Z level=WARN service=timeline request_id=req-000757 user_id=1078 latency_ms=41 payload_bytes=1013 path=/api/v1/logs/3 message="cat log benchmark line 757" trace=tr-00012869
2026-04-27T12:12:38.758Z level=ERROR service=session request_id=req-000758 user_id=1079 latency_ms=42 payload_bytes=1014 path=/api/v1/logs/4 message="cat log benchmark line 758" trace=tr-00012886
2026-04-27T12:12:39.759Z level=TRACE service=renderer request_id=req-000759 user_id=1080 latency_ms=43 payload_bytes=1015 path=/api/v1/logs/5 message="cat log benchmark line 759" trace=tr-00012903
2026-04-27T12:12:40.760Z level=INFO service=gateway request_id=req-000760 user_id=1081 latency_ms=44 payload_bytes=1016 path=/api/v1/logs/6 message="cat log benchmark line 760" trace=tr-00012920
2026-04-27T12:12:41.761Z level=DEBUG service=timeline request_id=req-000761 user_id=1082 latency_ms=45 payload_bytes=1017 path=/api/v1/logs/7 message="cat log benchmark line 761" trace=tr-00012937
2026-04-27T12:12:42.762Z level=WARN service=session request_id=req-000762 user_id=1083 latency_ms=46 payload_bytes=1018 path=/api/v1/logs/8 message="cat log benchmark line 762" trace=tr-00012954
2026-04-27T12:12:43.763Z level=ERROR service=renderer request_id=req-000763 user_id=1084 latency_ms=47 payload_bytes=1019 path=/api/v1/logs/9 message="cat log benchmark line 763" trace=tr-00012971
2026-04-27T12:12:44.764Z level=TRACE service=gateway request_id=req-000764 user_id=1085 latency_ms=48 payload_bytes=1020 path=/api/v1/logs/10 message="cat log benchmark line 764" trace=tr-00012988
2026-04-27T12:12:45.765Z level=INFO service=timeline request_id=req-000765 user_id=1086 latency_ms=49 payload_bytes=1021 path=/api/v1/logs/11 message="cat log benchmark line 765" trace=tr-00013005
2026-04-27T12:12:46.766Z level=DEBUG service=session request_id=req-000766 user_id=1087 latency_ms=50 payload_bytes=1022 path=/api/v1/logs/12 message="cat log benchmark line 766" trace=tr-00013022
2026-04-27T12:12:47.767Z level=WARN service=renderer request_id=req-000767 user_id=1088 latency_ms=51 payload_bytes=1023 path=/api/v1/logs/0 message="cat log benchmark line 767" trace=tr-00013039
2026-04-27T12:12:48.768Z level=ERROR service=gateway request_id=req-000768 user_id=1089 latency_ms=52 payload_bytes=1024 path=/api/v1/logs/1 message="cat log benchmark line 768" trace=tr-00013056
2026-04-27T12:12:49.769Z level=TRACE service=timeline request_id=req-000769 user_id=1090 latency_ms=53 payload_bytes=1025 path=/api/v1/logs/2 message="cat log benchmark line 769" trace=tr-00013073
2026-04-27T12:12:50.770Z level=INFO service=session request_id=req-000770 user_id=1091 latency_ms=54 payload_bytes=1026 path=/api/v1/logs/3 message="cat log benchmark line 770" trace=tr-00013090
2026-04-27T12:12:51.771Z level=DEBUG service=renderer request_id=req-000771 user_id=1092 latency_ms=55 payload_bytes=1027 path=/api/v1/logs/4 message="cat log benchmark line 771" trace=tr-00013107
2026-04-27T12:12:52.772Z level=WARN service=gateway request_id=req-000772 user_id=1093 latency_ms=56 payload_bytes=1028 path=/api/v1/logs/5 message="cat log benchmark line 772" trace=tr-00013124
2026-04-27T12:12:53.773Z level=ERROR service=timeline request_id=req-000773 user_id=1094 latency_ms=57 payload_bytes=1029 path=/api/v1/logs/6 message="cat log benchmark line 773" trace=tr-00013141
2026-04-27T12:12:54.774Z level=TRACE service=session request_id=req-000774 user_id=1095 latency_ms=58 payload_bytes=1030 path=/api/v1/logs/7 message="cat log benchmark line 774" trace=tr-00013158
2026-04-27T12:12:55.775Z level=INFO service=renderer request_id=req-000775 user_id=1096 latency_ms=59 payload_bytes=1031 path=/api/v1/logs/8 message="cat log benchmark line 775" trace=tr-00013175
2026-04-27T12:12:56.776Z level=DEBUG service=gateway request_id=req-000776 user_id=1000 latency_ms=60 payload_bytes=1032 path=/api/v1/logs/9 message="cat log benchmark line 776" trace=tr-00013192
2026-04-27T12:12:57.777Z level=WARN service=timeline request_id=req-000777 user_id=1001 latency_ms=61 payload_bytes=1033 path=/api/v1/logs/10 message="cat log benchmark line 777" trace=tr-00013209
2026-04-27T12:12:58.778Z level=ERROR service=session request_id=req-000778 user_id=1002 latency_ms=62 payload_bytes=1034 path=/api/v1/logs/11 message="cat log benchmark line 778" trace=tr-00013226
2026-04-27T12:12:59.779Z level=TRACE service=renderer request_id=req-000779 user_id=1003 latency_ms=63 payload_bytes=1035 path=/api/v1/logs/12 message="cat log benchmark line 779" trace=tr-00013243
2026-04-27T12:13:00.780Z level=INFO service=gateway request_id=req-000780 user_id=1004 latency_ms=64 payload_bytes=1036 path=/api/v1/logs/0 message="cat log benchmark line 780" trace=tr-00013260
2026-04-27T12:13:01.781Z level=DEBUG service=timeline request_id=req-000781 user_id=1005 latency_ms=65 payload_bytes=1037 path=/api/v1/logs/1 message="cat log benchmark line 781" trace=tr-00013277
2026-04-27T12:13:02.782Z level=WARN service=session request_id=req-000782 user_id=1006 latency_ms=66 payload_bytes=1038 path=/api/v1/logs/2 message="cat log benchmark line 782" trace=tr-00013294
2026-04-27T12:13:03.783Z level=ERROR service=renderer request_id=req-000783 user_id=1007 latency_ms=67 payload_bytes=1039 path=/api/v1/logs/3 message="cat log benchmark line 783" trace=tr-00013311
2026-04-27T12:13:04.784Z level=TRACE service=gateway request_id=req-000784 user_id=1008 latency_ms=68 payload_bytes=1040 path=/api/v1/logs/4 message="cat log benchmark line 784" trace=tr-00013328
2026-04-27T12:13:05.785Z level=INFO service=timeline request_id=req-000785 user_id=1009 latency_ms=69 payload_bytes=1041 path=/api/v1/logs/5 message="cat log benchmark line 785" trace=tr-00013345
2026-04-27T12:13:06.786Z level=DEBUG service=session request_id=req-000786 user_id=1010 latency_ms=70 payload_bytes=1042 path=/api/v1/logs/6 message="cat log benchmark line 786" trace=tr-00013362
2026-04-27T12:13:07.787Z level=WARN service=renderer request_id=req-000787 user_id=1011 latency_ms=71 payload_bytes=1043 path=/api/v1/logs/7 message="cat log benchmark line 787" trace=tr-00013379
2026-04-27T12:13:08.788Z level=ERROR service=gateway request_id=req-000788 user_id=1012 latency_ms=72 payload_bytes=1044 path=/api/v1/logs/8 message="cat log benchmark line 788" trace=tr-00013396
2026-04-27T12:13:09.789Z level=TRACE service=timeline request_id=req-000789 user_id=1013 latency_ms=73 payload_bytes=1045 path=/api/v1/logs/9 message="cat log benchmark line 789" trace=tr-00013413
2026-04-27T12:13:10.790Z level=INFO service=session request_id=req-000790 user_id=1014 latency_ms=74 payload_bytes=1046 path=/api/v1/logs/10 message="cat log benchmark line 790" trace=tr-00013430
2026-04-27T12:13:11.791Z level=DEBUG service=renderer request_id=req-000791 user_id=1015 latency_ms=75 payload_bytes=1047 path=/api/v1/logs/11 message="cat log benchmark line 791" trace=tr-00013447
2026-04-27T12:13:12.792Z level=WARN service=gateway request_id=req-000792 user_id=1016 latency_ms=76 payload_bytes=1048 path=/api/v1/logs/12 message="cat log benchmark line 792" trace=tr-00013464
2026-04-27T12:13:13.793Z level=ERROR service=timeline request_id=req-000793 user_id=1017 latency_ms=77 payload_bytes=1049 path=/api/v1/logs/0 message="cat log benchmark line 793" trace=tr-00013481
2026-04-27T12:13:14.794Z level=TRACE service=session request_id=req-000794 user_id=1018 latency_ms=78 payload_bytes=1050 path=/api/v1/logs/1 message="cat log benchmark line 794" trace=tr-00013498
2026-04-27T12:13:15.795Z level=INFO service=renderer request_id=req-000795 user_id=1019 latency_ms=79 payload_bytes=1051 path=/api/v1/logs/2 message="cat log benchmark line 795" trace=tr-00013515
2026-04-27T12:13:16.796Z level=DEBUG service=gateway request_id=req-000796 user_id=1020 latency_ms=80 payload_bytes=1052 path=/api/v1/logs/3 message="cat log benchmark line 796" trace=tr-00013532
2026-04-27T12:13:17.797Z level=WARN service=timeline request_id=req-000797 user_id=1021 latency_ms=81 payload_bytes=1053 path=/api/v1/logs/4 message="cat log benchmark line 797" trace=tr-00013549
2026-04-27T12:13:18.798Z level=ERROR service=session request_id=req-000798 user_id=1022 latency_ms=82 payload_bytes=1054 path=/api/v1/logs/5 message="cat log benchmark line 798" trace=tr-00013566
2026-04-27T12:13:19.799Z level=TRACE service=renderer request_id=req-000799 user_id=1023 latency_ms=83 payload_bytes=1055 path=/api/v1/logs/6 message="cat log benchmark line 799" trace=tr-00013583
2026-04-27T12:13:20.800Z level=INFO service=gateway request_id=req-000800 user_id=1024 latency_ms=84 payload_bytes=1056 path=/api/v1/logs/7 message="cat log benchmark line 800" trace=tr-00013600
2026-04-27T12:13:21.801Z level=DEBUG service=timeline request_id=req-000801 user_id=1025 latency_ms=85 payload_bytes=1057 path=/api/v1/logs/8 message="cat log benchmark line 801" trace=tr-00013617
2026-04-27T12:13:22.802Z level=WARN service=session request_id=req-000802 user_id=1026 latency_ms=86 payload_bytes=1058 path=/api/v1/logs/9 message="cat log benchmark line 802" trace=tr-00013634
2026-04-27T12:13:23.803Z level=ERROR service=renderer request_id=req-000803 user_id=1027 latency_ms=87 payload_bytes=1059 path=/api/v1/logs/10 message="cat log benchmark line 803" trace=tr-00013651
2026-04-27T12:13:24.804Z level=TRACE service=gateway request_id=req-000804 user_id=1028 latency_ms=88 payload_bytes=1060 path=/api/v1/logs/11 message="cat log benchmark line 804" trace=tr-00013668
2026-04-27T12:13:25.805Z level=INFO service=timeline request_id=req-000805 user_id=1029 latency_ms=89 payload_bytes=1061 path=/api/v1/logs/12 message="cat log benchmark line 805" trace=tr-00013685
2026-04-27T12:13:26.806Z level=DEBUG service=session request_id=req-000806 user_id=1030 latency_ms=90 payload_bytes=1062 path=/api/v1/logs/0 message="cat log benchmark line 806" trace=tr-00013702
2026-04-27T12:13:27.807Z level=WARN service=renderer request_id=req-000807 user_id=1031 latency_ms=91 payload_bytes=1063 path=/api/v1/logs/1 message="cat log benchmark line 807" trace=tr-00013719
2026-04-27T12:13:28.808Z level=ERROR service=gateway request_id=req-000808 user_id=1032 latency_ms=92 payload_bytes=1064 path=/api/v1/logs/2 message="cat log benchmark line 808" trace=tr-00013736
2026-04-27T12:13:29.809Z level=TRACE service=timeline request_id=req-000809 user_id=1033 latency_ms=93 payload_bytes=1065 path=/api/v1/logs/3 message="cat log benchmark line 809" trace=tr-00013753
2026-04-27T12:13:30.810Z level=INFO service=session request_id=req-000810 user_id=1034 latency_ms=94 payload_bytes=1066 path=/api/v1/logs/4 message="cat log benchmark line 810" trace=tr-00013770
2026-04-27T12:13:31.811Z level=DEBUG service=renderer request_id=req-000811 user_id=1035 latency_ms=95 payload_bytes=1067 path=/api/v1/logs/5 message="cat log benchmark line 811" trace=tr-00013787
2026-04-27T12:13:32.812Z level=WARN service=gateway request_id=req-000812 user_id=1036 latency_ms=96 payload_bytes=1068 path=/api/v1/logs/6 message="cat log benchmark line 812" trace=tr-00013804
2026-04-27T12:13:33.813Z level=ERROR service=timeline request_id=req-000813 user_id=1037 latency_ms=97 payload_bytes=1069 path=/api/v1/logs/7 message="cat log benchmark line 813" trace=tr-00013821
2026-04-27T12:13:34.814Z level=TRACE service=session request_id=req-000814 user_id=1038 latency_ms=98 payload_bytes=1070 path=/api/v1/logs/8 message="cat log benchmark line 814" trace=tr-00013838
2026-04-27T12:13:35.815Z level=INFO service=renderer request_id=req-000815 user_id=1039 latency_ms=99 payload_bytes=1071 path=/api/v1/logs/9 message="cat log benchmark line 815" trace=tr-00013855
2026-04-27T12:13:36.816Z level=DEBUG service=gateway request_id=req-000816 user_id=1040 latency_ms=100 payload_bytes=1072 path=/api/v1/logs/10 message="cat log benchmark line 816" trace=tr-00013872
2026-04-27T12:13:37.817Z level=WARN service=timeline request_id=req-000817 user_id=1041 latency_ms=101 payload_bytes=1073 path=/api/v1/logs/11 message="cat log benchmark line 817" trace=tr-00013889
2026-04-27T12:13:38.818Z level=ERROR service=session request_id=req-000818 user_id=1042 latency_ms=102 payload_bytes=1074 path=/api/v1/logs/12 message="cat log benchmark line 818" trace=tr-00013906
2026-04-27T12:13:39.819Z level=TRACE service=renderer request_id=req-000819 user_id=1043 latency_ms=103 payload_bytes=1075 path=/api/v1/logs/0 message="cat log benchmark line 819" trace=tr-00013923
2026-04-27T12:13:40.820Z level=INFO service=gateway request_id=req-000820 user_id=1044 latency_ms=104 payload_bytes=1076 path=/api/v1/logs/1 message="cat log benchmark line 820" trace=tr-00013940
2026-04-27T12:13:41.821Z level=DEBUG service=timeline request_id=req-000821 user_id=1045 latency_ms=105 payload_bytes=1077 path=/api/v1/logs/2 message="cat log benchmark line 821" trace=tr-00013957
2026-04-27T12:13:42.822Z level=WARN service=session request_id=req-000822 user_id=1046 latency_ms=106 payload_bytes=1078 path=/api/v1/logs/3 message="cat log benchmark line 822" trace=tr-00013974
2026-04-27T12:13:43.823Z level=ERROR service=renderer request_id=req-000823 user_id=1047 latency_ms=107 payload_bytes=1079 path=/api/v1/logs/4 message="cat log benchmark line 823" trace=tr-00013991
2026-04-27T12:13:44.824Z level=TRACE service=gateway request_id=req-000824 user_id=1048 latency_ms=108 payload_bytes=1080 path=/api/v1/logs/5 message="cat log benchmark line 824" trace=tr-00014008
2026-04-27T12:13:45.825Z level=INFO service=timeline request_id=req-000825 user_id=1049 latency_ms=109 payload_bytes=1081 path=/api/v1/logs/6 message="cat log benchmark line 825" trace=tr-00014025
2026-04-27T12:13:46.826Z level=DEBUG service=session request_id=req-000826 user_id=1050 latency_ms=110 payload_bytes=1082 path=/api/v1/logs/7 message="cat log benchmark line 826" trace=tr-00014042
2026-04-27T12:13:47.827Z level=WARN service=renderer request_id=req-000827 user_id=1051 latency_ms=111 payload_bytes=1083 path=/api/v1/logs/8 message="cat log benchmark line 827" trace=tr-00014059
2026-04-27T12:13:48.828Z level=ERROR service=gateway request_id=req-000828 user_id=1052 latency_ms=112 payload_bytes=1084 path=/api/v1/logs/9 message="cat log benchmark line 828" trace=tr-00014076
2026-04-27T12:13:49.829Z level=TRACE service=timeline request_id=req-000829 user_id=1053 latency_ms=113 payload_bytes=1085 path=/api/v1/logs/10 message="cat log benchmark line 829" trace=tr-00014093
2026-04-27T12:13:50.830Z level=INFO service=session request_id=req-000830 user_id=1054 latency_ms=114 payload_bytes=1086 path=/api/v1/logs/11 message="cat log benchmark line 830" trace=tr-00014110
2026-04-27T12:13:51.831Z level=DEBUG service=renderer request_id=req-000831 user_id=1055 latency_ms=115 payload_bytes=1087 path=/api/v1/logs/12 message="cat log benchmark line 831" trace=tr-00014127
2026-04-27T12:13:52.832Z level=WARN service=gateway request_id=req-000832 user_id=1056 latency_ms=116 payload_bytes=1088 path=/api/v1/logs/0 message="cat log benchmark line 832" trace=tr-00014144
2026-04-27T12:13:53.833Z level=ERROR service=timeline request_id=req-000833 user_id=1057 latency_ms=117 payload_bytes=1089 path=/api/v1/logs/1 message="cat log benchmark line 833" trace=tr-00014161
2026-04-27T12:13:54.834Z level=TRACE service=session request_id=req-000834 user_id=1058 latency_ms=118 payload_bytes=1090 path=/api/v1/logs/2 message="cat log benchmark line 834" trace=tr-00014178
2026-04-27T12:13:55.835Z level=INFO service=renderer request_id=req-000835 user_id=1059 latency_ms=119 payload_bytes=1091 path=/api/v1/logs/3 message="cat log benchmark line 835" trace=tr-00014195
2026-04-27T12:13:56.836Z level=DEBUG service=gateway request_id=req-000836 user_id=1060 latency_ms=120 payload_bytes=1092 path=/api/v1/logs/4 message="cat log benchmark line 836" trace=tr-00014212
2026-04-27T12:13:57.837Z level=WARN service=timeline request_id=req-000837 user_id=1061 latency_ms=121 payload_bytes=1093 path=/api/v1/logs/5 message="cat log benchmark line 837" trace=tr-00014229
2026-04-27T12:13:58.838Z level=ERROR service=session request_id=req-000838 user_id=1062 latency_ms=122 payload_bytes=1094 path=/api/v1/logs/6 message="cat log benchmark line 838" trace=tr-00014246
2026-04-27T12:13:59.839Z level=TRACE service=renderer request_id=req-000839 user_id=1063 latency_ms=123 payload_bytes=1095 path=/api/v1/logs/7 message="cat log benchmark line 839" trace=tr-00014263
2026-04-27T12:14:00.840Z level=INFO service=gateway request_id=req-000840 user_id=1064 latency_ms=124 payload_bytes=1096 path=/api/v1/logs/8 message="cat log benchmark line 840" trace=tr-00014280
2026-04-27T12:14:01.841Z level=DEBUG service=timeline request_id=req-000841 user_id=1065 latency_ms=125 payload_bytes=1097 path=/api/v1/logs/9 message="cat log benchmark line 841" trace=tr-00014297
2026-04-27T12:14:02.842Z level=WARN service=session request_id=req-000842 user_id=1066 latency_ms=126 payload_bytes=1098 path=/api/v1/logs/10 message="cat log benchmark line 842" trace=tr-00014314
2026-04-27T12:14:03.843Z level=ERROR service=renderer request_id=req-000843 user_id=1067 latency_ms=127 payload_bytes=1099 path=/api/v1/logs/11 message="cat log benchmark line 843" trace=tr-00014331
2026-04-27T12:14:04.844Z level=TRACE service=gateway request_id=req-000844 user_id=1068 latency_ms=128 payload_bytes=1100 path=/api/v1/logs/12 message="cat log benchmark line 844" trace=tr-00014348
2026-04-27T12:14:05.845Z level=INFO service=timeline request_id=req-000845 user_id=1069 latency_ms=129 payload_bytes=1101 path=/api/v1/logs/0 message="cat log benchmark line 845" trace=tr-00014365
2026-04-27T12:14:06.846Z level=DEBUG service=session request_id=req-000846 user_id=1070 latency_ms=130 payload_bytes=1102 path=/api/v1/logs/1 message="cat log benchmark line 846" trace=tr-00014382
2026-04-27T12:14:07.847Z level=WARN service=renderer request_id=req-000847 user_id=1071 latency_ms=131 payload_bytes=1103 path=/api/v1/logs/2 message="cat log benchmark line 847" trace=tr-00014399
2026-04-27T12:14:08.848Z level=ERROR service=gateway request_id=req-000848 user_id=1072 latency_ms=132 payload_bytes=1104 path=/api/v1/logs/3 message="cat log benchmark line 848" trace=tr-00014416
2026-04-27T12:14:09.849Z level=TRACE service=timeline request_id=req-000849 user_id=1073 latency_ms=133 payload_bytes=1105 path=/api/v1/logs/4 message="cat log benchmark line 849" trace=tr-00014433
2026-04-27T12:14:10.850Z level=INFO service=session request_id=req-000850 user_id=1074 latency_ms=134 payload_bytes=1106 path=/api/v1/logs/5 message="cat log benchmark line 850" trace=tr-00014450
2026-04-27T12:14:11.851Z level=DEBUG service=renderer request_id=req-000851 user_id=1075 latency_ms=135 payload_bytes=1107 path=/api/v1/logs/6 message="cat log benchmark line 851" trace=tr-00014467
2026-04-27T12:14:12.852Z level=WARN service=gateway request_id=req-000852 user_id=1076 latency_ms=136 payload_bytes=1108 path=/api/v1/logs/7 message="cat log benchmark line 852" trace=tr-00014484
2026-04-27T12:14:13.853Z level=ERROR service=timeline request_id=req-000853 user_id=1077 latency_ms=137 payload_bytes=1109 path=/api/v1/logs/8 message="cat log benchmark line 853" trace=tr-00014501
2026-04-27T12:14:14.854Z level=TRACE service=session request_id=req-000854 user_id=1078 latency_ms=138 payload_bytes=1110 path=/api/v1/logs/9 message="cat log benchmark line 854" trace=tr-00014518
2026-04-27T12:14:15.855Z level=INFO service=renderer request_id=req-000855 user_id=1079 latency_ms=139 payload_bytes=1111 path=/api/v1/logs/10 message="cat log benchmark line 855" trace=tr-00014535
2026-04-27T12:14:16.856Z level=DEBUG service=gateway request_id=req-000856 user_id=1080 latency_ms=140 payload_bytes=1112 path=/api/v1/logs/11 message="cat log benchmark line 856" trace=tr-00014552
2026-04-27T12:14:17.857Z level=WARN service=timeline request_id=req-000857 user_id=1081 latency_ms=141 payload_bytes=1113 path=/api/v1/logs/12 message="cat log benchmark line 857" trace=tr-00014569
2026-04-27T12:14:18.858Z level=ERROR service=session request_id=req-000858 user_id=1082 latency_ms=142 payload_bytes=1114 path=/api/v1/logs/0 message="cat log benchmark line 858" trace=tr-00014586
2026-04-27T12:14:19.859Z level=TRACE service=renderer request_id=req-000859 user_id=1083 latency_ms=143 payload_bytes=1115 path=/api/v1/logs/1 message="cat log benchmark line 859" trace=tr-00014603
2026-04-27T12:14:20.860Z level=INFO service=gateway request_id=req-000860 user_id=1084 latency_ms=144 payload_bytes=1116 path=/api/v1/logs/2 message="cat log benchmark line 860" trace=tr-00014620
2026-04-27T12:14:21.861Z level=DEBUG service=timeline request_id=req-000861 user_id=1085 latency_ms=145 payload_bytes=1117 path=/api/v1/logs/3 message="cat log benchmark line 861" trace=tr-00014637
2026-04-27T12:14:22.862Z level=WARN service=session request_id=req-000862 user_id=1086 latency_ms=146 payload_bytes=1118 path=/api/v1/logs/4 message="cat log benchmark line 862" trace=tr-00014654
2026-04-27T12:14:23.863Z level=ERROR service=renderer request_id=req-000863 user_id=1087 latency_ms=147 payload_bytes=1119 path=/api/v1/logs/5 message="cat log benchmark line 863" trace=tr-00014671
2026-04-27T12:14:24.864Z level=TRACE service=gateway request_id=req-000864 user_id=1088 latency_ms=148 payload_bytes=1120 path=/api/v1/logs/6 message="cat log benchmark line 864" trace=tr-00014688
2026-04-27T12:14:25.865Z level=INFO service=timeline request_id=req-000865 user_id=1089 latency_ms=149 payload_bytes=1121 path=/api/v1/logs/7 message="cat log benchmark line 865" trace=tr-00014705
2026-04-27T12:14:26.866Z level=DEBUG service=session request_id=req-000866 user_id=1090 latency_ms=150 payload_bytes=1122 path=/api/v1/logs/8 message="cat log benchmark line 866" trace=tr-00014722
2026-04-27T12:14:27.867Z level=WARN service=renderer request_id=req-000867 user_id=1091 latency_ms=151 payload_bytes=1123 path=/api/v1/logs/9 message="cat log benchmark line 867" trace=tr-00014739
2026-04-27T12:14:28.868Z level=ERROR service=gateway request_id=req-000868 user_id=1092 latency_ms=152 payload_bytes=1124 path=/api/v1/logs/10 message="cat log benchmark line 868" trace=tr-00014756
2026-04-27T12:14:29.869Z level=TRACE service=timeline request_id=req-000869 user_id=1093 latency_ms=153 payload_bytes=1125 path=/api/v1/logs/11 message="cat log benchmark line 869" trace=tr-00014773
2026-04-27T12:14:30.870Z level=INFO service=session request_id=req-000870 user_id=1094 latency_ms=154 payload_bytes=1126 path=/api/v1/logs/12 message="cat log benchmark line 870" trace=tr-00014790
2026-04-27T12:14:31.871Z level=DEBUG service=renderer request_id=req-000871 user_id=1095 latency_ms=155 payload_bytes=1127 path=/api/v1/logs/0 message="cat log benchmark line 871" trace=tr-00014807
2026-04-27T12:14:32.872Z level=WARN service=gateway request_id=req-000872 user_id=1096 latency_ms=156 payload_bytes=1128 path=/api/v1/logs/1 message="cat log benchmark line 872" trace=tr-00014824
2026-04-27T12:14:33.873Z level=ERROR service=timeline request_id=req-000873 user_id=1000 latency_ms=157 payload_bytes=1129 path=/api/v1/logs/2 message="cat log benchmark line 873" trace=tr-00014841
2026-04-27T12:14:34.874Z level=TRACE service=session request_id=req-000874 user_id=1001 latency_ms=158 payload_bytes=1130 path=/api/v1/logs/3 message="cat log benchmark line 874" trace=tr-00014858
2026-04-27T12:14:35.875Z level=INFO service=renderer request_id=req-000875 user_id=1002 latency_ms=159 payload_bytes=1131 path=/api/v1/logs/4 message="cat log benchmark line 875" trace=tr-00014875
2026-04-27T12:14:36.876Z level=DEBUG service=gateway request_id=req-000876 user_id=1003 latency_ms=160 payload_bytes=1132 path=/api/v1/logs/5 message="cat log benchmark line 876" trace=tr-00014892
2026-04-27T12:14:37.877Z level=WARN service=timeline request_id=req-000877 user_id=1004 latency_ms=161 payload_bytes=1133 path=/api/v1/logs/6 message="cat log benchmark line 877" trace=tr-00014909
2026-04-27T12:14:38.878Z level=ERROR service=session request_id=req-000878 user_id=1005 latency_ms=162 payload_bytes=1134 path=/api/v1/logs/7 message="cat log benchmark line 878" trace=tr-00014926
2026-04-27T12:14:39.879Z level=TRACE service=renderer request_id=req-000879 user_id=1006 latency_ms=163 payload_bytes=1135 path=/api/v1/logs/8 message="cat log benchmark line 879" trace=tr-00014943
2026-04-27T12:14:40.880Z level=INFO service=gateway request_id=req-000880 user_id=1007 latency_ms=164 payload_bytes=1136 path=/api/v1/logs/9 message="cat log benchmark line 880" trace=tr-00014960
2026-04-27T12:14:41.881Z level=DEBUG service=timeline request_id=req-000881 user_id=1008 latency_ms=165 payload_bytes=1137 path=/api/v1/logs/10 message="cat log benchmark line 881" trace=tr-00014977
2026-04-27T12:14:42.882Z level=WARN service=session request_id=req-000882 user_id=1009 latency_ms=166 payload_bytes=1138 path=/api/v1/logs/11 message="cat log benchmark line 882" trace=tr-00014994
2026-04-27T12:14:43.883Z level=ERROR service=renderer request_id=req-000883 user_id=1010 latency_ms=167 payload_bytes=1139 path=/api/v1/logs/12 message="cat log benchmark line 883" trace=tr-00015011
2026-04-27T12:14:44.884Z level=TRACE service=gateway request_id=req-000884 user_id=1011 latency_ms=168 payload_bytes=1140 path=/api/v1/logs/0 message="cat log benchmark line 884" trace=tr-00015028
2026-04-27T12:14:45.885Z level=INFO service=timeline request_id=req-000885 user_id=1012 latency_ms=169 payload_bytes=1141 path=/api/v1/logs/1 message="cat log benchmark line 885" trace=tr-00015045
2026-04-27T12:14:46.886Z level=DEBUG service=session request_id=req-000886 user_id=1013 latency_ms=170 payload_bytes=1142 path=/api/v1/logs/2 message="cat log benchmark line 886" trace=tr-00015062
2026-04-27T12:14:47.887Z level=WARN service=renderer request_id=req-000887 user_id=1014 latency_ms=171 payload_bytes=1143 path=/api/v1/logs/3 message="cat log benchmark line 887" trace=tr-00015079
2026-04-27T12:14:48.888Z level=ERROR service=gateway request_id=req-000888 user_id=1015 latency_ms=172 payload_bytes=1144 path=/api/v1/logs/4 message="cat log benchmark line 888" trace=tr-00015096
2026-04-27T12:14:49.889Z level=TRACE service=timeline request_id=req-000889 user_id=1016 latency_ms=173 payload_bytes=1145 path=/api/v1/logs/5 message="cat log benchmark line 889" trace=tr-00015113
2026-04-27T12:14:50.890Z level=INFO service=session request_id=req-000890 user_id=1017 latency_ms=174 payload_bytes=1146 path=/api/v1/logs/6 message="cat log benchmark line 890" trace=tr-00015130
2026-04-27T12:14:51.891Z level=DEBUG service=renderer request_id=req-000891 user_id=1018 latency_ms=175 payload_bytes=1147 path=/api/v1/logs/7 message="cat log benchmark line 891" trace=tr-00015147
2026-04-27T12:14:52.892Z level=WARN service=gateway request_id=req-000892 user_id=1019 latency_ms=176 payload_bytes=1148 path=/api/v1/logs/8 message="cat log benchmark line 892" trace=tr-00015164
2026-04-27T12:14:53.893Z level=ERROR service=timeline request_id=req-000893 user_id=1020 latency_ms=177 payload_bytes=1149 path=/api/v1/logs/9 message="cat log benchmark line 893" trace=tr-00015181
2026-04-27T12:14:54.894Z level=TRACE service=session request_id=req-000894 user_id=1021 latency_ms=178 payload_bytes=1150 path=/api/v1/logs/10 message="cat log benchmark line 894" trace=tr-00015198
2026-04-27T12:14:55.895Z level=INFO service=renderer request_id=req-000895 user_id=1022 latency_ms=179 payload_bytes=1151 path=/api/v1/logs/11 message="cat log benchmark line 895" trace=tr-00015215
2026-04-27T12:14:56.896Z level=DEBUG service=gateway request_id=req-000896 user_id=1023 latency_ms=180 payload_bytes=1152 path=/api/v1/logs/12 message="cat log benchmark line 896" trace=tr-00015232
2026-04-27T12:14:57.897Z level=WARN service=timeline request_id=req-000897 user_id=1024 latency_ms=181 payload_bytes=1153 path=/api/v1/logs/0 message="cat log benchmark line 897" trace=tr-00015249
2026-04-27T12:14:58.898Z level=ERROR service=session request_id=req-000898 user_id=1025 latency_ms=182 payload_bytes=1154 path=/api/v1/logs/1 message="cat log benchmark line 898" trace=tr-00015266
2026-04-27T12:14:59.899Z level=TRACE service=renderer request_id=req-000899 user_id=1026 latency_ms=183 payload_bytes=1155 path=/api/v1/logs/2 message="cat log benchmark line 899" trace=tr-00015283
