package:ianvs_design has `uses-material-design: true` set but the primary pubspec contains `uses-material-design: false`. If the application needs material icons, then `uses-material-design`  must be set to true.
00:00 +0: loading /Users/robinfai/flutter_projects/ianvs-terminal/example/test/ai/terminal_ai_recovery_test.dart
00:00 +0: /Users/robinfai/flutter_projects/ianvs-terminal/example/test/ai/terminal_ai_recovery_test.dart: disconnect revokes approval; recovery keeps task, draft and attachments
00:00 +1: /Users/robinfai/flutter_projects/ianvs-terminal/example/test/ai/terminal_ai_recovery_test.dart: disconnect cancels inference and ignores its late proposal
00:00 +2: /Users/robinfai/flutter_projects/ianvs-terminal/example/test/ai/terminal_ai_recovery_test.dart: terminal recovery cannot erase an independent authentication error
00:00 +3: /Users/robinfai/flutter_projects/ianvs-terminal/example/test/ai/terminal_ai_recovery_test.dart: unknown receipt blocks continuation until the original submission is checked
00:00 +4: /Users/robinfai/flutter_projects/ianvs-terminal/example/test/ai/terminal_ai_recovery_test.dart: disconnected native receipts can resolve acceptance without resuming
00:00 +5: /Users/robinfai/flutter_projects/ianvs-terminal/example/test/ai/terminal_ai_recovery_test.dart: simultaneous terminal checks share one read and do not send input
00:00 +6: /Users/robinfai/flutter_projects/ianvs-terminal/example/test/ai/terminal_ai_recovery_test.dart: terminal failure during explicit interrupt can be checked without retry
00:00 +7: /Users/robinfai/flutter_projects/ianvs-terminal/example/test/ai/terminal_ai_recovery_test.dart: late failed check cannot change the newly selected task
00:00 +8: /Users/robinfai/flutter_projects/ianvs-terminal/example/test/ai/terminal_ai_recovery_test.dart: takeover closes tool history and continues only after checking receipt
00:00 +9: /Users/robinfai/flutter_projects/ianvs-terminal/example/test/ai/terminal_ai_widgets_test.dart: task status and resume remain reachable while reading history
00:00 +10: /Users/robinfai/flutter_projects/ianvs-terminal/example/test/ai/terminal_ai_widgets_test.dart: task status and resume remain reachable while reading history
00:00 +11: /Users/robinfai/flutter_projects/ianvs-terminal/example/test/ai/terminal_ai_widgets_test.dart: task status and resume remain reachable while reading history
00:00 +12: /Users/robinfai/flutter_projects/ianvs-terminal/example/test/ai/terminal_ai_widgets_test.dart: task status and resume remain reachable while reading history
00:00 +13: /Users/robinfai/flutter_projects/ianvs-terminal/example/test/ai/terminal_ai_widgets_test.dart: task status and resume remain reachable while reading history
00:00 +14: /Users/robinfai/flutter_projects/ianvs-terminal/example/test/ai/terminal_ai_widgets_test.dart: task status and resume remain reachable while reading history
00:00 +15: /Users/robinfai/flutter_projects/ianvs-terminal/example/test/ai/terminal_ai_widgets_test.dart: task status and resume remain reachable while reading history
00:00 +16: /Users/robinfai/flutter_projects/ianvs-terminal/example/test/ai/terminal_ai_widgets_test.dart: task status and resume remain reachable while reading history
00:00 +17: /Users/robinfai/flutter_projects/ianvs-terminal/example/test/ai/terminal_ai_widgets_test.dart: task status and resume remain reachable while reading history
00:00 +18: /Users/robinfai/flutter_projects/ianvs-terminal/example/test/ai/terminal_ai_widgets_test.dart: task status and resume remain reachable while reading history
00:00 +19: /Users/robinfai/flutter_projects/ianvs-terminal/example/test/ai/terminal_ai_widgets_test.dart: task status and resume remain reachable while reading history
00:00 +20: /Users/robinfai/flutter_projects/ianvs-terminal/example/test/ai/terminal_ai_widgets_test.dart: task status and resume remain reachable while reading history
00:00 +21: /Users/robinfai/flutter_projects/ianvs-terminal/example/test/ai/terminal_ai_widgets_test.dart: task status and resume remain reachable while reading history
00:00 +22: /Users/robinfai/flutter_projects/ianvs-terminal/example/test/ai/terminal_ai_widgets_test.dart: task status and resume remain reachable while reading history
00:00 +23: /Users/robinfai/flutter_projects/ianvs-terminal/example/test/ai/terminal_ai_widgets_test.dart: task status and resume remain reachable while reading history
00:00 +24: /Users/robinfai/flutter_projects/ianvs-terminal/example/test/ai/terminal_ai_widgets_test.dart: task status and resume remain reachable while reading history
00:00 +25: /Users/robinfai/flutter_projects/ianvs-terminal/example/test/ai/terminal_ai_widgets_test.dart: task status and resume remain reachable while reading history
00:00 +26: /Users/robinfai/flutter_projects/ianvs-terminal/example/test/ai/terminal_ai_widgets_test.dart: task status and resume remain reachable while reading history
00:00 +27: /Users/robinfai/flutter_projects/ianvs-terminal/example/test/ai/terminal_ai_widgets_test.dart: task status and resume remain reachable while reading history
00:00 +28: /Users/robinfai/flutter_projects/ianvs-terminal/example/test/ai/terminal_ai_widgets_test.dart: task status and resume remain reachable while reading history
00:00 +29: /Users/robinfai/flutter_projects/ianvs-terminal/example/test/ai/terminal_ai_widgets_test.dart: task status and resume remain reachable while reading history
00:00 +30: /Users/robinfai/flutter_projects/ianvs-terminal/example/test/ai/terminal_ai_widgets_test.dart: task status and resume remain reachable while reading history
00:00 +31: /Users/robinfai/flutter_projects/ianvs-terminal/example/test/ai/terminal_ai_widgets_test.dart: task status and resume remain reachable while reading history
00:00 +32: /Users/robinfai/flutter_projects/ianvs-terminal/example/test/ai/terminal_ai_widgets_test.dart: task status and resume remain reachable while reading history
00:00 +33: /Users/robinfai/flutter_projects/ianvs-terminal/example/test/ai/terminal_ai_focus_test.dart: approved desktop result restores input for a same-task follow-up
00:00 +34: /Users/robinfai/flutter_projects/ianvs-terminal/example/test/ai/terminal_ai_focus_test.dart: approved desktop result restores input for a same-task follow-up
00:00 +35: /Users/robinfai/flutter_projects/ianvs-terminal/example/test/ai/terminal_ai_focus_test.dart: approved desktop result restores input for a same-task follow-up
00:01 +36: /Users/robinfai/flutter_projects/ianvs-terminal/example/test/ai/terminal_ai_focus_test.dart: approved desktop result restores input for a same-task follow-up
00:01 +37: /Users/robinfai/flutter_projects/ianvs-terminal/example/test/ai/terminal_ai_focus_test.dart: approved desktop result restores input for a same-task follow-up
00:01 +38: /Users/robinfai/flutter_projects/ianvs-terminal/example/test/ai/terminal_ai_focus_test.dart: approved desktop result restores input for a same-task follow-up
00:01 +39: /Users/robinfai/flutter_projects/ianvs-terminal/example/test/ai/terminal_ai_focus_test.dart: approved desktop result restores input for a same-task follow-up
00:01 +40: /Users/robinfai/flutter_projects/ianvs-terminal/example/test/ai/terminal_ai_focus_test.dart: approved desktop result restores input for a same-task follow-up
00:01 +41: /Users/robinfai/flutter_projects/ianvs-terminal/example/test/ai/terminal_ai_focus_test.dart: approved desktop result restores input for a same-task follow-up
00:01 +42: /Users/robinfai/flutter_projects/ianvs-terminal/example/test/ai/terminal_ai_focus_test.dart: approved desktop result restores input for a same-task follow-up
00:01 +43: /Users/robinfai/flutter_projects/ianvs-terminal/example/test/ai/terminal_ai_focus_test.dart: approved desktop result restores input for a same-task follow-up
00:01 +44: /Users/robinfai/flutter_projects/ianvs-terminal/example/test/ai/terminal_ai_focus_test.dart: approved desktop result restores input for a same-task follow-up
00:01 +45: /Users/robinfai/flutter_projects/ianvs-terminal/example/test/ai/terminal_ai_focus_test.dart: approved desktop result restores input for a same-task follow-up
00:01 +46: /Users/robinfai/flutter_projects/ianvs-terminal/example/test/ai/terminal_ai_focus_test.dart: approved desktop result restores input for a same-task follow-up
00:01 +47: /Users/robinfai/flutter_projects/ianvs-terminal/example/test/ai/terminal_ai_focus_test.dart: approved desktop result restores input for a same-task follow-up
00:01 +48: /Users/robinfai/flutter_projects/ianvs-terminal/example/test/ai/terminal_ai_focus_test.dart: approved desktop result restores input for a same-task follow-up
00:01 +49: /Users/robinfai/flutter_projects/ianvs-terminal/example/test/ai/terminal_ai_focus_test.dart: approved desktop result restores input for a same-task follow-up
00:01 +50: /Users/robinfai/flutter_projects/ianvs-terminal/example/test/ai/terminal_ai_focus_test.dart: approved desktop result restores input for a same-task follow-up
00:01 +51: /Users/robinfai/flutter_projects/ianvs-terminal/example/test/ai/terminal_ai_focus_test.dart: approved desktop result restores input for a same-task follow-up
00:01 +52: /Users/robinfai/flutter_projects/ianvs-terminal/example/test/ai/terminal_ai_focus_test.dart: approved desktop result restores input for a same-task follow-up
00:01 +53: /Users/robinfai/flutter_projects/ianvs-terminal/example/test/ai/terminal_ai_focus_test.dart: approved desktop result restores input for a same-task follow-up
00:01 +54: /Users/robinfai/flutter_projects/ianvs-terminal/example/test/ai/terminal_ai_focus_test.dart: approved desktop result restores input for a same-task follow-up
00:01 +55: /Users/robinfai/flutter_projects/ianvs-terminal/example/test/ai/terminal_ai_focus_test.dart: approved desktop result restores input for a same-task follow-up
00:01 +56: /Users/robinfai/flutter_projects/ianvs-terminal/example/test/ai/terminal_ai_focus_test.dart: approved desktop result restores input for a same-task follow-up
00:01 +57: /Users/robinfai/flutter_projects/ianvs-terminal/example/test/ai/terminal_ai_focus_test.dart: approved desktop result restores input for a same-task follow-up
00:01 +58: /Users/robinfai/flutter_projects/ianvs-terminal/example/test/ai/terminal_ai_focus_test.dart: approved desktop result restores input for a same-task follow-up
00:01 +59: /Users/robinfai/flutter_projects/ianvs-terminal/example/test/ai/terminal_ai_focus_test.dart: approved desktop result restores input for a same-task follow-up
00:01 +60: /Users/robinfai/flutter_projects/ianvs-terminal/example/test/ai/terminal_ai_focus_test.dart: approved desktop result restores input for a same-task follow-up
00:01 +61: /Users/robinfai/flutter_projects/ianvs-terminal/example/test/ai/terminal_ai_focus_test.dart: approved desktop result restores input for a same-task follow-up
00:01 +62: /Users/robinfai/flutter_projects/ianvs-terminal/example/test/ai/terminal_ai_focus_test.dart: approved desktop result restores input for a same-task follow-up
00:01 +63: /Users/robinfai/flutter_projects/ianvs-terminal/example/test/ai/terminal_ai_workspace_test.dart: high contrast and reduced motion desktop dark
00:01 +64: /Users/robinfai/flutter_projects/ianvs-terminal/example/test/ai/terminal_ai_workspace_test.dart: high contrast and reduced motion desktop dark
00:01 +65: /Users/robinfai/flutter_projects/ianvs-terminal/example/test/ai/terminal_ai_workspace_test.dart: high contrast and reduced motion desktop dark
00:01 +66: /Users/robinfai/flutter_projects/ianvs-terminal/example/test/ai/terminal_ai_workspace_test.dart: high contrast and reduced motion desktop dark
00:01 +67: /Users/robinfai/flutter_projects/ianvs-terminal/example/test/ai/terminal_ai_workspace_test.dart: high contrast and reduced motion desktop dark
00:01 +68: /Users/robinfai/flutter_projects/ianvs-terminal/example/test/ai/terminal_ai_workspace_test.dart: high contrast and reduced motion desktop dark
00:01 +69: /Users/robinfai/flutter_projects/ianvs-terminal/example/test/ai/terminal_ai_workspace_test.dart: high contrast and reduced motion desktop dark
00:01 +70: /Users/robinfai/flutter_projects/ianvs-terminal/example/test/ai/terminal_ai_workspace_test.dart: high contrast and reduced motion desktop dark
00:01 +71: /Users/robinfai/flutter_projects/ianvs-terminal/example/test/ai/terminal_ai_workspace_test.dart: high contrast and reduced motion desktop dark
00:01 +72: /Users/robinfai/flutter_projects/ianvs-terminal/example/test/ai/terminal_ai_workspace_test.dart: high contrast and reduced motion desktop dark
00:01 +73: /Users/robinfai/flutter_projects/ianvs-terminal/example/test/ai/terminal_ai_workspace_test.dart: high contrast and reduced motion desktop dark
00:01 +74: /Users/robinfai/flutter_projects/ianvs-terminal/example/test/ai/terminal_ai_workspace_test.dart: high contrast and reduced motion desktop dark
00:01 +75: /Users/robinfai/flutter_projects/ianvs-terminal/example/test/ai/terminal_ai_workspace_test.dart: high contrast and reduced motion desktop dark
00:01 +76: /Users/robinfai/flutter_projects/ianvs-terminal/example/test/ai/terminal_ai_workspace_test.dart: high contrast and reduced motion desktop dark
00:01 +77: /Users/robinfai/flutter_projects/ianvs-terminal/example/test/ai/terminal_ai_workspace_test.dart: high contrast and reduced motion desktop dark
00:01 +78: /Users/robinfai/flutter_projects/ianvs-terminal/example/test/ai/terminal_ai_workspace_test.dart: high contrast and reduced motion desktop dark
00:01 +79: /Users/robinfai/flutter_projects/ianvs-terminal/example/test/ai/terminal_ai_workspace_test.dart: high contrast and reduced motion desktop dark
00:01 +80: /Users/robinfai/flutter_projects/ianvs-terminal/example/test/ai/terminal_ai_workspace_test.dart: high contrast and reduced motion desktop dark
00:01 +81: /Users/robinfai/flutter_projects/ianvs-terminal/example/test/ai/terminal_ai_workspace_test.dart: high contrast and reduced motion desktop dark
00:01 +82: /Users/robinfai/flutter_projects/ianvs-terminal/example/test/ai/terminal_ai_workspace_test.dart: high contrast and reduced motion desktop dark
00:01 +83: /Users/robinfai/flutter_projects/ianvs-terminal/example/test/ai/terminal_ai_workspace_test.dart: high contrast and reduced motion desktop dark
00:01 +84: /Users/robinfai/flutter_projects/ianvs-terminal/example/test/ai/terminal_ai_workspace_test.dart: high contrast and reduced motion desktop dark
00:01 +85: /Users/robinfai/flutter_projects/ianvs-terminal/example/test/ai/terminal_ai_workspace_test.dart: high contrast and reduced motion desktop dark
00:01 +86: /Users/robinfai/flutter_projects/ianvs-terminal/example/test/ai/terminal_ai_workspace_test.dart: high contrast and reduced motion desktop dark
00:01 +87: /Users/robinfai/flutter_projects/ianvs-terminal/example/test/ai/terminal_ai_workspace_test.dart: high contrast and reduced motion desktop dark
00:01 +88: /Users/robinfai/flutter_projects/ianvs-terminal/example/test/ai/terminal_ai_workspace_test.dart: high contrast and reduced motion desktop dark
00:01 +89: /Users/robinfai/flutter_projects/ianvs-terminal/example/test/ai/terminal_ai_workspace_test.dart: high contrast and reduced motion desktop dark
00:01 +90: /Users/robinfai/flutter_projects/ianvs-terminal/example/test/ai/terminal_ai_workspace_test.dart: high contrast and reduced motion desktop dark
00:01 +91: /Users/robinfai/flutter_projects/ianvs-terminal/example/test/ai/terminal_ai_workspace_test.dart: high contrast and reduced motion desktop dark
00:01 +92: /Users/robinfai/flutter_projects/ianvs-terminal/example/test/ai/terminal_ai_workspace_test.dart: high contrast and reduced motion desktop dark
00:01 +93: /Users/robinfai/flutter_projects/ianvs-terminal/example/test/ai/terminal_ai_focus_test.dart: finished result preserves selected assistant text
00:01 +94: /Users/robinfai/flutter_projects/ianvs-terminal/example/test/ai/terminal_ai_widgets_test.dart: settings saves mock endpoint, key and model through the real UI
00:01 +95: /Users/robinfai/flutter_projects/ianvs-terminal/example/test/ai/terminal_ai_workspace_test.dart: high contrast and reduced motion desktop-2x dark
00:01 +96: /Users/robinfai/flutter_projects/ianvs-terminal/example/test/ai/terminal_ai_focus_test.dart: finished result never moves focus out of connection settings
00:02 +97: /Users/robinfai/flutter_projects/ianvs-terminal/example/test/ai/terminal_ai_evidence_navigation_test.dart: citation retains source row and bypasses saved filter (phone false)
00:02 +98: /Users/robinfai/flutter_projects/ianvs-terminal/example/test/ai/terminal_ai_evidence_navigation_test.dart: citation retains source row and bypasses saved filter (phone false)
00:02 +99: /Users/robinfai/flutter_projects/ianvs-terminal/example/test/ai/terminal_ai_evidence_navigation_test.dart: citation retains source row and bypasses saved filter (phone false)
00:02 +100: /Users/robinfai/flutter_projects/ianvs-terminal/example/test/ai/terminal_ai_evidence_navigation_test.dart: citation retains source row and bypasses saved filter (phone false)
00:02 +101: /Users/robinfai/flutter_projects/ianvs-terminal/example/test/ai/terminal_ai_evidence_navigation_test.dart: citation retains source row and bypasses saved filter (phone false)
00:02 +102: /Users/robinfai/flutter_projects/ianvs-terminal/example/test/ai/terminal_ai_evidence_navigation_test.dart: citation retains source row and bypasses saved filter (phone false)
00:02 +103: /Users/robinfai/flutter_projects/ianvs-terminal/example/test/ai/terminal_ai_evidence_navigation_test.dart: citation retains source row and bypasses saved filter (phone false)
00:02 +104: /Users/robinfai/flutter_projects/ianvs-terminal/example/test/ai/terminal_ai_evidence_navigation_test.dart: citation retains source row and bypasses saved filter (phone false)
00:02 +105: /Users/robinfai/flutter_projects/ianvs-terminal/example/test/ai/terminal_ai_evidence_navigation_test.dart: citation retains source row and bypasses saved filter (phone false)
00:02 +106: /Users/robinfai/flutter_projects/ianvs-terminal/example/test/ai/terminal_ai_evidence_navigation_test.dart: citation retains source row and bypasses saved filter (phone false)
00:02 +107: /Users/robinfai/flutter_projects/ianvs-terminal/example/test/ai/terminal_ai_evidence_navigation_test.dart: citation retains source row and bypasses saved filter (phone false)
00:02 +108: /Users/robinfai/flutter_projects/ianvs-terminal/example/test/ai/terminal_ai_evidence_navigation_test.dart: citation retains source row and bypasses saved filter (phone false)
00:02 +109: /Users/robinfai/flutter_projects/ianvs-terminal/example/test/ai/terminal_ai_evidence_navigation_test.dart: citation retains source row and bypasses saved filter (phone false)
00:02 +110: /Users/robinfai/flutter_projects/ianvs-terminal/example/test/ai/terminal_ai_evidence_navigation_test.dart: citation retains source row and bypasses saved filter (phone false)
00:02 +111: /Users/robinfai/flutter_projects/ianvs-terminal/example/test/shell/session_sidebar_chrome_test.dart: sidebar resizing clamps, preserves width and keeps the terminal alive (variant: TargetPlatform.macOS)
00:02 +112: /Users/robinfai/flutter_projects/ianvs-terminal/example/test/shell/session_sidebar_chrome_test.dart: sidebar resizing clamps, preserves width and keeps the terminal alive (variant: TargetPlatform.macOS)
00:02 +113: /Users/robinfai/flutter_projects/ianvs-terminal/example/test/shell/session_sidebar_chrome_test.dart: sidebar resizing clamps, preserves width and keeps the terminal alive (variant: TargetPlatform.macOS)
00:02 +114: /Users/robinfai/flutter_projects/ianvs-terminal/example/test/shell/session_sidebar_chrome_test.dart: sidebar resizing clamps, preserves width and keeps the terminal alive (variant: TargetPlatform.macOS)
00:03 +115: /Users/robinfai/flutter_projects/ianvs-terminal/example/test/shell/session_sidebar_chrome_test.dart: sidebar resizing clamps, preserves width and keeps the terminal alive (variant: TargetPlatform.macOS)
00:03 +116: /Users/robinfai/flutter_projects/ianvs-terminal/example/test/shell/session_sidebar_chrome_test.dart: sidebar resizing clamps, preserves width and keeps the terminal alive (variant: TargetPlatform.macOS)
00:03 +117: /Users/robinfai/flutter_projects/ianvs-terminal/example/test/shell/session_sidebar_chrome_test.dart: sidebar resizing clamps, preserves width and keeps the terminal alive (variant: TargetPlatform.macOS)
00:03 +118: /Users/robinfai/flutter_projects/ianvs-terminal/example/test/shell/session_sidebar_chrome_test.dart: sidebar resizing clamps, preserves width and keeps the terminal alive (variant: TargetPlatform.macOS)
00:03 +119: /Users/robinfai/flutter_projects/ianvs-terminal/example/test/shell/session_sidebar_chrome_test.dart: sidebar resizing clamps, preserves width and keeps the terminal alive (variant: TargetPlatform.macOS)
00:03 +120: /Users/robinfai/flutter_projects/ianvs-terminal/example/test/shell/session_sidebar_chrome_test.dart: sidebar resizing clamps, preserves width and keeps the terminal alive (variant: TargetPlatform.macOS)
00:03 +121: /Users/robinfai/flutter_projects/ianvs-terminal/example/test/shell/session_sidebar_chrome_test.dart: sidebar resizing clamps, preserves width and keeps the terminal alive (variant: TargetPlatform.macOS)
00:03 +122: /Users/robinfai/flutter_projects/ianvs-terminal/example/test/shell/session_sidebar_chrome_test.dart: sidebar resizing clamps, preserves width and keeps the terminal alive (variant: TargetPlatform.macOS)
00:03 +123: /Users/robinfai/flutter_projects/ianvs-terminal/example/test/shell/session_sidebar_chrome_test.dart: sidebar resizing clamps, preserves width and keeps the terminal alive (variant: TargetPlatform.macOS)
00:03 +124: /Users/robinfai/flutter_projects/ianvs-terminal/example/test/shell/session_sidebar_chrome_test.dart: sidebar resizing clamps, preserves width and keeps the terminal alive (variant: TargetPlatform.macOS)
00:03 +125: /Users/robinfai/flutter_projects/ianvs-terminal/example/test/shell/session_sidebar_chrome_test.dart: sidebar resizing clamps, preserves width and keeps the terminal alive (variant: TargetPlatform.macOS)
00:03 +126: /Users/robinfai/flutter_projects/ianvs-terminal/example/test/shell/session_sidebar_chrome_test.dart: sidebar resizing clamps, preserves width and keeps the terminal alive (variant: TargetPlatform.macOS)
00:03 +127: /Users/robinfai/flutter_projects/ianvs-terminal/example/test/shell/session_sidebar_chrome_test.dart: sidebar resizing clamps, preserves width and keeps the terminal alive (variant: TargetPlatform.macOS)
00:03 +128: /Users/robinfai/flutter_projects/ianvs-terminal/example/test/shell/session_sidebar_chrome_test.dart: sidebar resizing clamps, preserves width and keeps the terminal alive (variant: TargetPlatform.macOS)
00:03 +129: /Users/robinfai/flutter_projects/ianvs-terminal/example/test/shell/session_sidebar_chrome_test.dart: sidebar resizing clamps, preserves width and keeps the terminal alive (variant: TargetPlatform.macOS)
00:03 +130: /Users/robinfai/flutter_projects/ianvs-terminal/example/test/shell/session_sidebar_chrome_test.dart: sidebar resizing clamps, preserves width and keeps the terminal alive (variant: TargetPlatform.macOS)
00:03 +131: /Users/robinfai/flutter_projects/ianvs-terminal/example/test/shell/session_sidebar_chrome_test.dart: sidebar resizing clamps, preserves width and keeps the terminal alive (variant: TargetPlatform.macOS)
00:03 +132: /Users/robinfai/flutter_projects/ianvs-terminal/example/test/shell/session_sidebar_chrome_test.dart: sidebar resizing clamps, preserves width and keeps the terminal alive (variant: TargetPlatform.macOS)
00:03 +133: /Users/robinfai/flutter_projects/ianvs-terminal/example/test/shell/session_sidebar_chrome_test.dart: sidebar resizing clamps, preserves width and keeps the terminal alive (variant: TargetPlatform.macOS)
00:03 +134: /Users/robinfai/flutter_projects/ianvs-terminal/example/test/shell/session_sidebar_chrome_test.dart: sidebar resizing clamps, preserves width and keeps the terminal alive (variant: TargetPlatform.macOS)
00:03 +135: /Users/robinfai/flutter_projects/ianvs-terminal/example/test/shell/session_sidebar_chrome_test.dart: sidebar resizing clamps, preserves width and keeps the terminal alive (variant: TargetPlatform.macOS)
00:03 +136: /Users/robinfai/flutter_projects/ianvs-terminal/example/test/shell/session_sidebar_chrome_test.dart: sidebar resizing clamps, preserves width and keeps the terminal alive (variant: TargetPlatform.macOS)
00:03 +137: /Users/robinfai/flutter_projects/ianvs-terminal/example/test/shell/session_sidebar_chrome_test.dart: sidebar resizing clamps, preserves width and keeps the terminal alive (variant: TargetPlatform.macOS)
00:03 +138: /Users/robinfai/flutter_projects/ianvs-terminal/example/test/shell/session_sidebar_chrome_test.dart: sidebar resizing clamps, preserves width and keeps the terminal alive (variant: TargetPlatform.macOS)
00:03 +139: /Users/robinfai/flutter_projects/ianvs-terminal/example/test/shell/session_sidebar_chrome_test.dart: sidebar resizing clamps, preserves width and keeps the terminal alive (variant: TargetPlatform.macOS)
00:03 +140: /Users/robinfai/flutter_projects/ianvs-terminal/example/test/shell/session_sidebar_chrome_test.dart: sidebar resizing clamps, preserves width and keeps the terminal alive (variant: TargetPlatform.macOS)
00:03 +141: /Users/robinfai/flutter_projects/ianvs-terminal/example/test/shell/session_sidebar_chrome_test.dart: sidebar resizing clamps, preserves width and keeps the terminal alive (variant: TargetPlatform.macOS)
00:03 +142: /Users/robinfai/flutter_projects/ianvs-terminal/example/test/shell/session_sidebar_chrome_test.dart: sidebar resizing clamps, preserves width and keeps the terminal alive (variant: TargetPlatform.macOS)
00:03 +143: /Users/robinfai/flutter_projects/ianvs-terminal/example/test/shell/session_sidebar_chrome_test.dart: sidebar resizing clamps, preserves width and keeps the terminal alive (variant: TargetPlatform.macOS)
00:03 +144: /Users/robinfai/flutter_projects/ianvs-terminal/example/test/shell/session_sidebar_chrome_test.dart: sidebar resizing clamps, preserves width and keeps the terminal alive (variant: TargetPlatform.macOS)
00:03 +145: /Users/robinfai/flutter_projects/ianvs-terminal/example/test/shell/session_sidebar_chrome_test.dart: sidebar resizing clamps, preserves width and keeps the terminal alive (variant: TargetPlatform.macOS)
00:03 +146: /Users/robinfai/flutter_projects/ianvs-terminal/example/test/shell/session_sidebar_chrome_test.dart: sidebar resizing clamps, preserves width and keeps the terminal alive (variant: TargetPlatform.macOS)
00:03 +147: /Users/robinfai/flutter_projects/ianvs-terminal/example/test/shell/session_sidebar_chrome_test.dart: sidebar resizing clamps, preserves width and keeps the terminal alive (variant: TargetPlatform.macOS)
00:03 +148: /Users/robinfai/flutter_projects/ianvs-terminal/example/test/shell/session_sidebar_chrome_test.dart: sidebar resizing clamps, preserves width and keeps the terminal alive (variant: TargetPlatform.macOS)
00:03 +149: /Users/robinfai/flutter_projects/ianvs-terminal/example/test/shell/session_sidebar_chrome_test.dart: sidebar resizing clamps, preserves width and keeps the terminal alive (variant: TargetPlatform.macOS)
00:03 +150: /Users/robinfai/flutter_projects/ianvs-terminal/example/test/shell/session_sidebar_chrome_test.dart: sidebar resizing clamps, preserves width and keeps the terminal alive (variant: TargetPlatform.macOS)
00:03 +151: /Users/robinfai/flutter_projects/ianvs-terminal/example/test/shell/shell_screen_phase1b_test.dart: tab accessibility actions activate and close the named tab (variant: TargetPlatform.macOS)
00:03 +152: /Users/robinfai/flutter_projects/ianvs-terminal/example/test/ai/terminal_ai_workspace_test.dart: new response preserves reading; latest and return are explicit
00:04 +153: /Users/robinfai/flutter_projects/ianvs-terminal/example/test/shell/session_sidebar_chrome_test.dart: divider appears on hover or drag and supports keyboard resizing
00:04 +154: /Users/robinfai/flutter_projects/ianvs-terminal/example/test/shell/session_sidebar_chrome_test.dart: divider appears on hover or drag and supports keyboard resizing
00:04 +155: /Users/robinfai/flutter_projects/ianvs-terminal/example/test/shell/session_sidebar_chrome_test.dart: divider appears on hover or drag and supports keyboard resizing
00:04 +156: /Users/robinfai/flutter_projects/ianvs-terminal/example/test/shell/session_sidebar_chrome_test.dart: divider appears on hover or drag and supports keyboard resizing
00:04 +157: /Users/robinfai/flutter_projects/ianvs-terminal/example/test/shell/session_sidebar_chrome_test.dart: divider appears on hover or drag and supports keyboard resizing
00:04 +158: /Users/robinfai/flutter_projects/ianvs-terminal/example/test/shell/session_sidebar_chrome_test.dart: divider appears on hover or drag and supports keyboard resizing
00:04 +159: /Users/robinfai/flutter_projects/ianvs-terminal/example/test/shell/session_sidebar_chrome_test.dart: divider appears on hover or drag and supports keyboard resizing
00:04 +160: /Users/robinfai/flutter_projects/ianvs-terminal/example/test/shell/session_sidebar_chrome_test.dart: divider appears on hover or drag and supports keyboard resizing
00:04 +161: /Users/robinfai/flutter_projects/ianvs-terminal/example/test/shell/session_sidebar_chrome_test.dart: divider appears on hover or drag and supports keyboard resizing
00:04 +162: /Users/robinfai/flutter_projects/ianvs-terminal/example/test/ai/terminal_ai_workspace_test.dart: navigation labels fit and preserve pending reading desktop-2x
00:04 +163: /Users/robinfai/flutter_projects/ianvs-terminal/example/test/shell/shell_screen_phase1b_test.dart: desktop tabs have equal capped widths with an adjacent new action (variant: TargetPlatform.macOS)
00:04 +164: /Users/robinfai/flutter_projects/ianvs-terminal/example/test/shell/shell_screen_phase1b_test.dart: desktop tabs have equal capped widths with an adjacent new action (variant: TargetPlatform.macOS)
00:04 +165: /Users/robinfai/flutter_projects/ianvs-terminal/example/test/shell/shell_screen_phase1b_test.dart: desktop tabs have equal capped widths with an adjacent new action (variant: TargetPlatform.macOS)
00:04 +166: /Users/robinfai/flutter_projects/ianvs-terminal/example/test/shell/shell_screen_phase1b_test.dart: desktop tabs have equal capped widths with an adjacent new action (variant: TargetPlatform.macOS)
00:04 +167: /Users/robinfai/flutter_projects/ianvs-terminal/example/test/shell/shell_screen_phase1b_test.dart: desktop tabs have equal capped widths with an adjacent new action (variant: TargetPlatform.macOS)
00:04 +168: /Users/robinfai/flutter_projects/ianvs-terminal/example/test/shell/shell_screen_phase1b_test.dart: desktop tabs have equal capped widths with an adjacent new action (variant: TargetPlatform.macOS)
00:04 +169: /Users/robinfai/flutter_projects/ianvs-terminal/example/test/shell/shell_screen_phase1b_test.dart: desktop tabs have equal capped widths with an adjacent new action (variant: TargetPlatform.macOS)
00:04 +170: /Users/robinfai/flutter_projects/ianvs-terminal/example/test/shell/shell_screen_phase1b_test.dart: desktop tabs have equal capped widths with an adjacent new action (variant: TargetPlatform.macOS)
00:04 +171: /Users/robinfai/flutter_projects/ianvs-terminal/example/test/shell/shell_screen_phase1b_test.dart: desktop tabs have equal capped widths with an adjacent new action (variant: TargetPlatform.macOS)
00:04 +172: /Users/robinfai/flutter_projects/ianvs-terminal/example/test/shell/shell_screen_phase1b_test.dart: desktop tabs have equal capped widths with an adjacent new action (variant: TargetPlatform.macOS)
00:04 +173: /Users/robinfai/flutter_projects/ianvs-terminal/example/test/shell/shell_screen_phase1b_test.dart: desktop tabs have equal capped widths with an adjacent new action (variant: TargetPlatform.macOS)
00:04 +174: /Users/robinfai/flutter_projects/ianvs-terminal/example/test/shell/shell_screen_phase1b_test.dart: desktop tabs have equal capped widths with an adjacent new action (variant: TargetPlatform.macOS)
00:04 +175: /Users/robinfai/flutter_projects/ianvs-terminal/example/test/shell/shell_screen_phase1b_test.dart: desktop tabs have equal capped widths with an adjacent new action (variant: TargetPlatform.macOS)
00:04 +176: /Users/robinfai/flutter_projects/ianvs-terminal/example/test/shell/shell_screen_phase2a_test.dart: shell screen opens and closes the hyper command menu
00:05 +177: /Users/robinfai/flutter_projects/ianvs-terminal/example/test/shell/shell_screen_phase2a_test.dart: shell screen opens and closes the hyper command menu
00:05 +178: /Users/robinfai/flutter_projects/ianvs-terminal/example/test/shell/shell_screen_phase2a_test.dart: shell screen opens and closes the hyper command menu
00:05 +179: /Users/robinfai/flutter_projects/ianvs-terminal/example/test/shell/shell_screen_phase2a_test.dart: shell screen opens and closes the hyper command menu
00:05 +180: /Users/robinfai/flutter_projects/ianvs-terminal/example/test/shell/shell_screen_phase2a_test.dart: shell screen opens and closes the hyper command menu
00:05 +181: /Users/robinfai/flutter_projects/ianvs-terminal/example/test/shell/shell_screen_phase2a_test.dart: shell screen opens and closes the hyper command menu
00:05 +182: /Users/robinfai/flutter_projects/ianvs-terminal/example/test/shell/shell_screen_phase2a_test.dart: shell screen opens and closes the hyper command menu
00:05 +183: /Users/robinfai/flutter_projects/ianvs-terminal/example/test/shell/shell_screen_phase2a_test.dart: shell screen opens and closes the hyper command menu
00:05 +184: /Users/robinfai/flutter_projects/ianvs-terminal/example/test/shell/shell_screen_phase2a_test.dart: shell screen opens and closes the hyper command menu
00:05 +185: /Users/robinfai/flutter_projects/ianvs-terminal/example/test/shell/shell_screen_phase2a_test.dart: shell screen opens and closes the hyper command menu
00:05 +186: /Users/robinfai/flutter_projects/ianvs-terminal/example/test/shell/shell_screen_phase2a_test.dart: shell screen opens and closes the hyper command menu
00:05 +187: /Users/robinfai/flutter_projects/ianvs-terminal/example/test/shell/shell_screen_phase2a_test.dart: shell screen opens and closes the hyper command menu
00:05 +188: /Users/robinfai/flutter_projects/ianvs-terminal/example/test/shell/shell_screen_phase2a_test.dart: shell screen opens and closes the hyper command menu
00:05 +189: /Users/robinfai/flutter_projects/ianvs-terminal/example/test/shell/shell_screen_phase2a_test.dart: shell screen opens and closes the hyper command menu
00:05 +190: /Users/robinfai/flutter_projects/ianvs-terminal/example/test/shell/shell_screen_phase2a_test.dart: shell screen opens and closes the hyper command menu
00:05 +191: /Users/robinfai/flutter_projects/ianvs-terminal/example/test/shell/shell_screen_phase2a_test.dart: shell screen opens and closes the hyper command menu
00:05 +192: /Users/robinfai/flutter_projects/ianvs-terminal/example/test/shell/shell_screen_phase2a_test.dart: shell screen opens and closes the hyper command menu
00:05 +193: /Users/robinfai/flutter_projects/ianvs-terminal/example/test/shell/shell_screen_phase2a_test.dart: shell screen opens and closes the hyper command menu
00:05 +194: /Users/robinfai/flutter_projects/ianvs-terminal/example/test/shell/shell_screen_phase2a_test.dart: shell screen opens and closes the hyper command menu
00:05 +195: /Users/robinfai/flutter_projects/ianvs-terminal/example/test/shell/shell_screen_phase2a_test.dart: shell screen opens and closes the hyper command menu
00:06 +196: /Users/robinfai/flutter_projects/ianvs-terminal/example/test/shell/shell_screen_phase1b_test.dart: shell tabs overflow into a selector at readable widths
00:06 +197: /Users/robinfai/flutter_projects/ianvs-terminal/example/test/shell/shell_screen_phase1b_test.dart: shell tabs overflow into a selector at readable widths
00:06 +198: /Users/robinfai/flutter_projects/ianvs-terminal/example/test/shell/shell_screen_phase1b_test.dart: shell tabs overflow into a selector at readable widths
00:06 +199: /Users/robinfai/flutter_projects/ianvs-terminal/example/test/shell/shell_screen_phase1b_test.dart: shell tabs overflow into a selector at readable widths
00:06 +200: /Users/robinfai/flutter_projects/ianvs-terminal/example/test/shell/shell_screen_phase1b_test.dart: shell tabs overflow into a selector at readable widths
00:06 +201: /Users/robinfai/flutter_projects/ianvs-terminal/example/test/shell/shell_screen_phase1b_test.dart: shell tabs overflow into a selector at readable widths
00:06 +202: /Users/robinfai/flutter_projects/ianvs-terminal/example/test/shell/shell_screen_phase1b_test.dart: shell tabs overflow into a selector at readable widths
00:06 +203: /Users/robinfai/flutter_projects/ianvs-terminal/example/test/shell/shell_screen_phase1b_test.dart: shell tabs overflow into a selector at readable widths
00:06 +204: /Users/robinfai/flutter_projects/ianvs-terminal/example/test/shell/shell_screen_phase1b_test.dart: shell tabs overflow into a selector at readable widths
00:06 +205: /Users/robinfai/flutter_projects/ianvs-terminal/example/test/shell/shell_screen_phase1b_test.dart: shell tabs overflow into a selector at readable widths
00:06 +206: /Users/robinfai/flutter_projects/ianvs-terminal/example/test/shell/shell_screen_phase1b_test.dart: shell tabs overflow into a selector at readable widths
00:06 +207: /Users/robinfai/flutter_projects/ianvs-terminal/example/test/shell/shell_screen_phase1b_test.dart: shell tabs overflow into a selector at readable widths
00:06 +208: /Users/robinfai/flutter_projects/ianvs-terminal/example/test/shell/shell_screen_phase1b_test.dart: shell tabs overflow into a selector at readable widths
00:06 +209: /Users/robinfai/flutter_projects/ianvs-terminal/example/test/shell/shell_screen_phase1b_test.dart: shell tabs overflow into a selector at readable widths
00:06 +210: /Users/robinfai/flutter_projects/ianvs-terminal/example/test/shell/shell_screen_phase1b_test.dart: shell tabs overflow into a selector at readable widths
00:06 +211: /Users/robinfai/flutter_projects/ianvs-terminal/example/test/shell/shell_screen_phase1b_test.dart: shell tabs overflow into a selector at readable widths
00:06 +212: /Users/robinfai/flutter_projects/ianvs-terminal/example/test/shell/shell_screen_phase1b_test.dart: shell tabs overflow into a selector at readable widths
00:06 +213: /Users/robinfai/flutter_projects/ianvs-terminal/example/test/shell/shell_screen_phase1b_test.dart: shell tabs overflow into a selector at readable widths
00:06 +214: /Users/robinfai/flutter_projects/ianvs-terminal/example/test/shell/shell_screen_phase1b_test.dart: shell tabs overflow into a selector at readable widths
00:06 +215: /Users/robinfai/flutter_projects/ianvs-terminal/example/test/shell/shell_screen_phase1b_test.dart: shell tabs overflow into a selector at readable widths
00:06 +216: /Users/robinfai/flutter_projects/ianvs-terminal/example/test/shell/shell_screen_phase1b_test.dart: shell tabs overflow into a selector at readable widths
00:06 +217: /Users/robinfai/flutter_projects/ianvs-terminal/example/test/shell/shell_screen_phase1b_test.dart: shell tabs overflow into a selector at readable widths
00:06 +218: /Users/robinfai/flutter_projects/ianvs-terminal/example/test/shell/shell_screen_phase1b_test.dart: shell tabs overflow into a selector at readable widths
00:06 +219: /Users/robinfai/flutter_projects/ianvs-terminal/example/test/shell/shell_screen_phase1b_test.dart: shell tabs overflow into a selector at readable widths
00:06 +220: /Users/robinfai/flutter_projects/ianvs-terminal/example/test/shell/shell_screen_phase1b_test.dart: shell tabs overflow into a selector at readable widths
00:06 +221: /Users/robinfai/flutter_projects/ianvs-terminal/example/test/shell/shell_screen_phase1b_test.dart: shell tabs overflow into a selector at readable widths
00:06 +222: /Users/robinfai/flutter_projects/ianvs-terminal/example/test/shell/shell_screen_phase1b_test.dart: shell tabs overflow into a selector at readable widths
00:06 +223: /Users/robinfai/flutter_projects/ianvs-terminal/example/test/shell/shell_screen_phase1b_test.dart: shell tabs overflow into a selector at readable widths
00:06 +224: /Users/robinfai/flutter_projects/ianvs-terminal/example/test/shell/shell_screen_phase1b_test.dart: shell tabs overflow into a selector at readable widths
00:06 +225: /Users/robinfai/flutter_projects/ianvs-terminal/example/test/shell/shell_screen_phase1b_test.dart: shell tabs overflow into a selector at readable widths
00:06 +226: /Users/robinfai/flutter_projects/ianvs-terminal/example/test/shell/shell_screen_phase1b_test.dart: shell tabs overflow into a selector at readable widths
00:06 +227: /Users/robinfai/flutter_projects/ianvs-terminal/example/test/shell/shell_screen_phase1b_test.dart: shell tabs overflow into a selector at readable widths
00:06 +228: /Users/robinfai/flutter_projects/ianvs-terminal/example/test/shell/shell_screen_phase1b_test.dart: shell tabs overflow into a selector at readable widths
00:06 +229: /Users/robinfai/flutter_projects/ianvs-terminal/example/test/shell/shell_screen_phase1b_test.dart: shell tabs overflow into a selector at readable widths
00:06 +230: /Users/robinfai/flutter_projects/ianvs-terminal/example/test/shell/shell_screen_phase1b_test.dart: shell tabs overflow into a selector at readable widths
00:06 +231: /Users/robinfai/flutter_projects/ianvs-terminal/example/test/shell/shell_screen_phase1b_test.dart: shell tabs overflow into a selector at readable widths
00:06 +232: /Users/robinfai/flutter_projects/ianvs-terminal/example/test/shell/shell_screen_phase1b_test.dart: shell tabs overflow into a selector at readable widths
00:06 +233: /Users/robinfai/flutter_projects/ianvs-terminal/example/test/shell/shell_screen_phase1b_test.dart: shell tabs overflow into a selector at readable widths
00:06 +234: /Users/robinfai/flutter_projects/ianvs-terminal/example/test/shell/shell_screen_phase1b_test.dart: shell tabs overflow into a selector at readable widths
00:06 +235: /Users/robinfai/flutter_projects/ianvs-terminal/example/test/shell/shell_screen_phase1b_test.dart: shell tabs overflow into a selector at readable widths
00:06 +236: /Users/robinfai/flutter_projects/ianvs-terminal/example/test/shell/shell_screen_phase1b_test.dart: shell tabs overflow into a selector at readable widths
00:06 +237: /Users/robinfai/flutter_projects/ianvs-terminal/example/test/shell/shell_screen_phase1b_test.dart: shell tabs overflow into a selector at readable widths
00:06 +238: /Users/robinfai/flutter_projects/ianvs-terminal/example/test/shell/shell_screen_phase1b_test.dart: shell tabs overflow into a selector at readable widths
00:06 +239: /Users/robinfai/flutter_projects/ianvs-terminal/example/test/shell/shell_screen_phase1b_test.dart: shell tabs overflow into a selector at readable widths
00:06 +240: /Users/robinfai/flutter_projects/ianvs-terminal/example/test/shell/shell_screen_phase1b_test.dart: shell tabs overflow into a selector at readable widths
00:06 +241: /Users/robinfai/flutter_projects/ianvs-terminal/example/test/shell/shell_screen_phase1b_test.dart: shell tabs overflow into a selector at readable widths
00:06 +242: /Users/robinfai/flutter_projects/ianvs-terminal/example/test/shell/shell_screen_phase1b_test.dart: shell tabs overflow into a selector at readable widths
00:06 +243: /Users/robinfai/flutter_projects/ianvs-terminal/example/test/shell/shell_screen_phase1b_test.dart: shell tabs overflow into a selector at readable widths
00:06 +244: /Users/robinfai/flutter_projects/ianvs-terminal/example/test/shell/shell_screen_phase1b_test.dart: shell tabs overflow into a selector at readable widths
00:06 +245: /Users/robinfai/flutter_projects/ianvs-terminal/example/test/shell/shell_screen_phase1b_test.dart: shell tabs overflow into a selector at readable widths
00:06 +246: /Users/robinfai/flutter_projects/ianvs-terminal/example/test/shell/shell_screen_phase1b_test.dart: shell tabs overflow into a selector at readable widths
00:06 +247: /Users/robinfai/flutter_projects/ianvs-terminal/example/test/shell/shell_screen_phase3_test.dart: command menu opens the active session capability view and restores focus on close
00:06 +248: /Users/robinfai/flutter_projects/ianvs-terminal/example/test/ai/terminal_ai_workspace_test.dart: live status announces phase changes without elapsed time or output (phone true)
00:07 +249: /Users/robinfai/flutter_projects/ianvs-terminal/example/test/ai/terminal_ai_workspace_test.dart: live status announces phase changes without elapsed time or output (phone true)
00:07 +250: /Users/robinfai/flutter_projects/ianvs-terminal/example/test/ai/terminal_ai_workspace_test.dart: live status announces phase changes without elapsed time or output (phone true)
00:07 +251: /Users/robinfai/flutter_projects/ianvs-terminal/example/test/ai/terminal_ai_workspace_test.dart: live status announces phase changes without elapsed time or output (phone true)
00:07 +252: /Users/robinfai/flutter_projects/ianvs-terminal/example/test/shell/shell_screen_phase1b_test.dart: shell tabs keep compact overflow controls inside narrow chrome (variant: TargetPlatform.macOS)
00:07 +253: /Users/robinfai/flutter_projects/ianvs-terminal/example/test/shell/shell_screen_phase1b_test.dart: shell tabs keep compact overflow controls inside narrow chrome (variant: TargetPlatform.macOS)
00:07 +254: /Users/robinfai/flutter_projects/ianvs-terminal/example/test/ai/terminal_ai_workspace_test.dart: each consecutive proposal needs its own UI approval (phone true)
00:07 +255: /Users/robinfai/flutter_projects/ianvs-terminal/example/test/shell/shell_screen_phase3_test.dart: terminal layout relaunch failures stay visible and can be dismissed
00:07 +256: /Users/robinfai/flutter_projects/ianvs-terminal/example/test/shell/shell_screen_phase1b_test.dart: inactive tabs mark and clear new output activity
00:08 +257: /Users/robinfai/flutter_projects/ianvs-terminal/example/test/ai/terminal_ai_workspace_test.dart: editing requires a fresh revision and one approval sends once
00:08 +258: /Users/robinfai/flutter_projects/ianvs-terminal/example/test/shell/shell_screen_phase3_test.dart: defaults dialog shows the current new-tab profile when no default is configured
00:08 +259: /Users/robinfai/flutter_projects/ianvs-terminal/example/test/shell/shell_screen_phase3_test.dart: defaults dialog shows the current new-tab profile when no default is configured
00:08 +260: /Users/robinfai/flutter_projects/ianvs-terminal/example/test/shell/shell_screen_phase3_test.dart: defaults dialog shows the current new-tab profile when no default is configured
00:08 +261: /Users/robinfai/flutter_projects/ianvs-terminal/example/test/shell/shell_screen_phase3_test.dart: defaults dialog shows the current new-tab profile when no default is configured
00:08 +262: /Users/robinfai/flutter_projects/ianvs-terminal/example/test/shell/shell_screen_phase3_test.dart: defaults dialog shows the current new-tab profile when no default is configured
00:08 +263: /Users/robinfai/flutter_projects/ianvs-terminal/example/test/shell/shell_screen_phase3_test.dart: defaults dialog shows the current new-tab profile when no default is configured
00:08 +264: /Users/robinfai/flutter_projects/ianvs-terminal/example/test/shell/shell_screen_phase3_test.dart: defaults dialog shows the current new-tab profile when no default is configured
00:08 +265: /Users/robinfai/flutter_projects/ianvs-terminal/example/test/shell/shell_screen_phase3_test.dart: defaults dialog shows the current new-tab profile when no default is configured
00:08 +266: /Users/robinfai/flutter_projects/ianvs-terminal/example/test/shell/shell_screen_phase3_test.dart: defaults dialog shows the current new-tab profile when no default is configured
00:08 +267: /Users/robinfai/flutter_projects/ianvs-terminal/example/test/shell/shell_screen_phase3_test.dart: defaults dialog shows the current new-tab profile when no default is configured
00:08 +268: /Users/robinfai/flutter_projects/ianvs-terminal/example/test/shell/shell_screen_phase3_test.dart: defaults dialog shows the current new-tab profile when no default is configured
00:08 +269: /Users/robinfai/flutter_projects/ianvs-terminal/example/test/shell/shell_screen_phase3_test.dart: defaults dialog shows the current new-tab profile when no default is configured
00:08 +270: /Users/robinfai/flutter_projects/ianvs-terminal/example/test/shell/shell_screen_phase3_test.dart: defaults dialog shows the current new-tab profile when no default is configured
00:08 +271: /Users/robinfai/flutter_projects/ianvs-terminal/example/test/shell/shell_screen_phase3_test.dart: defaults dialog shows the current new-tab profile when no default is configured
00:08 +272: /Users/robinfai/flutter_projects/ianvs-terminal/example/test/shell/shell_screen_phase3_test.dart: defaults dialog shows the current new-tab profile when no default is configured
00:08 +273: /Users/robinfai/flutter_projects/ianvs-terminal/example/test/shell/shell_screen_phase3_test.dart: defaults dialog shows the current new-tab profile when no default is configured
00:08 +274: /Users/robinfai/flutter_projects/ianvs-terminal/example/test/shell/shell_screen_phase3_test.dart: defaults dialog shows the current new-tab profile when no default is configured
00:08 +275: /Users/robinfai/flutter_projects/ianvs-terminal/example/test/shell/shell_screen_phase3_test.dart: defaults dialog shows the current new-tab profile when no default is configured
00:08 +276: /Users/robinfai/flutter_projects/ianvs-terminal/example/test/shell/shell_screen_phase3_test.dart: defaults dialog shows the current new-tab profile when no default is configured
00:08 +277: /Users/robinfai/flutter_projects/ianvs-terminal/example/test/shell/shell_screen_phase3_test.dart: defaults dialog shows the current new-tab profile when no default is configured
00:09 +278: /Users/robinfai/flutter_projects/ianvs-terminal/example/test/shell/mobile_terminal_modes_test.dart: reduced motion session menus preserve input and grid on TargetPlatform.macOS
00:09 +279: /Users/robinfai/flutter_projects/ianvs-terminal/example/test/shell/mobile_terminal_modes_test.dart: reduced motion session menus preserve input and grid on TargetPlatform.macOS
00:09 +280: /Users/robinfai/flutter_projects/ianvs-terminal/example/test/shell/mobile_terminal_modes_test.dart: reduced motion session menus preserve input and grid on TargetPlatform.macOS
00:09 +281: /Users/robinfai/flutter_projects/ianvs-terminal/example/test/shell/mobile_terminal_modes_test.dart: reduced motion session menus preserve input and grid on TargetPlatform.macOS
00:09 +282: /Users/robinfai/flutter_projects/ianvs-terminal/example/test/shell/mobile_terminal_modes_test.dart: reduced motion session menus preserve input and grid on TargetPlatform.macOS
00:09 +283: /Users/robinfai/flutter_projects/ianvs-terminal/example/test/shell/mobile_terminal_modes_test.dart: reduced motion session menus preserve input and grid on TargetPlatform.macOS
00:09 +284: /Users/robinfai/flutter_projects/ianvs-terminal/example/test/shell/mobile_terminal_modes_test.dart: reduced motion session menus preserve input and grid on TargetPlatform.macOS
00:09 +285: /Users/robinfai/flutter_projects/ianvs-terminal/example/test/shell/mobile_terminal_modes_test.dart: reduced motion session menus preserve input and grid on TargetPlatform.macOS
00:09 +286: /Users/robinfai/flutter_projects/ianvs-terminal/example/test/shell/mobile_terminal_modes_test.dart: reduced motion session menus preserve input and grid on TargetPlatform.macOS
00:09 +287: /Users/robinfai/flutter_projects/ianvs-terminal/example/test/shell/mobile_terminal_modes_test.dart: reduced motion session menus preserve input and grid on TargetPlatform.macOS
00:09 +288: /Users/robinfai/flutter_projects/ianvs-terminal/example/test/shell/mobile_terminal_modes_test.dart: reduced motion session menus preserve input and grid on TargetPlatform.macOS
00:09 +289: /Users/robinfai/flutter_projects/ianvs-terminal/example/test/shell/mobile_terminal_modes_test.dart: reduced motion session menus preserve input and grid on TargetPlatform.macOS
00:09 +290: /Users/robinfai/flutter_projects/ianvs-terminal/example/test/shell/mobile_terminal_modes_test.dart: reduced motion session menus preserve input and grid on TargetPlatform.macOS
00:10 +291: /Users/robinfai/flutter_projects/ianvs-terminal/example/test/shell/mobile_terminal_modes_test.dart: reduced motion session menus preserve input and grid on TargetPlatform.macOS
00:10 +292: /Users/robinfai/flutter_projects/ianvs-terminal/example/test/shell/mobile_terminal_modes_test.dart: reduced motion session menus preserve input and grid on TargetPlatform.macOS
00:10 +293: /Users/robinfai/flutter_projects/ianvs-terminal/example/test/shell/mobile_terminal_modes_test.dart: reduced motion session menus preserve input and grid on TargetPlatform.macOS
00:10 +294: /Users/robinfai/flutter_projects/ianvs-terminal/example/test/shell/mobile_terminal_modes_test.dart: reduced motion session menus preserve input and grid on TargetPlatform.macOS
00:10 +295: /Users/robinfai/flutter_projects/ianvs-terminal/example/test/shell/mobile_terminal_modes_test.dart: reduced motion session menus preserve input and grid on TargetPlatform.macOS
00:10 +296: /Users/robinfai/flutter_projects/ianvs-terminal/example/test/shell/mobile_terminal_modes_test.dart: reduced motion session menus preserve input and grid on TargetPlatform.macOS
00:10 +297: /Users/robinfai/flutter_projects/ianvs-terminal/example/test/shell/mobile_terminal_modes_test.dart: reduced motion session menus preserve input and grid on TargetPlatform.macOS
00:10 +298: /Users/robinfai/flutter_projects/ianvs-terminal/example/test/shell/mobile_terminal_modes_test.dart: reduced motion session menus preserve input and grid on TargetPlatform.macOS
00:10 +299: /Users/robinfai/flutter_projects/ianvs-terminal/example/test/shell/mobile_terminal_modes_test.dart: reduced motion session menus preserve input and grid on TargetPlatform.macOS
00:10 +300: /Users/robinfai/flutter_projects/ianvs-terminal/example/test/shell/mobile_terminal_modes_test.dart: reduced motion session menus preserve input and grid on TargetPlatform.macOS
00:10 +301: /Users/robinfai/flutter_projects/ianvs-terminal/example/test/shell/mobile_terminal_modes_test.dart: reduced motion session menus preserve input and grid on TargetPlatform.macOS
00:10 +302: /Users/robinfai/flutter_projects/ianvs-terminal/example/test/shell/mobile_terminal_modes_test.dart: reduced motion session menus preserve input and grid on TargetPlatform.macOS
00:10 +303: /Users/robinfai/flutter_projects/ianvs-terminal/example/test/shell/mobile_terminal_modes_test.dart: reduced motion session menus preserve input and grid on TargetPlatform.macOS
00:10 +304: /Users/robinfai/flutter_projects/ianvs-terminal/example/test/shell/mobile_terminal_modes_test.dart: reduced motion session menus preserve input and grid on TargetPlatform.macOS
00:11 +305: /Users/robinfai/flutter_projects/ianvs-terminal/example/test/shell/shell_screen_phase1b_test.dart: overflow menu only dots hidden tabs with new output
00:11 +306: /Users/robinfai/flutter_projects/ianvs-terminal/example/test/shell/shell_screen_phase1b_test.dart: overflow menu only dots hidden tabs with new output
00:11 +307: /Users/robinfai/flutter_projects/ianvs-terminal/example/test/shell/shell_screen_phase1b_test.dart: overflow menu only dots hidden tabs with new output
00:11 +308: /Users/robinfai/flutter_projects/ianvs-terminal/example/test/shell/shell_screen_phase1b_test.dart: overflow menu only dots hidden tabs with new output
00:11 +309: /Users/robinfai/flutter_projects/ianvs-terminal/example/test/shell/shell_screen_phase1b_test.dart: overflow menu only dots hidden tabs with new output
00:11 +310: /Users/robinfai/flutter_projects/ianvs-terminal/example/test/shell/shell_screen_phase1b_test.dart: overflow menu only dots hidden tabs with new output
00:11 +311: /Users/robinfai/flutter_projects/ianvs-terminal/example/test/shell/shell_screen_phase1b_test.dart: overflow menu only dots hidden tabs with new output
00:11 +312: /Users/robinfai/flutter_projects/ianvs-terminal/example/test/shell/shell_screen_phase1b_test.dart: overflow menu only dots hidden tabs with new output
00:11 +313: /Users/robinfai/flutter_projects/ianvs-terminal/example/test/shell/shell_screen_phase1b_test.dart: overflow menu only dots hidden tabs with new output
00:11 +314: /Users/robinfai/flutter_projects/ianvs-terminal/example/test/shell/shell_screen_phase1b_test.dart: overflow menu only dots hidden tabs with new output
00:11 +315: /Users/robinfai/flutter_projects/ianvs-terminal/example/test/shell/shell_screen_phase1b_test.dart: overflow menu only dots hidden tabs with new output
00:11 +316: /Users/robinfai/flutter_projects/ianvs-terminal/example/test/shell/mobile_terminal_modes_test.dart: reduced motion session menus preserve input and grid on TargetPlatform.iOS
00:11 +317: /Users/robinfai/flutter_projects/ianvs-terminal/example/test/shell/mobile_terminal_modes_test.dart: reduced motion session menus preserve input and grid on TargetPlatform.iOS
00:11 +318: /Users/robinfai/flutter_projects/ianvs-terminal/example/test/shell/mobile_terminal_modes_test.dart: reduced motion session menus preserve input and grid on TargetPlatform.iOS
00:12 +319: /Users/robinfai/flutter_projects/ianvs-terminal/example/test/shell/mobile_terminal_modes_test.dart: reduced motion session menus preserve input and grid on TargetPlatform.iOS
00:12 +320: /Users/robinfai/flutter_projects/ianvs-terminal/example/test/shell/mobile_terminal_modes_test.dart: reduced motion session menus preserve input and grid on TargetPlatform.iOS
00:12 +321: /Users/robinfai/flutter_projects/ianvs-terminal/example/test/shell/shell_screen_phase4_test.dart: defaults dialog saves OSC 52 ask policy
00:12 +322: /Users/robinfai/flutter_projects/ianvs-terminal/example/test/shell/shell_screen_phase4_test.dart: defaults dialog saves OSC 52 ask policy
00:12 +323: /Users/robinfai/flutter_projects/ianvs-terminal/example/test/shell/shell_screen_phase4_test.dart: defaults dialog saves OSC 52 ask policy
00:12 +324: /Users/robinfai/flutter_projects/ianvs-terminal/example/test/shell/shell_screen_phase4_test.dart: defaults dialog saves OSC 52 ask policy
00:12 +325: /Users/robinfai/flutter_projects/ianvs-terminal/example/test/shell/shell_screen_phase4_test.dart: defaults dialog saves OSC 52 ask policy
00:12 +326: /Users/robinfai/flutter_projects/ianvs-terminal/example/test/shell/shell_screen_phase4_test.dart: defaults dialog saves OSC 52 ask policy
00:12 +327: /Users/robinfai/flutter_projects/ianvs-terminal/example/test/shell/shell_screen_phase4_test.dart: defaults dialog saves OSC 52 ask policy
00:12 +328: /Users/robinfai/flutter_projects/ianvs-terminal/example/test/shell/shell_screen_phase4_test.dart: defaults dialog saves OSC 52 ask policy
00:12 +329: /Users/robinfai/flutter_projects/ianvs-terminal/example/test/shell/shell_profile_save_feedback_test.dart: importing an OpenSSH profile saves without connecting
00:12 +330: /Users/robinfai/flutter_projects/ianvs-terminal/example/test/shell/shell_profile_save_feedback_test.dart: importing an OpenSSH profile saves without connecting
00:12 +331: /Users/robinfai/flutter_projects/ianvs-terminal/example/test/shell/shell_profile_save_feedback_test.dart: importing an OpenSSH profile saves without connecting
00:12 +332: /Users/robinfai/flutter_projects/ianvs-terminal/example/test/shell/shell_profile_save_feedback_test.dart: importing an OpenSSH profile saves without connecting
00:13 +332: /Users/robinfai/flutter_projects/ianvs-terminal/example/test/shell/mobile_terminal_modes_test.dart: SSH failure keeps AI draft and output on macOS

Warning: A call to tap() with finder "Found 1 widget with key [<'ai-terminal-settings'>]: [
  TextButton-[<'ai-terminal-settings'>](dirty, dependencies: [IconTheme, InheritedCupertinoTheme, MediaQuery, _InheritedTheme, _LocalizationsScope-[GlobalKey#da3ce], _ScrollableScope], state: _ButtonStyleState#cc1e2),
]" derived an Offset (Offset(524.0, 349.0)) that would not hit test on the specified widget.
Maybe the widget is actually off-screen, or another widget is obscuring it, or the widget cannot receive pointer events.
The finder corresponds to this RenderBox: RenderSemanticsAnnotations#5ba33 relayoutBoundary=up8 NEEDS-PAINT
The hit test result at that offset is: HitTestResult(RenderPointerListener#aec56@Offset(524.0, 349.0), RenderSemanticsAnnotations#dc3c5@Offset(524.0, 349.0), RenderSemanticsAnnotations#a3e70@Offset(524.0, 349.0), RenderSemanticsAnnotations#0f648@Offset(524.0, 349.0), RenderSemanticsAnnotations#62947@Offset(524.0, 349.0), RenderTapRegionSurface#8a045@Offset(524.0, 349.0), RenderSemanticsAnnotations#52d18@Offset(524.0, 349.0), RenderSemanticsAnnotations#20b8e@Offset(524.0, 349.0), RenderSemanticsAnnotations#3ba2e@Offset(524.0, 349.0), RenderRepaintBoundary#763cc@Offset(524.0, 349.0), HitTestEntry<HitTestTarget>#2942f(_ReusableRenderView#674c0), HitTestEntry<HitTestTarget>#7d321(<ConfigurationCaptureBinding>))
#0      WidgetController._getElementPoint (package:flutter_test/src/controller.dart:2165:25)
#1      WidgetController.getCenter (package:flutter_test/src/controller.dart:1947:12)
#2      WidgetController.tap (package:flutter_test/src/controller.dart:1080:7)
#3      main.<anonymous closure> (file:///Users/robinfai/flutter_projects/ianvs-terminal/example/test/shell/mobile_terminal_modes_test.dart:433:20)
<asynchronous suspension>
#4      testWidgets.<anonymous closure>.<anonymous closure> (package:flutter_test/src/widget_tester.dart:192:15)
<asynchronous suspension>
#5      TestWidgetsFlutterBinding._runTestBody (package:flutter_test/src/binding.dart:1952:5)
<asynchronous suspension>
#6      StackZoneSpecification._registerCallback.<anonymous closure> (package:stack_trace/src/stack_zone_specification.dart:114:42)
<asynchronous suspension>
To silence this warning, pass "warnIfMissed: false" to "tap()".
To make this warning fatal, set WidgetController.hitTestWarningShouldBeFatal to true.

00:13 +333: /Users/robinfai/flutter_projects/ianvs-terminal/example/test/shell/shell_profile_save_feedback_test.dart: importing an OpenSSH profile saves without connecting
00:13 +334: /Users/robinfai/flutter_projects/ianvs-terminal/example/test/shell/shell_profile_save_feedback_test.dart: importing an OpenSSH profile saves without connecting
00:13 +335: /Users/robinfai/flutter_projects/ianvs-terminal/example/test/shell/shell_profile_save_feedback_test.dart: importing an OpenSSH profile saves without connecting
00:13 +336: /Users/robinfai/flutter_projects/ianvs-terminal/example/test/shell/shell_profile_save_feedback_test.dart: importing an OpenSSH profile saves without connecting
00:13 +337: /Users/robinfai/flutter_projects/ianvs-terminal/example/test/shell/shell_profile_save_feedback_test.dart: importing an OpenSSH profile saves without connecting
00:13 +338: /Users/robinfai/flutter_projects/ianvs-terminal/example/test/shell/shell_profile_save_feedback_test.dart: importing an OpenSSH profile saves without connecting
00:13 +339: /Users/robinfai/flutter_projects/ianvs-terminal/example/test/shell/shell_profile_save_feedback_test.dart: importing an OpenSSH profile saves without connecting
00:13 +340: /Users/robinfai/flutter_projects/ianvs-terminal/example/test/shell/shell_profile_save_feedback_test.dart: importing an OpenSSH profile saves without connecting
00:13 +341: /Users/robinfai/flutter_projects/ianvs-terminal/example/test/shell/shell_profile_save_feedback_test.dart: importing an OpenSSH profile saves without connecting
00:13 +342: /Users/robinfai/flutter_projects/ianvs-terminal/example/test/shell/shell_profile_save_feedback_test.dart: importing an OpenSSH profile saves without connecting
00:13 +343: /Users/robinfai/flutter_projects/ianvs-terminal/example/test/shell/shell_profile_save_feedback_test.dart: importing an OpenSSH profile saves without connecting
00:13 +344: /Users/robinfai/flutter_projects/ianvs-terminal/example/test/shell/shell_profile_save_feedback_test.dart: importing an OpenSSH profile saves without connecting
00:13 +345: /Users/robinfai/flutter_projects/ianvs-terminal/example/test/shell/shell_profile_save_feedback_test.dart: importing an OpenSSH profile saves without connecting
00:13 +346: /Users/robinfai/flutter_projects/ianvs-terminal/example/test/shell/shell_profile_save_feedback_test.dart: importing an OpenSSH profile saves without connecting
00:13 +347: /Users/robinfai/flutter_projects/ianvs-terminal/example/test/shell/shell_profile_save_feedback_test.dart: importing an OpenSSH profile saves without connecting
00:13 +348: /Users/robinfai/flutter_projects/ianvs-terminal/example/test/shell/shell_profile_save_feedback_test.dart: importing an OpenSSH profile saves without connecting
00:14 +349: /Users/robinfai/flutter_projects/ianvs-terminal/example/test/shell/shell_profile_save_feedback_test.dart: importing an OpenSSH profile saves without connecting
00:14 +350: /Users/robinfai/flutter_projects/ianvs-terminal/example/test/shell/shell_profile_save_feedback_test.dart: importing an OpenSSH profile saves without connecting
00:14 +351: /Users/robinfai/flutter_projects/ianvs-terminal/example/test/shell/shell_profile_save_feedback_test.dart: importing an OpenSSH profile saves without connecting
00:14 +352: /Users/robinfai/flutter_projects/ianvs-terminal/example/test/shell/shell_screen_phase3_test.dart: editing a profile in the GUI only affects new sessions
00:14 +353: /Users/robinfai/flutter_projects/ianvs-terminal/example/test/shell/shell_screen_phase3_test.dart: editing a profile in the GUI only affects new sessions
00:14 +354: /Users/robinfai/flutter_projects/ianvs-terminal/example/test/shell/shell_screen_phase3_test.dart: editing a profile in the GUI only affects new sessions
00:14 +355: /Users/robinfai/flutter_projects/ianvs-terminal/example/test/shell/shell_screen_phase3_test.dart: editing a profile in the GUI only affects new sessions
00:14 +356: /Users/robinfai/flutter_projects/ianvs-terminal/example/test/shell/shell_screen_phase3_test.dart: editing a profile in the GUI only affects new sessions
00:14 +357: /Users/robinfai/flutter_projects/ianvs-terminal/example/test/shell/shell_screen_phase3_test.dart: editing a profile in the GUI only affects new sessions
00:14 +358: /Users/robinfai/flutter_projects/ianvs-terminal/example/test/shell/shell_screen_phase3_test.dart: editing a profile in the GUI only affects new sessions
00:14 +359: /Users/robinfai/flutter_projects/ianvs-terminal/example/test/shell/shell_screen_phase3_test.dart: editing a profile in the GUI only affects new sessions
00:14 +360: /Users/robinfai/flutter_projects/ianvs-terminal/example/test/shell/shell_screen_phase3_test.dart: editing a profile in the GUI only affects new sessions
00:14 +361: /Users/robinfai/flutter_projects/ianvs-terminal/example/test/shell/shell_screen_phase3_test.dart: editing a profile in the GUI only affects new sessions
00:14 +361: /Users/robinfai/flutter_projects/ianvs-terminal/example/test/shell/mobile_terminal_modes_test.dart: SSH failure keeps AI draft and output on iOS

Warning: A call to tap() with finder "Found 1 widget with key [<'ai-terminal-settings'>]: [
  TextButton-[<'ai-terminal-settings'>](dirty, dependencies: [IconTheme, InheritedCupertinoTheme, MediaQuery, _InheritedTheme, _LocalizationsScope-[GlobalKey#9fa05], _ScrollableScope], state: _ButtonStyleState#b2cd9),
]" derived an Offset (Offset(253.0, 518.0)) that would not hit test on the specified widget.
Maybe the widget is actually off-screen, or another widget is obscuring it, or the widget cannot receive pointer events.
The finder corresponds to this RenderBox: RenderSemanticsAnnotations#4c58d relayoutBoundary=up8 NEEDS-PAINT
The hit test result at that offset is: HitTestResult(RenderPointerListener#94811@Offset(253.0, 518.0), RenderSemanticsAnnotations#bc2ab@Offset(253.0, 518.0), RenderSemanticsAnnotations#06dc8@Offset(253.0, 518.0), RenderSemanticsAnnotations#49577@Offset(253.0, 518.0), RenderSemanticsAnnotations#2f540@Offset(253.0, 518.0), RenderTapRegionSurface#2a405@Offset(253.0, 518.0), RenderSemanticsAnnotations#7be5b@Offset(253.0, 518.0), RenderSemanticsAnnotations#c34e6@Offset(253.0, 518.0), RenderSemanticsAnnotations#855ba@Offset(253.0, 518.0), RenderRepaintBoundary#d7baf@Offset(253.0, 518.0), HitTestEntry<HitTestTarget>#3eaea(_ReusableRenderView#674c0), HitTestEntry<HitTestTarget>#87156(<ConfigurationCaptureBinding>))
#0      WidgetController._getElementPoint (package:flutter_test/src/controller.dart:2165:25)
#1      WidgetController.getCenter (package:flutter_test/src/controller.dart:1947:12)
#2      WidgetController.tap (package:flutter_test/src/controller.dart:1080:7)
#3      main.<anonymous closure> (file:///Users/robinfai/flutter_projects/ianvs-terminal/example/test/shell/mobile_terminal_modes_test.dart:433:20)
<asynchronous suspension>
#4      testWidgets.<anonymous closure>.<anonymous closure> (package:flutter_test/src/widget_tester.dart:192:15)
<asynchronous suspension>
#5      TestWidgetsFlutterBinding._runTestBody (package:flutter_test/src/binding.dart:1952:5)
<asynchronous suspension>
#6      StackZoneSpecification._registerCallback.<anonymous closure> (package:stack_trace/src/stack_zone_specification.dart:114:42)
<asynchronous suspension>
To silence this warning, pass "warnIfMissed: false" to "tap()".
To make this warning fatal, set WidgetController.hitTestWarningShouldBeFatal to true.

00:14 +362: /Users/robinfai/flutter_projects/ianvs-terminal/example/test/shell/shell_screen_phase3_test.dart: editing a profile in the GUI only affects new sessions
00:14 +363: /Users/robinfai/flutter_projects/ianvs-terminal/example/test/shell/shell_screen_phase3_test.dart: editing a profile in the GUI only affects new sessions
00:14 +364: /Users/robinfai/flutter_projects/ianvs-terminal/example/test/shell/shell_screen_phase3_test.dart: editing a profile in the GUI only affects new sessions
00:15 +365: /Users/robinfai/flutter_projects/ianvs-terminal/example/test/shell/shell_screen_phase3_test.dart: editing a profile in the GUI only affects new sessions
00:15 +366: /Users/robinfai/flutter_projects/ianvs-terminal/example/test/shell/shell_screen_phase3_test.dart: editing a profile in the GUI only affects new sessions
00:15 +367: /Users/robinfai/flutter_projects/ianvs-terminal/example/test/shell/shell_screen_phase3_test.dart: editing a profile in the GUI only affects new sessions
00:15 +368: /Users/robinfai/flutter_projects/ianvs-terminal/example/test/shell/shell_screen_phase3_test.dart: editing a profile in the GUI only affects new sessions
00:15 +369: /Users/robinfai/flutter_projects/ianvs-terminal/example/test/shell/shell_screen_phase3_test.dart: editing a profile in the GUI only affects new sessions
00:15 +370: /Users/robinfai/flutter_projects/ianvs-terminal/example/test/shell/shell_screen_phase3_test.dart: editing a profile in the GUI only affects new sessions
00:15 +371: /Users/robinfai/flutter_projects/ianvs-terminal/example/test/shell/shell_screen_phase3_test.dart: editing a profile in the GUI only affects new sessions
00:15 +372: /Users/robinfai/flutter_projects/ianvs-terminal/example/test/shell/shell_screen_phase3_test.dart: editing a profile in the GUI only affects new sessions
00:15 +373: /Users/robinfai/flutter_projects/ianvs-terminal/example/test/shell/shell_screen_phase3_test.dart: editing a profile in the GUI only affects new sessions
00:15 +374: /Users/robinfai/flutter_projects/ianvs-terminal/example/test/shell/shell_screen_phase3_test.dart: editing a profile in the GUI only affects new sessions
00:15 +375: /Users/robinfai/flutter_projects/ianvs-terminal/example/test/shell/shell_screen_phase3_test.dart: editing a profile in the GUI only affects new sessions
00:15 +376: /Users/robinfai/flutter_projects/ianvs-terminal/example/test/shell/shell_screen_phase3_test.dart: editing a profile in the GUI only affects new sessions
00:15 +377: /Users/robinfai/flutter_projects/ianvs-terminal/example/test/shell/shell_screen_phase3_test.dart: editing a profile in the GUI only affects new sessions
00:15 +378: /Users/robinfai/flutter_projects/ianvs-terminal/example/test/shell/shell_screen_phase3_test.dart: editing a profile in the GUI only affects new sessions
00:15 +379: /Users/robinfai/flutter_projects/ianvs-terminal/example/test/shell/shell_screen_phase3_test.dart: editing a profile in the GUI only affects new sessions
00:15 +380: /Users/robinfai/flutter_projects/ianvs-terminal/example/test/shell/shell_screen_phase3_test.dart: editing a profile in the GUI only affects new sessions
00:15 +381: /Users/robinfai/flutter_projects/ianvs-terminal/example/test/shell/shell_screen_phase3_test.dart: editing a profile in the GUI only affects new sessions
00:15 +382: /Users/robinfai/flutter_projects/ianvs-terminal/example/test/shell/shell_screen_phase3_test.dart: editing a profile in the GUI only affects new sessions
00:15 +383: /Users/robinfai/flutter_projects/ianvs-terminal/example/test/shell/shell_screen_phase3_test.dart: editing a profile in the GUI only affects new sessions
00:15 +384: /Users/robinfai/flutter_projects/ianvs-terminal/example/test/shell/shell_screen_phase3_test.dart: editing a profile in the GUI only affects new sessions
00:15 +385: /Users/robinfai/flutter_projects/ianvs-terminal/example/test/shell/shell_screen_phase3_test.dart: editing a profile in the GUI only affects new sessions
00:15 +386: /Users/robinfai/flutter_projects/ianvs-terminal/example/test/shell/shell_screen_phase3_test.dart: editing a profile in the GUI only affects new sessions
00:15 +387: /Users/robinfai/flutter_projects/ianvs-terminal/example/test/shell/shell_screen_phase3_test.dart: editing a profile in the GUI only affects new sessions
00:15 +388: /Users/robinfai/flutter_projects/ianvs-terminal/example/test/shell/shell_profile_save_feedback_test.dart: cancelling a failed SSH profile save does not connect
00:15 +389: /Users/robinfai/flutter_projects/ianvs-terminal/example/test/shell/shell_profile_save_feedback_test.dart: cancelling a failed SSH profile save does not connect
00:16 +390: /Users/robinfai/flutter_projects/ianvs-terminal/example/test/shell/mobile_terminal_modes_test.dart: phone can recheck current support without changing mode or task
00:16 +391: /Users/robinfai/flutter_projects/ianvs-terminal/example/test/shell/mobile_terminal_modes_test.dart: phone can recheck current support without changing mode or task
00:16 +392: /Users/robinfai/flutter_projects/ianvs-terminal/example/test/shell/mobile_terminal_modes_test.dart: phone can recheck current support without changing mode or task
00:16 +393: /Users/robinfai/flutter_projects/ianvs-terminal/example/test/shell/mobile_terminal_modes_test.dart: phone can recheck current support without changing mode or task
00:16 +394: /Users/robinfai/flutter_projects/ianvs-terminal/example/test/shell/mobile_terminal_modes_test.dart: phone can recheck current support without changing mode or task
00:16 +395: /Users/robinfai/flutter_projects/ianvs-terminal/example/test/shell/mobile_terminal_modes_test.dart: phone can recheck current support without changing mode or task
00:16 +396: /Users/robinfai/flutter_projects/ianvs-terminal/example/test/shell/mobile_terminal_modes_test.dart: phone can recheck current support without changing mode or task
00:16 +397: /Users/robinfai/flutter_projects/ianvs-terminal/example/test/shell/mobile_terminal_modes_test.dart: phone can recheck current support without changing mode or task
00:16 +398: /Users/robinfai/flutter_projects/ianvs-terminal/example/test/shell/mobile_terminal_modes_test.dart: phone can recheck current support without changing mode or task
00:16 +399: /Users/robinfai/flutter_projects/ianvs-terminal/example/test/shell/mobile_terminal_modes_test.dart: phone can recheck current support without changing mode or task
00:16 +400: /Users/robinfai/flutter_projects/ianvs-terminal/example/test/shell/mobile_terminal_modes_test.dart: phone can recheck current support without changing mode or task
00:16 +401: /Users/robinfai/flutter_projects/ianvs-terminal/example/test/shell/shell_terminal_at_folder_test.dart: command palette omits the folder-specific new tab action
00:16 +402: /Users/robinfai/flutter_projects/ianvs-terminal/example/test/shell/shell_terminal_at_folder_test.dart: command palette omits the folder-specific new tab action
00:16 +403: /Users/robinfai/flutter_projects/ianvs-terminal/example/test/shell/shell_terminal_at_folder_test.dart: command palette omits the folder-specific new tab action
00:16 +404: /Users/robinfai/flutter_projects/ianvs-terminal/example/test/shell/shell_terminal_at_folder_test.dart: command palette omits the folder-specific new tab action
00:16 +405: /Users/robinfai/flutter_projects/ianvs-terminal/example/test/shell/shell_terminal_at_folder_test.dart: command palette omits the folder-specific new tab action
00:16 +406: /Users/robinfai/flutter_projects/ianvs-terminal/example/test/shell/shell_terminal_at_folder_test.dart: command palette omits the folder-specific new tab action
00:16 +407: /Users/robinfai/flutter_projects/ianvs-terminal/example/test/shell/shell_terminal_at_folder_test.dart: command palette omits the folder-specific new tab action
00:16 +408: /Users/robinfai/flutter_projects/ianvs-terminal/example/test/shell/shell_terminal_at_folder_test.dart: command palette omits the folder-specific new tab action
00:16 +409: /Users/robinfai/flutter_projects/ianvs-terminal/example/test/shell/shell_terminal_at_folder_test.dart: command palette omits the folder-specific new tab action
00:16 +410: /Users/robinfai/flutter_projects/ianvs-terminal/example/test/shell/shell_terminal_at_folder_test.dart: command palette omits the folder-specific new tab action
00:16 +411: /Users/robinfai/flutter_projects/ianvs-terminal/example/test/shell/shell_terminal_at_folder_test.dart: command palette omits the folder-specific new tab action
00:17 +412: /Users/robinfai/flutter_projects/ianvs-terminal/example/test/shell/shell_terminal_at_folder_test.dart: command palette omits the folder-specific new tab action
00:17 +413: /Users/robinfai/flutter_projects/ianvs-terminal/example/test/shell/shell_terminal_at_folder_test.dart: command palette omits the folder-specific new tab action
00:17 +414: /Users/robinfai/flutter_projects/ianvs-terminal/example/test/shell/mobile_terminal_modes_test.dart: phone reader touch selection returns to the retained AI task
00:17 +415: /Users/robinfai/flutter_projects/ianvs-terminal/example/test/shell/mobile_terminal_modes_test.dart: phone reader touch selection returns to the retained AI task
00:17 +416: /Users/robinfai/flutter_projects/ianvs-terminal/example/test/shell/mobile_terminal_modes_test.dart: phone reader touch selection returns to the retained AI task
00:17 +417: /Users/robinfai/flutter_projects/ianvs-terminal/example/test/shell/mobile_terminal_modes_test.dart: phone reader touch selection returns to the retained AI task
00:17 +418: /Users/robinfai/flutter_projects/ianvs-terminal/example/test/shell/mobile_terminal_modes_test.dart: phone reader touch selection returns to the retained AI task
00:17 +419: /Users/robinfai/flutter_projects/ianvs-terminal/example/test/shell/mobile_terminal_modes_test.dart: phone reader touch selection returns to the retained AI task
00:17 +420: /Users/robinfai/flutter_projects/ianvs-terminal/example/test/shell/mobile_terminal_modes_test.dart: phone reader touch selection returns to the retained AI task
00:17 +421: /Users/robinfai/flutter_projects/ianvs-terminal/example/test/shell/mobile_terminal_modes_test.dart: phone reader touch selection returns to the retained AI task
00:17 +422: /Users/robinfai/flutter_projects/ianvs-terminal/example/test/shell/mobile_terminal_modes_test.dart: phone reader touch selection returns to the retained AI task
00:17 +423: /Users/robinfai/flutter_projects/ianvs-terminal/example/test/shell/mobile_terminal_modes_test.dart: phone reader touch selection returns to the retained AI task
00:17 +424: /Users/robinfai/flutter_projects/ianvs-terminal/example/test/shell/mobile_terminal_modes_test.dart: phone reader touch selection returns to the retained AI task
00:17 +425: /Users/robinfai/flutter_projects/ianvs-terminal/example/test/shell/mobile_terminal_modes_test.dart: phone reader touch selection returns to the retained AI task
00:17 +426: /Users/robinfai/flutter_projects/ianvs-terminal/example/test/shell/mobile_terminal_modes_test.dart: phone reader touch selection returns to the retained AI task
00:17 +427: /Users/robinfai/flutter_projects/ianvs-terminal/example/test/shell/mobile_terminal_modes_test.dart: phone reader touch selection returns to the retained AI task
00:17 +428: /Users/robinfai/flutter_projects/ianvs-terminal/example/test/shell/mobile_terminal_modes_test.dart: phone reader touch selection returns to the retained AI task
00:17 +429: /Users/robinfai/flutter_projects/ianvs-terminal/example/test/shell/mobile_terminal_modes_test.dart: phone reader touch selection returns to the retained AI task
00:17 +430: /Users/robinfai/flutter_projects/ianvs-terminal/example/test/shell/mobile_terminal_modes_test.dart: phone reader touch selection returns to the retained AI task
00:17 +431: /Users/robinfai/flutter_projects/ianvs-terminal/example/test/shell/mobile_terminal_modes_test.dart: phone reader touch selection returns to the retained AI task
00:17 +432: /Users/robinfai/flutter_projects/ianvs-terminal/example/test/shell/mobile_terminal_modes_test.dart: phone reader touch selection returns to the retained AI task
00:17 +433: /Users/robinfai/flutter_projects/ianvs-terminal/example/test/shell/mobile_terminal_modes_test.dart: phone reader touch selection returns to the retained AI task
00:17 +434: /Users/robinfai/flutter_projects/ianvs-terminal/example/test/shell/mobile_terminal_modes_test.dart: phone reader touch selection returns to the retained AI task
00:17 +435: /Users/robinfai/flutter_projects/ianvs-terminal/example/test/shell/mobile_terminal_modes_test.dart: phone reader touch selection returns to the retained AI task
00:17 +436: /Users/robinfai/flutter_projects/ianvs-terminal/example/test/shell/mobile_terminal_modes_test.dart: phone reader touch selection returns to the retained AI task
00:17 +437: /Users/robinfai/flutter_projects/ianvs-terminal/example/test/shell/mobile_terminal_modes_test.dart: phone reader touch selection returns to the retained AI task
00:17 +438: /Users/robinfai/flutter_projects/ianvs-terminal/example/test/shell/mobile_terminal_modes_test.dart: phone reader touch selection returns to the retained AI task
00:17 +439: /Users/robinfai/flutter_projects/ianvs-terminal/example/test/shell/mobile_terminal_modes_test.dart: phone reader touch selection returns to the retained AI task
00:17 +440: /Users/robinfai/flutter_projects/ianvs-terminal/example/test/shell/mobile_terminal_modes_test.dart: phone reader touch selection returns to the retained AI task
00:17 +441: /Users/robinfai/flutter_projects/ianvs-terminal/example/test/shell/mobile_terminal_modes_test.dart: phone reader touch selection returns to the retained AI task
00:17 +442: /Users/robinfai/flutter_projects/ianvs-terminal/example/test/shell/mobile_terminal_modes_test.dart: phone reader touch selection returns to the retained AI task
00:18 +443: /Users/robinfai/flutter_projects/ianvs-terminal/example/test/shell/mobile_terminal_modes_test.dart: phone reader touch selection returns to the retained AI task
00:18 +444: /Users/robinfai/flutter_projects/ianvs-terminal/example/test/shell/mobile_terminal_modes_test.dart: phone reader touch selection returns to the retained AI task
00:18 +445: /Users/robinfai/flutter_projects/ianvs-terminal/example/test/shell/mobile_terminal_modes_test.dart: phone reader touch selection returns to the retained AI task
00:18 +446: /Users/robinfai/flutter_projects/ianvs-terminal/example/test/shell/mobile_terminal_modes_test.dart: phone reader touch selection returns to the retained AI task
00:18 +447: /Users/robinfai/flutter_projects/ianvs-terminal/example/test/shell/mobile_terminal_modes_test.dart: phone reader touch selection returns to the retained AI task
00:18 +448: /Users/robinfai/flutter_projects/ianvs-terminal/example/test/shell/mobile_terminal_modes_test.dart: phone reader touch selection returns to the retained AI task
00:18 +449: /Users/robinfai/flutter_projects/ianvs-terminal/example/test/shell/mobile_terminal_modes_test.dart: phone reader touch selection returns to the retained AI task
00:18 +450: /Users/robinfai/flutter_projects/ianvs-terminal/example/test/shell/mobile_terminal_modes_test.dart: phone reader touch selection returns to the retained AI task
00:18 +451: /Users/robinfai/flutter_projects/ianvs-terminal/example/test/shell/mobile_terminal_modes_test.dart: phone reader touch selection returns to the retained AI task
00:18 +452: /Users/robinfai/flutter_projects/ianvs-terminal/example/test/shell/mobile_terminal_modes_test.dart: phone reader touch selection returns to the retained AI task
00:18 +453: /Users/robinfai/flutter_projects/ianvs-terminal/example/test/shell/mobile_terminal_modes_test.dart: phone reader touch selection returns to the retained AI task
00:18 +454: /Users/robinfai/flutter_projects/ianvs-terminal/example/test/shell/mobile_terminal_modes_test.dart: phone reader touch selection returns to the retained AI task
00:18 +455: /Users/robinfai/flutter_projects/ianvs-terminal/example/test/shell/mobile_terminal_modes_test.dart: phone reader touch selection returns to the retained AI task
00:18 +456: /Users/robinfai/flutter_projects/ianvs-terminal/example/test/shell/mobile_terminal_modes_test.dart: phone reader touch selection returns to the retained AI task
00:18 +457: /Users/robinfai/flutter_projects/ianvs-terminal/example/test/shell/mobile_terminal_modes_test.dart: phone reader touch selection returns to the retained AI task
00:18 +458: /Users/robinfai/flutter_projects/ianvs-terminal/example/test/shell/mobile_terminal_modes_test.dart: phone reader touch selection returns to the retained AI task
00:18 +459: /Users/robinfai/flutter_projects/ianvs-terminal/example/test/shell/mobile_terminal_modes_test.dart: phone reader touch selection returns to the retained AI task
00:18 +460: /Users/robinfai/flutter_projects/ianvs-terminal/example/test/shell/mobile_terminal_modes_test.dart: phone reader touch selection returns to the retained AI task
00:18 +461: /Users/robinfai/flutter_projects/ianvs-terminal/example/test/shell/mobile_terminal_modes_test.dart: phone reader touch selection returns to the retained AI task
00:18 +462: /Users/robinfai/flutter_projects/ianvs-terminal/example/test/shell/mobile_terminal_modes_test.dart: phone reader touch selection returns to the retained AI task
00:18 +463: /Users/robinfai/flutter_projects/ianvs-terminal/example/test/shell/shell_screen_phase4_test.dart: ZMODEM receive requires a folder and exposes progress/cancel
00:18 +464: /Users/robinfai/flutter_projects/ianvs-terminal/example/test/shell/mobile_terminal_modes_test.dart: phone TUI grid and input ownership portrait
00:18 +465: /Users/robinfai/flutter_projects/ianvs-terminal/example/test/shell/mobile_terminal_modes_test.dart: phone TUI grid and input ownership portrait
00:18 +466: /Users/robinfai/flutter_projects/ianvs-terminal/example/test/shell/mobile_terminal_modes_test.dart: phone TUI grid and input ownership portrait
00:18 +467: /Users/robinfai/flutter_projects/ianvs-terminal/example/test/shell/mobile_terminal_modes_test.dart: phone TUI grid and input ownership portrait
00:19 +468: /Users/robinfai/flutter_projects/ianvs-terminal/example/test/shell/mobile_terminal_modes_test.dart: phone TUI grid and input ownership portrait
00:19 +469: /Users/robinfai/flutter_projects/ianvs-terminal/example/test/shell/mobile_terminal_modes_test.dart: phone TUI grid and input ownership portrait
00:19 +470: /Users/robinfai/flutter_projects/ianvs-terminal/example/test/shell/mobile_terminal_modes_test.dart: phone TUI grid and input ownership portrait
00:19 +471: /Users/robinfai/flutter_projects/ianvs-terminal/example/test/shell/mobile_terminal_modes_test.dart: phone TUI grid and input ownership portrait
00:19 +472: /Users/robinfai/flutter_projects/ianvs-terminal/example/test/shell/mobile_terminal_modes_test.dart: phone TUI grid and input ownership portrait
00:19 +473: /Users/robinfai/flutter_projects/ianvs-terminal/example/test/shell/mobile_terminal_modes_test.dart: phone TUI grid and input ownership portrait
00:19 +474: /Users/robinfai/flutter_projects/ianvs-terminal/example/test/shell/mobile_terminal_modes_test.dart: phone TUI grid and input ownership portrait
00:19 +475: /Users/robinfai/flutter_projects/ianvs-terminal/example/test/shell/mobile_terminal_modes_test.dart: phone TUI grid and input ownership portrait
00:19 +476: /Users/robinfai/flutter_projects/ianvs-terminal/example/test/shell/mobile_terminal_modes_test.dart: phone TUI grid and input ownership portrait
00:19 +477: /Users/robinfai/flutter_projects/ianvs-terminal/example/test/shell/mobile_terminal_modes_test.dart: phone TUI grid and input ownership portrait
00:19 +478: /Users/robinfai/flutter_projects/ianvs-terminal/example/test/shell/mobile_terminal_modes_test.dart: phone TUI grid and input ownership portrait
00:19 +479: /Users/robinfai/flutter_projects/ianvs-terminal/example/test/shell/mobile_terminal_modes_test.dart: phone TUI grid and input ownership portrait
00:19 +480: /Users/robinfai/flutter_projects/ianvs-terminal/example/test/shell/mobile_terminal_modes_test.dart: phone TUI grid and input ownership portrait
00:19 +481: /Users/robinfai/flutter_projects/ianvs-terminal/example/test/shell/shell_recording_library_test.dart: recording panel opens a saved recording and a picked file
00:19 +482: /Users/robinfai/flutter_projects/ianvs-terminal/example/test/shell/shell_recording_library_test.dart: recording panel opens a saved recording and a picked file
00:19 +483: /Users/robinfai/flutter_projects/ianvs-terminal/example/test/shell/shell_recording_library_test.dart: recording panel opens a saved recording and a picked file
00:19 +484: /Users/robinfai/flutter_projects/ianvs-terminal/example/test/shell/shell_recording_library_test.dart: recording panel opens a saved recording and a picked file
00:19 +485: /Users/robinfai/flutter_projects/ianvs-terminal/example/test/shell/shell_recording_library_test.dart: recording panel opens a saved recording and a picked file
00:19 +486: /Users/robinfai/flutter_projects/ianvs-terminal/example/test/shell/shell_recording_library_test.dart: recording panel opens a saved recording and a picked file
00:19 +487: /Users/robinfai/flutter_projects/ianvs-terminal/example/test/shell/shell_recording_library_test.dart: recording panel opens a saved recording and a picked file
00:19 +488: /Users/robinfai/flutter_projects/ianvs-terminal/example/test/shell/shell_recording_library_test.dart: recording panel opens a saved recording and a picked file
00:19 +489: /Users/robinfai/flutter_projects/ianvs-terminal/example/test/shell/shell_recording_library_test.dart: recording panel opens a saved recording and a picked file
00:19 +490: /Users/robinfai/flutter_projects/ianvs-terminal/example/test/shell/shell_recording_library_test.dart: recording panel opens a saved recording and a picked file
00:19 +491: /Users/robinfai/flutter_projects/ianvs-terminal/example/test/shell/shell_recording_library_test.dart: recording panel opens a saved recording and a picked file
00:19 +492: /Users/robinfai/flutter_projects/ianvs-terminal/example/test/shell/shell_recording_library_test.dart: recording panel opens a saved recording and a picked file
00:19 +493: /Users/robinfai/flutter_projects/ianvs-terminal/example/test/shell/shell_recording_library_test.dart: recording panel opens a saved recording and a picked file
00:19 +494: /Users/robinfai/flutter_projects/ianvs-terminal/example/test/shell/shell_recording_library_test.dart: recording panel opens a saved recording and a picked file
00:19 +495: /Users/robinfai/flutter_projects/ianvs-terminal/example/test/shell/shell_recording_library_test.dart: recording panel opens a saved recording and a picked file
00:19 +496: /Users/robinfai/flutter_projects/ianvs-terminal/example/test/shell/shell_recording_library_test.dart: recording panel opens a saved recording and a picked file
00:19 +497: /Users/robinfai/flutter_projects/ianvs-terminal/example/test/shell/shell_recording_library_test.dart: recording panel opens a saved recording and a picked file
00:19 +498: /Users/robinfai/flutter_projects/ianvs-terminal/example/test/shell/shell_recording_library_test.dart: recording panel opens a saved recording and a picked file
00:19 +499: /Users/robinfai/flutter_projects/ianvs-terminal/example/test/shell/shell_recording_library_test.dart: recording panel opens a saved recording and a picked file
00:19 +500: /Users/robinfai/flutter_projects/ianvs-terminal/example/test/shell/shell_recording_library_test.dart: recording panel opens a saved recording and a picked file
00:19 +501: /Users/robinfai/flutter_projects/ianvs-terminal/example/test/shell/shell_recording_library_test.dart: recording panel opens a saved recording and a picked file
00:19 +502: /Users/robinfai/flutter_projects/ianvs-terminal/example/test/shell/shell_recording_library_test.dart: recording panel opens a saved recording and a picked file
00:19 +503: /Users/robinfai/flutter_projects/ianvs-terminal/example/test/shell/shell_recording_library_test.dart: recording panel opens a saved recording and a picked file
00:19 +504: /Users/robinfai/flutter_projects/ianvs-terminal/example/test/shell/shell_recording_library_test.dart: recording panel opens a saved recording and a picked file
00:19 +505: /Users/robinfai/flutter_projects/ianvs-terminal/example/test/shell/shell_recording_library_test.dart: recording panel opens a saved recording and a picked file
00:19 +506: /Users/robinfai/flutter_projects/ianvs-terminal/example/test/shell/shell_recording_library_test.dart: recording panel opens a saved recording and a picked file
00:20 +507: /Users/robinfai/flutter_projects/ianvs-terminal/example/test/shell/shell_recording_library_test.dart: recording panel opens a saved recording and a picked file
00:20 +508: /Users/robinfai/flutter_projects/ianvs-terminal/example/test/shell/shell_recording_library_test.dart: recording panel opens a saved recording and a picked file
00:20 +509: /Users/robinfai/flutter_projects/ianvs-terminal/example/test/shell/shell_recording_library_test.dart: recording panel opens a saved recording and a picked file
00:20 +510: /Users/robinfai/flutter_projects/ianvs-terminal/example/test/shell/shell_recording_library_test.dart: recording panel opens a saved recording and a picked file
00:20 +511: /Users/robinfai/flutter_projects/ianvs-terminal/example/test/shell/shell_recording_library_test.dart: recording panel opens a saved recording and a picked file
00:20 +512: /Users/robinfai/flutter_projects/ianvs-terminal/example/test/shell/shell_recording_library_test.dart: recording panel opens a saved recording and a picked file
00:20 +513: /Users/robinfai/flutter_projects/ianvs-terminal/example/test/shell/shell_recording_library_test.dart: recording panel opens a saved recording and a picked file
00:20 +514: /Users/robinfai/flutter_projects/ianvs-terminal/example/test/shell/shell_recording_library_test.dart: recording panel opens a saved recording and a picked file
00:20 +515: /Users/robinfai/flutter_projects/ianvs-terminal/example/test/shell/shell_recording_library_test.dart: recording panel opens a saved recording and a picked file
00:20 +516: /Users/robinfai/flutter_projects/ianvs-terminal/example/test/shell/shell_recording_library_test.dart: recording panel opens a saved recording and a picked file
00:20 +517: /Users/robinfai/flutter_projects/ianvs-terminal/example/test/shell/shell_recording_library_test.dart: recording panel opens a saved recording and a picked file
00:21 +518: /Users/robinfai/flutter_projects/ianvs-terminal/example/test/shell/shell_recording_library_test.dart: recording panel opens a saved recording and a picked file
00:21 +519: /Users/robinfai/flutter_projects/ianvs-terminal/example/test/shell/shell_recording_library_test.dart: recording panel opens a saved recording and a picked file
00:21 +520: /Users/robinfai/flutter_projects/ianvs-terminal/example/test/shell/shell_recording_library_test.dart: recording panel opens a saved recording and a picked file
00:21 +521: /Users/robinfai/flutter_projects/ianvs-terminal/example/test/shell/shell_recording_library_test.dart: recording panel opens a saved recording and a picked file
00:21 +522: /Users/robinfai/flutter_projects/ianvs-terminal/example/test/shell/shell_recording_library_test.dart: recording panel opens a saved recording and a picked file
00:21 +523: /Users/robinfai/flutter_projects/ianvs-terminal/example/test/shell/shell_recording_library_test.dart: recording panel opens a saved recording and a picked file
00:21 +524: /Users/robinfai/flutter_projects/ianvs-terminal/example/test/shell/shell_recording_library_test.dart: recording panel opens a saved recording and a picked file
00:21 +525: /Users/robinfai/flutter_projects/ianvs-terminal/example/test/shell/shell_recording_library_test.dart: recording panel opens a saved recording and a picked file
00:21 +526: /Users/robinfai/flutter_projects/ianvs-terminal/example/test/shell/shell_recording_library_test.dart: recording panel opens a saved recording and a picked file
00:21 +527: /Users/robinfai/flutter_projects/ianvs-terminal/example/test/shell/shell_recording_library_test.dart: recording panel opens a saved recording and a picked file
00:21 +528: /Users/robinfai/flutter_projects/ianvs-terminal/example/test/shell/shell_recording_library_test.dart: recording panel opens a saved recording and a picked file
00:21 +529: /Users/robinfai/flutter_projects/ianvs-terminal/example/test/shell/shell_recording_library_test.dart: recording panel opens a saved recording and a picked file
00:21 +530: /Users/robinfai/flutter_projects/ianvs-terminal/example/test/shell/shell_recording_library_test.dart: recording panel opens a saved recording and a picked file
00:21 +531: /Users/robinfai/flutter_projects/ianvs-terminal/example/test/shell/shell_recording_library_test.dart: recording panel opens a saved recording and a picked file
00:21 +532: /Users/robinfai/flutter_projects/ianvs-terminal/example/test/shell/shell_recording_library_test.dart: recording panel opens a saved recording and a picked file
00:21 +533: /Users/robinfai/flutter_projects/ianvs-terminal/example/test/shell/shell_recording_library_test.dart: recording panel opens a saved recording and a picked file
00:21 +534: /Users/robinfai/flutter_projects/ianvs-terminal/example/test/shell/shell_recording_library_test.dart: recording panel opens a saved recording and a picked file
00:21 +535: /Users/robinfai/flutter_projects/ianvs-terminal/example/test/shell/shell_recording_library_test.dart: recording panel opens a saved recording and a picked file
00:21 +536: /Users/robinfai/flutter_projects/ianvs-terminal/example/test/shell/shell_recording_library_test.dart: recording panel opens a saved recording and a picked file
00:21 +537: /Users/robinfai/flutter_projects/ianvs-terminal/example/test/shell/shell_recording_library_test.dart: recording panel opens a saved recording and a picked file
00:21 +538: /Users/robinfai/flutter_projects/ianvs-terminal/example/test/shell/shell_recording_library_test.dart: recording panel opens a saved recording and a picked file
00:21 +539: /Users/robinfai/flutter_projects/ianvs-terminal/example/test/shell/shell_recording_library_test.dart: recording panel opens a saved recording and a picked file
00:22 +540: /Users/robinfai/flutter_projects/ianvs-terminal/example/test/shell/shell_recording_library_test.dart: recording panel opens a saved recording and a picked file
00:22 +541: /Users/robinfai/flutter_projects/ianvs-terminal/example/test/shell/shell_recording_library_test.dart: recording panel opens a saved recording and a picked file
00:22 +542: /Users/robinfai/flutter_projects/ianvs-terminal/example/test/shell/shell_recording_library_test.dart: recording panel opens a saved recording and a picked file
00:22 +543: /Users/robinfai/flutter_projects/ianvs-terminal/example/test/shell/shell_recording_library_test.dart: recording panel opens a saved recording and a picked file
00:22 +544: /Users/robinfai/flutter_projects/ianvs-terminal/example/test/shell/shell_recording_library_test.dart: recording panel opens a saved recording and a picked file
00:22 +545: /Users/robinfai/flutter_projects/ianvs-terminal/example/test/shell/shell_screen_phase1a_test.dart: gear command palette opens settings and terminal search
00:22 +546: /Users/robinfai/flutter_projects/ianvs-terminal/example/test/shell/shell_screen_phase1a_test.dart: gear command palette opens settings and terminal search
00:22 +547: /Users/robinfai/flutter_projects/ianvs-terminal/example/test/shell/shell_screen_phase1a_test.dart: gear command palette opens settings and terminal search
00:22 +548: /Users/robinfai/flutter_projects/ianvs-terminal/example/test/shell/shell_screen_phase1a_test.dart: gear command palette opens settings and terminal search
00:22 +549: /Users/robinfai/flutter_projects/ianvs-terminal/example/test/shell/shell_screen_phase1a_test.dart: gear command palette opens settings and terminal search
00:22 +550: /Users/robinfai/flutter_projects/ianvs-terminal/example/test/shell/terminal_modes_test.dart: reset platform preference affects only new sessions TargetPlatform.macOS
00:22 +551: /Users/robinfai/flutter_projects/ianvs-terminal/example/test/shell/terminal_modes_test.dart: reset platform preference affects only new sessions TargetPlatform.macOS
00:22 +552: /Users/robinfai/flutter_projects/ianvs-terminal/example/test/shell/terminal_modes_test.dart: reset platform preference affects only new sessions TargetPlatform.macOS
00:22 +553: /Users/robinfai/flutter_projects/ianvs-terminal/example/test/shell/terminal_modes_test.dart: reset platform preference affects only new sessions TargetPlatform.macOS
00:22 +554: /Users/robinfai/flutter_projects/ianvs-terminal/example/test/shell/terminal_modes_test.dart: reset platform preference affects only new sessions TargetPlatform.macOS
00:22 +555: /Users/robinfai/flutter_projects/ianvs-terminal/example/test/shell/terminal_modes_test.dart: reset platform preference affects only new sessions TargetPlatform.macOS
00:22 +556: /Users/robinfai/flutter_projects/ianvs-terminal/example/test/shell/terminal_modes_test.dart: reset platform preference affects only new sessions TargetPlatform.macOS
00:22 +557: /Users/robinfai/flutter_projects/ianvs-terminal/example/test/shell/terminal_modes_test.dart: reset platform preference affects only new sessions TargetPlatform.macOS
00:23 +558: /Users/robinfai/flutter_projects/ianvs-terminal/example/test/shell/terminal_modes_test.dart: reset platform preference affects only new sessions TargetPlatform.macOS
00:23 +559: /Users/robinfai/flutter_projects/ianvs-terminal/example/test/shell/terminal_modes_test.dart: reset platform preference affects only new sessions TargetPlatform.macOS
00:23 +560: /Users/robinfai/flutter_projects/ianvs-terminal/example/test/shell/terminal_modes_test.dart: reset platform preference affects only new sessions TargetPlatform.macOS
00:23 +561: /Users/robinfai/flutter_projects/ianvs-terminal/example/test/shell/terminal_modes_test.dart: reset platform preference affects only new sessions TargetPlatform.macOS
00:23 +562: /Users/robinfai/flutter_projects/ianvs-terminal/example/test/shell/terminal_modes_test.dart: reset platform preference affects only new sessions TargetPlatform.macOS
00:23 +563: /Users/robinfai/flutter_projects/ianvs-terminal/example/test/shell/terminal_modes_test.dart: reset platform preference affects only new sessions TargetPlatform.macOS
00:23 +564: /Users/robinfai/flutter_projects/ianvs-terminal/example/test/shell/terminal_modes_test.dart: reset platform preference affects only new sessions TargetPlatform.macOS
00:23 +565: /Users/robinfai/flutter_projects/ianvs-terminal/example/test/shell/terminal_modes_test.dart: reset platform preference affects only new sessions TargetPlatform.macOS
00:23 +566: /Users/robinfai/flutter_projects/ianvs-terminal/example/test/shell/terminal_modes_test.dart: reset platform preference affects only new sessions TargetPlatform.macOS
00:23 +567: /Users/robinfai/flutter_projects/ianvs-terminal/example/test/shell/terminal_modes_test.dart: reset platform preference affects only new sessions TargetPlatform.macOS
00:23 +568: /Users/robinfai/flutter_projects/ianvs-terminal/example/test/shell/terminal_modes_test.dart: reset platform preference affects only new sessions TargetPlatform.macOS
00:23 +569: /Users/robinfai/flutter_projects/ianvs-terminal/example/test/shell/terminal_modes_test.dart: reset platform preference affects only new sessions TargetPlatform.macOS
00:23 +570: /Users/robinfai/flutter_projects/ianvs-terminal/example/test/shell/terminal_modes_test.dart: reset platform preference affects only new sessions TargetPlatform.macOS
00:23 +571: /Users/robinfai/flutter_projects/ianvs-terminal/example/test/shell/terminal_modes_test.dart: reset platform preference affects only new sessions TargetPlatform.macOS
00:24 +572: /Users/robinfai/flutter_projects/ianvs-terminal/example/test/shell/terminal_modes_test.dart: reset platform preference affects only new sessions TargetPlatform.macOS
00:24 +573: /Users/robinfai/flutter_projects/ianvs-terminal/example/test/shell/terminal_modes_test.dart: reset platform preference affects only new sessions TargetPlatform.macOS
00:24 +574: /Users/robinfai/flutter_projects/ianvs-terminal/example/test/shell/terminal_modes_test.dart: reset platform preference affects only new sessions TargetPlatform.macOS
00:24 +575: /Users/robinfai/flutter_projects/ianvs-terminal/example/test/shell/terminal_modes_test.dart: reset platform preference affects only new sessions TargetPlatform.macOS
00:24 +576: /Users/robinfai/flutter_projects/ianvs-terminal/example/test/shell/terminal_modes_test.dart: reset platform preference affects only new sessions TargetPlatform.macOS
00:24 +577: /Users/robinfai/flutter_projects/ianvs-terminal/example/test/shell/terminal_modes_test.dart: reset platform preference affects only new sessions TargetPlatform.macOS
00:24 +578: /Users/robinfai/flutter_projects/ianvs-terminal/example/test/shell/terminal_modes_test.dart: reset platform preference affects only new sessions TargetPlatform.macOS
00:24 +579: /Users/robinfai/flutter_projects/ianvs-terminal/example/test/shell/terminal_modes_test.dart: reset platform preference affects only new sessions TargetPlatform.macOS
00:24 +580: /Users/robinfai/flutter_projects/ianvs-terminal/example/test/shell/terminal_modes_test.dart: reset platform preference affects only new sessions TargetPlatform.macOS
00:24 +581: /Users/robinfai/flutter_projects/ianvs-terminal/example/test/shell/terminal_modes_test.dart: reset platform preference affects only new sessions TargetPlatform.macOS
00:24 +582: /Users/robinfai/flutter_projects/ianvs-terminal/example/test/shell/shell_recording_library_test.dart: saved recording survives app rebuild and supports search and copy
00:24 +583: /Users/robinfai/flutter_projects/ianvs-terminal/example/test/shell/shell_recording_library_test.dart: saved recording survives app rebuild and supports search and copy
00:24 +584: /Users/robinfai/flutter_projects/ianvs-terminal/example/test/shell/shell_recording_library_test.dart: saved recording survives app rebuild and supports search and copy
00:24 +585: /Users/robinfai/flutter_projects/ianvs-terminal/example/test/shell/shell_recording_library_test.dart: saved recording survives app rebuild and supports search and copy
00:25 +586: /Users/robinfai/flutter_projects/ianvs-terminal/example/test/shell/shell_recording_library_test.dart: saved recording survives app rebuild and supports search and copy
00:25 +587: /Users/robinfai/flutter_projects/ianvs-terminal/example/test/shell/shell_recording_library_test.dart: saved recording survives app rebuild and supports search and copy
00:25 +588: /Users/robinfai/flutter_projects/ianvs-terminal/example/test/shell/shell_recording_library_test.dart: saved recording survives app rebuild and supports search and copy
00:25 +589: /Users/robinfai/flutter_projects/ianvs-terminal/example/test/shell/shell_recording_library_test.dart: saved recording survives app rebuild and supports search and copy
00:25 +590: /Users/robinfai/flutter_projects/ianvs-terminal/example/test/shell/shell_recording_library_test.dart: saved recording survives app rebuild and supports search and copy
00:25 +591: /Users/robinfai/flutter_projects/ianvs-terminal/example/test/shell/shell_recording_library_test.dart: saved recording survives app rebuild and supports search and copy
00:25 +592: /Users/robinfai/flutter_projects/ianvs-terminal/example/test/shell/shell_recording_library_test.dart: saved recording survives app rebuild and supports search and copy
00:25 +593: /Users/robinfai/flutter_projects/ianvs-terminal/example/test/shell/shell_recording_library_test.dart: saved recording survives app rebuild and supports search and copy
00:25 +594: /Users/robinfai/flutter_projects/ianvs-terminal/example/test/shell/shell_recording_library_test.dart: saved recording survives app rebuild and supports search and copy
00:25 +595: /Users/robinfai/flutter_projects/ianvs-terminal/example/test/shell/shell_recording_library_test.dart: saved recording survives app rebuild and supports search and copy
00:25 +596: /Users/robinfai/flutter_projects/ianvs-terminal/example/test/shell/shell_recording_library_test.dart: saved recording survives app rebuild and supports search and copy
00:25 +597: /Users/robinfai/flutter_projects/ianvs-terminal/example/test/shell/shell_recording_library_test.dart: saved recording survives app rebuild and supports search and copy
00:25 +598: /Users/robinfai/flutter_projects/ianvs-terminal/example/test/shell/shell_recording_library_test.dart: saved recording survives app rebuild and supports search and copy
00:25 +599: /Users/robinfai/flutter_projects/ianvs-terminal/example/test/shell/shell_recording_library_test.dart: saved recording survives app rebuild and supports search and copy
00:25 +600: /Users/robinfai/flutter_projects/ianvs-terminal/example/test/shell/shell_recording_library_test.dart: saved recording survives app rebuild and supports search and copy
00:25 +601: /Users/robinfai/flutter_projects/ianvs-terminal/example/test/shell/shell_recording_library_test.dart: saved recording survives app rebuild and supports search and copy
00:25 +602: /Users/robinfai/flutter_projects/ianvs-terminal/example/test/shell/shell_recording_library_test.dart: saved recording survives app rebuild and supports search and copy
00:25 +603: /Users/robinfai/flutter_projects/ianvs-terminal/example/test/shell/shell_recording_library_test.dart: saved recording survives app rebuild and supports search and copy
00:25 +604: /Users/robinfai/flutter_projects/ianvs-terminal/example/test/shell/shell_recording_library_test.dart: saved recording survives app rebuild and supports search and copy
00:25 +605: /Users/robinfai/flutter_projects/ianvs-terminal/example/test/shell/shell_recording_library_test.dart: saved recording survives app rebuild and supports search and copy
00:25 +606: /Users/robinfai/flutter_projects/ianvs-terminal/example/test/shell/shell_recording_library_test.dart: saved recording survives app rebuild and supports search and copy
00:25 +607: /Users/robinfai/flutter_projects/ianvs-terminal/example/test/shell/shell_recording_library_test.dart: saved recording survives app rebuild and supports search and copy
00:25 +608: /Users/robinfai/flutter_projects/ianvs-terminal/example/test/shell/shell_recording_library_test.dart: saved recording survives app rebuild and supports search and copy
00:25 +609: /Users/robinfai/flutter_projects/ianvs-terminal/example/test/shell/shell_recording_library_test.dart: saved recording survives app rebuild and supports search and copy
00:25 +610: /Users/robinfai/flutter_projects/ianvs-terminal/example/test/shell/shell_recording_library_test.dart: saved recording survives app rebuild and supports search and copy
00:26 +611: /Users/robinfai/flutter_projects/ianvs-terminal/example/test/shell/shell_recording_library_test.dart: saved recording survives app rebuild and supports search and copy
00:26 +612: /Users/robinfai/flutter_projects/ianvs-terminal/example/test/shell/shell_recording_library_test.dart: saved recording survives app rebuild and supports search and copy
00:26 +613: /Users/robinfai/flutter_projects/ianvs-terminal/example/test/shell/shell_recording_library_test.dart: saved recording survives app rebuild and supports search and copy
00:26 +614: /Users/robinfai/flutter_projects/ianvs-terminal/example/test/shell/shell_recording_library_test.dart: saved recording survives app rebuild and supports search and copy
00:26 +615: /Users/robinfai/flutter_projects/ianvs-terminal/example/test/shell/shell_recording_library_test.dart: saved recording survives app rebuild and supports search and copy
00:26 +616: /Users/robinfai/flutter_projects/ianvs-terminal/example/test/shell/shell_recording_library_test.dart: saved recording survives app rebuild and supports search and copy
00:26 +617: /Users/robinfai/flutter_projects/ianvs-terminal/example/test/shell/shell_recording_library_test.dart: saved recording survives app rebuild and supports search and copy
00:26 +618: /Users/robinfai/flutter_projects/ianvs-terminal/example/test/shell/shell_recording_library_test.dart: saved recording survives app rebuild and supports search and copy
00:26 +619: /Users/robinfai/flutter_projects/ianvs-terminal/example/test/shell/shell_recording_library_test.dart: saved recording survives app rebuild and supports search and copy
00:26 +620: /Users/robinfai/flutter_projects/ianvs-terminal/example/test/shell/shell_recording_library_test.dart: saved recording survives app rebuild and supports search and copy
00:26 +621: /Users/robinfai/flutter_projects/ianvs-terminal/example/test/shell/shell_recording_library_test.dart: saved recording survives app rebuild and supports search and copy
00:26 +622: /Users/robinfai/flutter_projects/ianvs-terminal/example/test/shell/shell_recording_library_test.dart: saved recording survives app rebuild and supports search and copy
00:26 +623: /Users/robinfai/flutter_projects/ianvs-terminal/example/test/shell/terminal_modes_test.dart: desktop tab recheck preserves Normal, draft and the same session
00:26 +624: /Users/robinfai/flutter_projects/ianvs-terminal/example/test/shell/terminal_modes_test.dart: desktop tab recheck preserves Normal, draft and the same session
00:26 +625: /Users/robinfai/flutter_projects/ianvs-terminal/example/test/shell/terminal_modes_test.dart: desktop tab recheck preserves Normal, draft and the same session
00:26 +626: /Users/robinfai/flutter_projects/ianvs-terminal/example/test/shell/terminal_modes_test.dart: desktop tab recheck preserves Normal, draft and the same session
00:26 +627: /Users/robinfai/flutter_projects/ianvs-terminal/example/test/shell/terminal_modes_test.dart: desktop tab recheck preserves Normal, draft and the same session
00:26 +628: /Users/robinfai/flutter_projects/ianvs-terminal/example/test/shell/terminal_modes_test.dart: desktop tab recheck preserves Normal, draft and the same session
00:26 +629: /Users/robinfai/flutter_projects/ianvs-terminal/example/test/shell/shell_recording_library_test.dart: closing the panel cancels a pending picked recording
00:26 +630: /Users/robinfai/flutter_projects/ianvs-terminal/example/test/shell/shell_recording_library_test.dart: closing the panel cancels a pending picked recording
00:26 +631: /Users/robinfai/flutter_projects/ianvs-terminal/example/test/shell/shell_recording_library_test.dart: closing the panel cancels a pending picked recording
00:26 +632: /Users/robinfai/flutter_projects/ianvs-terminal/example/test/shell/shell_recording_library_test.dart: closing the panel cancels a pending picked recording
00:26 +633: /Users/robinfai/flutter_projects/ianvs-terminal/example/test/shell/shell_recording_library_test.dart: closing the panel cancels a pending picked recording
00:26 +634: /Users/robinfai/flutter_projects/ianvs-terminal/example/test/shell/shell_recording_library_test.dart: closing the panel cancels a pending picked recording
00:26 +635: /Users/robinfai/flutter_projects/ianvs-terminal/example/test/shell/shell_recording_library_test.dart: closing the panel cancels a pending picked recording
00:26 +636: /Users/robinfai/flutter_projects/ianvs-terminal/example/test/shell/shell_recording_library_test.dart: closing the panel cancels a pending picked recording
00:27 +637: /Users/robinfai/flutter_projects/ianvs-terminal/example/test/shell/shell_recording_library_test.dart: closing the panel cancels a pending picked recording
00:27 +638: /Users/robinfai/flutter_projects/ianvs-terminal/example/test/shell/shell_recording_library_test.dart: closing the panel cancels a pending picked recording
00:27 +639: /Users/robinfai/flutter_projects/ianvs-terminal/example/test/shell/shell_recording_library_test.dart: closing the panel cancels a pending picked recording
00:27 +640: /Users/robinfai/flutter_projects/ianvs-terminal/example/test/shell/shell_recording_library_test.dart: closing the panel cancels a pending picked recording
00:27 +641: /Users/robinfai/flutter_projects/ianvs-terminal/example/test/shell/shell_recording_library_test.dart: closing the panel cancels a pending picked recording
00:27 +642: /Users/robinfai/flutter_projects/ianvs-terminal/example/test/shell/terminal_modes_test.dart: output checks refresh ownership before falling back
00:27 +643: /Users/robinfai/flutter_projects/ianvs-terminal/example/test/shell/terminal_modes_test.dart: output checks refresh ownership before falling back
00:27 +644: /Users/robinfai/flutter_projects/ianvs-terminal/example/test/shell/defaults_appearance_redesign_test.dart: change status clears when a selection is reverted
00:27 +645: /Users/robinfai/flutter_projects/ianvs-terminal/example/test/shell/defaults_appearance_redesign_test.dart: change status clears when a selection is reverted
00:27 +646: /Users/robinfai/flutter_projects/ianvs-terminal/example/test/shell/defaults_appearance_redesign_test.dart: change status clears when a selection is reverted
00:27 +647: /Users/robinfai/flutter_projects/ianvs-terminal/example/test/shell/shell_recording_library_test.dart: reselecting the same path rebuilds replay with new content
00:27 +648: /Users/robinfai/flutter_projects/ianvs-terminal/example/test/shell/shell_recording_library_test.dart: reselecting the same path rebuilds replay with new content
00:27 +649: /Users/robinfai/flutter_projects/ianvs-terminal/example/test/shell/shell_recording_library_test.dart: reselecting the same path rebuilds replay with new content
00:27 +650: /Users/robinfai/flutter_projects/ianvs-terminal/example/test/shell/shell_recording_library_test.dart: reselecting the same path rebuilds replay with new content
00:27 +651: /Users/robinfai/flutter_projects/ianvs-terminal/example/test/shell/shell_recording_library_test.dart: reselecting the same path rebuilds replay with new content
00:27 +652: /Users/robinfai/flutter_projects/ianvs-terminal/example/test/shell/shell_recording_library_test.dart: reselecting the same path rebuilds replay with new content
00:27 +653: /Users/robinfai/flutter_projects/ianvs-terminal/example/test/shell/shell_recording_library_test.dart: reselecting the same path rebuilds replay with new content
00:28 +654: /Users/robinfai/flutter_projects/ianvs-terminal/example/test/shell/shell_recording_library_test.dart: reselecting the same path rebuilds replay with new content
00:28 +655: /Users/robinfai/flutter_projects/ianvs-terminal/example/test/shell/shell_recording_library_test.dart: reselecting the same path rebuilds replay with new content
00:28 +656: /Users/robinfai/flutter_projects/ianvs-terminal/example/test/shell/terminal_modes_test.dart: new session preference and manual choices survive pane moves
00:28 +657: /Users/robinfai/flutter_projects/ianvs-terminal/example/test/shell/terminal_modes_test.dart: new session preference and manual choices survive pane moves
00:28 +658: /Users/robinfai/flutter_projects/ianvs-terminal/example/test/shell/terminal_modes_test.dart: new session preference and manual choices survive pane moves
00:28 +659: /Users/robinfai/flutter_projects/ianvs-terminal/example/test/shell/terminal_modes_test.dart: new session preference and manual choices survive pane moves
00:28 +660: /Users/robinfai/flutter_projects/ianvs-terminal/example/test/shell/shell_recording_library_test.dart: Escape from the panel restores replay search focus
00:28 +661: /Users/robinfai/flutter_projects/ianvs-terminal/example/test/shell/shell_recording_library_test.dart: Escape from the panel restores replay search focus
00:28 +662: /Users/robinfai/flutter_projects/ianvs-terminal/example/test/shell/shell_recording_library_test.dart: Escape from the panel restores replay search focus
00:28 +663: /Users/robinfai/flutter_projects/ianvs-terminal/example/test/shell/shell_recording_library_test.dart: Escape from the panel restores replay search focus
00:28 +664: /Users/robinfai/flutter_projects/ianvs-terminal/example/test/shell/shell_recording_library_test.dart: Escape from the panel restores replay search focus
00:29 +665: /Users/robinfai/flutter_projects/ianvs-terminal/example/test/shell/shell_recording_library_test.dart: Escape from the panel restores replay search focus
00:29 +666: /Users/robinfai/flutter_projects/ianvs-terminal/example/test/shell/shell_recording_library_test.dart: Escape from the panel restores replay search focus
00:29 +667: /Users/robinfai/flutter_projects/ianvs-terminal/example/test/shell/shell_screen_phase4_test.dart: split tab semantics describe pane signals and new output
00:29 +668: /Users/robinfai/flutter_projects/ianvs-terminal/example/test/shell/defaults_appearance_redesign_test.dart: iPhone settings sections remain reachable at Size(402.0, 874.0) and 1.0x
00:29 +669: /Users/robinfai/flutter_projects/ianvs-terminal/example/test/shell/defaults_appearance_redesign_test.dart: iPhone settings sections remain reachable at Size(402.0, 874.0) and 1.0x
00:29 +670: /Users/robinfai/flutter_projects/ianvs-terminal/example/test/shell/shell_recording_library_test.dart: compact recording replay remains accessible after closing its shelf
00:29 +671: /Users/robinfai/flutter_projects/ianvs-terminal/example/test/shell/shell_recording_library_test.dart: compact recording replay remains accessible after closing its shelf
00:29 +672: /Users/robinfai/flutter_projects/ianvs-terminal/example/test/shell/shell_recording_library_test.dart: compact recording replay remains accessible after closing its shelf
00:29 +673: /Users/robinfai/flutter_projects/ianvs-terminal/example/test/shell/shell_recording_library_test.dart: compact recording replay remains accessible after closing its shelf
00:29 +674: /Users/robinfai/flutter_projects/ianvs-terminal/example/test/shell/shell_recording_library_test.dart: compact recording replay remains accessible after closing its shelf
00:29 +675: /Users/robinfai/flutter_projects/ianvs-terminal/example/test/shell/shell_recording_library_test.dart: compact recording replay remains accessible after closing its shelf
00:29 +676: /Users/robinfai/flutter_projects/ianvs-terminal/example/test/shell/shell_recording_library_test.dart: compact recording replay remains accessible after closing its shelf
00:29 +677: /Users/robinfai/flutter_projects/ianvs-terminal/example/test/shell/shell_recording_library_test.dart: compact recording replay remains accessible after closing its shelf
00:29 +678: /Users/robinfai/flutter_projects/ianvs-terminal/example/test/shell/shell_recording_library_test.dart: compact recording replay remains accessible after closing its shelf
00:29 +679: /Users/robinfai/flutter_projects/ianvs-terminal/example/test/shell/shell_recording_library_test.dart: compact recording replay remains accessible after closing its shelf
00:29 +680: /Users/robinfai/flutter_projects/ianvs-terminal/example/test/shell/shell_recording_library_test.dart: compact recording replay remains accessible after closing its shelf
00:29 +681: /Users/robinfai/flutter_projects/ianvs-terminal/example/test/shell/shell_recording_library_test.dart: compact recording replay remains accessible after closing its shelf
00:29 +682: /Users/robinfai/flutter_projects/ianvs-terminal/example/test/shell/shell_recording_library_test.dart: compact recording replay remains accessible after closing its shelf
00:29 +683: /Users/robinfai/flutter_projects/ianvs-terminal/example/test/shell/shell_recording_library_test.dart: compact recording replay remains accessible after closing its shelf
00:29 +684: /Users/robinfai/flutter_projects/ianvs-terminal/example/test/shell/shell_recording_library_test.dart: compact recording replay remains accessible after closing its shelf
00:29 +685: /Users/robinfai/flutter_projects/ianvs-terminal/example/test/shell/shell_recording_library_test.dart: compact recording replay remains accessible after closing its shelf
00:29 +686: /Users/robinfai/flutter_projects/ianvs-terminal/example/test/shell/shell_recording_library_test.dart: compact recording replay remains accessible after closing its shelf
00:29 +687: /Users/robinfai/flutter_projects/ianvs-terminal/example/test/shell/shell_recording_library_test.dart: compact recording replay remains accessible after closing its shelf
00:29 +688: /Users/robinfai/flutter_projects/ianvs-terminal/example/test/shell/shell_recording_library_test.dart: compact recording replay remains accessible after closing its shelf
00:29 +689: /Users/robinfai/flutter_projects/ianvs-terminal/example/test/shell/shell_recording_library_test.dart: compact recording replay remains accessible after closing its shelf
00:29 +690: /Users/robinfai/flutter_projects/ianvs-terminal/example/test/shell/shell_recording_library_test.dart: compact recording replay remains accessible after closing its shelf
00:29 +691: /Users/robinfai/flutter_projects/ianvs-terminal/example/test/shell/shell_recording_library_test.dart: compact recording replay remains accessible after closing its shelf
00:29 +692: /Users/robinfai/flutter_projects/ianvs-terminal/example/test/shell/shell_recording_library_test.dart: compact recording replay remains accessible after closing its shelf
00:29 +693: /Users/robinfai/flutter_projects/ianvs-terminal/example/test/shell/shell_recording_library_test.dart: compact recording replay remains accessible after closing its shelf
00:29 +694: /Users/robinfai/flutter_projects/ianvs-terminal/example/test/shell/shell_recording_library_test.dart: compact recording replay remains accessible after closing its shelf
00:29 +695: /Users/robinfai/flutter_projects/ianvs-terminal/example/test/shell/shell_recording_library_test.dart: compact recording replay remains accessible after closing its shelf
00:29 +696: /Users/robinfai/flutter_projects/ianvs-terminal/example/test/shell/shell_recording_library_test.dart: compact recording replay remains accessible after closing its shelf
00:29 +697: /Users/robinfai/flutter_projects/ianvs-terminal/example/test/shell/shell_recording_library_test.dart: compact recording replay remains accessible after closing its shelf
00:29 +698: /Users/robinfai/flutter_projects/ianvs-terminal/example/test/shell/shell_recording_library_test.dart: compact recording replay remains accessible after closing its shelf
00:29 +699: /Users/robinfai/flutter_projects/ianvs-terminal/example/test/shell/shell_recording_library_test.dart: compact recording replay remains accessible after closing its shelf
00:29 +700: /Users/robinfai/flutter_projects/ianvs-terminal/example/test/shell/shell_recording_library_test.dart: compact recording replay remains accessible after closing its shelf
00:29 +701: /Users/robinfai/flutter_projects/ianvs-terminal/example/test/shell/shell_recording_library_test.dart: compact recording replay remains accessible after closing its shelf
00:29 +702: /Users/robinfai/flutter_projects/ianvs-terminal/example/test/shell/shell_recording_library_test.dart: compact recording replay remains accessible after closing its shelf
00:29 +703: /Users/robinfai/flutter_projects/ianvs-terminal/example/test/shell/shell_recording_library_test.dart: compact recording replay remains accessible after closing its shelf
00:29 +704: /Users/robinfai/flutter_projects/ianvs-terminal/example/test/shell/shell_recording_library_test.dart: compact recording replay remains accessible after closing its shelf
00:29 +705: /Users/robinfai/flutter_projects/ianvs-terminal/example/test/shell/shell_recording_library_test.dart: compact recording replay remains accessible after closing its shelf
00:29 +706: /Users/robinfai/flutter_projects/ianvs-terminal/example/test/shell/shell_recording_library_test.dart: compact recording replay remains accessible after closing its shelf
00:29 +707: /Users/robinfai/flutter_projects/ianvs-terminal/example/test/shell/shell_recording_library_test.dart: compact recording replay remains accessible after closing its shelf
00:29 +708: /Users/robinfai/flutter_projects/ianvs-terminal/example/test/shell/shell_recording_library_test.dart: compact recording replay remains accessible after closing its shelf
00:29 +709: /Users/robinfai/flutter_projects/ianvs-terminal/example/test/shell/shell_recording_library_test.dart: compact recording replay remains accessible after closing its shelf
00:29 +710: /Users/robinfai/flutter_projects/ianvs-terminal/example/test/shell/shell_recording_library_test.dart: compact recording replay remains accessible after closing its shelf
00:29 +711: /Users/robinfai/flutter_projects/ianvs-terminal/example/test/shell/shell_recording_library_test.dart: compact recording replay remains accessible after closing its shelf
00:29 +712: /Users/robinfai/flutter_projects/ianvs-terminal/example/test/shell/shell_recording_library_test.dart: compact recording replay remains accessible after closing its shelf
00:29 +713: /Users/robinfai/flutter_projects/ianvs-terminal/example/test/shell/shell_recording_library_test.dart: compact recording replay remains accessible after closing its shelf
00:29 +714: /Users/robinfai/flutter_projects/ianvs-terminal/example/test/shell/shell_recording_library_test.dart: compact recording replay remains accessible after closing its shelf
00:29 +715: /Users/robinfai/flutter_projects/ianvs-terminal/example/test/shell/shell_recording_library_test.dart: compact recording replay remains accessible after closing its shelf
00:29 +716: /Users/robinfai/flutter_projects/ianvs-terminal/example/test/shell/shell_recording_library_test.dart: compact recording replay remains accessible after closing its shelf
00:29 +717: /Users/robinfai/flutter_projects/ianvs-terminal/example/test/shell/shell_recording_library_test.dart: compact recording replay remains accessible after closing its shelf
00:29 +718: /Users/robinfai/flutter_projects/ianvs-terminal/example/test/shell/shell_recording_library_test.dart: compact recording replay remains accessible after closing its shelf
00:29 +719: /Users/robinfai/flutter_projects/ianvs-terminal/example/test/shell/shell_recording_library_test.dart: compact recording replay remains accessible after closing its shelf
00:29 +720: /Users/robinfai/flutter_projects/ianvs-terminal/example/test/shell/shell_recording_library_test.dart: compact recording replay remains accessible after closing its shelf
00:29 +721: /Users/robinfai/flutter_projects/ianvs-terminal/example/test/shell/shell_recording_library_test.dart: compact recording replay remains accessible after closing its shelf
00:29 +722: /Users/robinfai/flutter_projects/ianvs-terminal/example/test/shell/shell_recording_library_test.dart: compact recording replay remains accessible after closing its shelf
00:29 +723: /Users/robinfai/flutter_projects/ianvs-terminal/example/test/shell/shell_recording_library_test.dart: compact recording replay remains accessible after closing its shelf
00:29 +724: /Users/robinfai/flutter_projects/ianvs-terminal/example/test/shell/shell_recording_library_test.dart: compact recording replay remains accessible after closing its shelf
00:29 +725: /Users/robinfai/flutter_projects/ianvs-terminal/example/test/shell/shell_recording_library_test.dart: compact recording replay remains accessible after closing its shelf
00:29 +726: /Users/robinfai/flutter_projects/ianvs-terminal/example/test/shell/shell_recording_library_test.dart: compact recording replay remains accessible after closing its shelf
00:29 +727: /Users/robinfai/flutter_projects/ianvs-terminal/example/test/shell/shell_recording_library_test.dart: compact recording replay remains accessible after closing its shelf
00:29 +728: /Users/robinfai/flutter_projects/ianvs-terminal/example/test/shell/shell_recording_library_test.dart: compact recording replay remains accessible after closing its shelf
00:29 +729: /Users/robinfai/flutter_projects/ianvs-terminal/example/test/shell/shell_recording_library_test.dart: compact recording replay remains accessible after closing its shelf
00:29 +730: /Users/robinfai/flutter_projects/ianvs-terminal/example/test/shell/shell_recording_library_test.dart: compact recording replay remains accessible after closing its shelf
00:30 +731: /Users/robinfai/flutter_projects/ianvs-terminal/example/test/shell/shell_recording_library_test.dart: compact recording replay remains accessible after closing its shelf
00:30 +732: /Users/robinfai/flutter_projects/ianvs-terminal/example/test/shell/shell_recording_library_test.dart: compact recording replay remains accessible after closing its shelf
00:30 +733: /Users/robinfai/flutter_projects/ianvs-terminal/example/test/shell/shell_recording_library_test.dart: compact recording replay remains accessible after closing its shelf
00:30 +734: /Users/robinfai/flutter_projects/ianvs-terminal/example/test/shell/shell_recording_library_test.dart: compact recording replay remains accessible after closing its shelf
00:30 +735: /Users/robinfai/flutter_projects/ianvs-terminal/example/test/shell/shell_recording_library_test.dart: compact recording replay remains accessible after closing its shelf
00:30 +736: /Users/robinfai/flutter_projects/ianvs-terminal/example/test/shell/shell_recording_library_test.dart: compact recording replay remains accessible after closing its shelf
00:30 +737: /Users/robinfai/flutter_projects/ianvs-terminal/example/test/shell/shell_recording_library_test.dart: compact recording replay remains accessible after closing its shelf
00:30 +738: /Users/robinfai/flutter_projects/ianvs-terminal/example/test/shell/shell_recording_library_test.dart: compact recording replay remains accessible after closing its shelf
00:30 +739: /Users/robinfai/flutter_projects/ianvs-terminal/example/test/shell/shell_recording_library_test.dart: compact recording replay remains accessible after closing its shelf
00:30 +740: /Users/robinfai/flutter_projects/ianvs-terminal/example/test/shell/shell_recording_library_test.dart: compact recording replay remains accessible after closing its shelf
00:30 +741: /Users/robinfai/flutter_projects/ianvs-terminal/example/test/sessions/terminal_event_subscription_architecture_test.dart: all production features have one resolved runtime subscription
00:30 +742: /Users/robinfai/flutter_projects/ianvs-terminal/example/test/sessions/terminal_event_subscription_architecture_test.dart: all production features have one resolved runtime subscription
00:30 +743: /Users/robinfai/flutter_projects/ianvs-terminal/example/test/sessions/terminal_event_subscription_architecture_test.dart: all production features have one resolved runtime subscription
00:30 +744: /Users/robinfai/flutter_projects/ianvs-terminal/example/test/sessions/terminal_event_subscription_architecture_test.dart: all production features have one resolved runtime subscription
00:30 +745: /Users/robinfai/flutter_projects/ianvs-terminal/example/test/sessions/terminal_event_subscription_architecture_test.dart: all production features have one resolved runtime subscription
00:30 +746: /Users/robinfai/flutter_projects/ianvs-terminal/example/test/sessions/terminal_event_subscription_architecture_test.dart: all production features have one resolved runtime subscription
00:30 +747: /Users/robinfai/flutter_projects/ianvs-terminal/example/test/sessions/terminal_event_subscription_architecture_test.dart: all production features have one resolved runtime subscription
00:30 +748: /Users/robinfai/flutter_projects/ianvs-terminal/example/test/sessions/terminal_event_subscription_architecture_test.dart: all production features have one resolved runtime subscription
00:30 +749: /Users/robinfai/flutter_projects/ianvs-terminal/example/test/sessions/terminal_event_subscription_architecture_test.dart: all production features have one resolved runtime subscription
00:30 +750: /Users/robinfai/flutter_projects/ianvs-terminal/example/test/sessions/terminal_event_subscription_architecture_test.dart: all production features have one resolved runtime subscription
00:30 +751: /Users/robinfai/flutter_projects/ianvs-terminal/example/test/sessions/terminal_event_subscription_architecture_test.dart: all production features have one resolved runtime subscription
00:30 +752: /Users/robinfai/flutter_projects/ianvs-terminal/example/test/sessions/terminal_event_subscription_architecture_test.dart: all production features have one resolved runtime subscription
00:30 +753: /Users/robinfai/flutter_projects/ianvs-terminal/example/test/sessions/terminal_event_subscription_architecture_test.dart: all production features have one resolved runtime subscription
00:30 +754: /Users/robinfai/flutter_projects/ianvs-terminal/example/test/sessions/terminal_event_subscription_architecture_test.dart: all production features have one resolved runtime subscription
00:30 +755: /Users/robinfai/flutter_projects/ianvs-terminal/example/test/sessions/terminal_event_subscription_architecture_test.dart: all production features have one resolved runtime subscription
00:30 +756: /Users/robinfai/flutter_projects/ianvs-terminal/example/test/sessions/terminal_event_subscription_architecture_test.dart: all production features have one resolved runtime subscription
00:30 +757: /Users/robinfai/flutter_projects/ianvs-terminal/example/test/sessions/terminal_event_subscription_architecture_test.dart: all production features have one resolved runtime subscription
00:30 +758: /Users/robinfai/flutter_projects/ianvs-terminal/example/test/sessions/terminal_event_subscription_architecture_test.dart: all production features have one resolved runtime subscription
00:30 +759: /Users/robinfai/flutter_projects/ianvs-terminal/example/test/sessions/terminal_event_subscription_architecture_test.dart: all production features have one resolved runtime subscription
00:30 +760: /Users/robinfai/flutter_projects/ianvs-terminal/example/test/sessions/terminal_event_subscription_architecture_test.dart: all production features have one resolved runtime subscription
00:30 +761: /Users/robinfai/flutter_projects/ianvs-terminal/example/test/sessions/terminal_event_subscription_architecture_test.dart: all production features have one resolved runtime subscription
00:30 +762: /Users/robinfai/flutter_projects/ianvs-terminal/example/test/sessions/terminal_event_subscription_architecture_test.dart: all production features have one resolved runtime subscription
00:30 +763: /Users/robinfai/flutter_projects/ianvs-terminal/example/test/sessions/terminal_event_subscription_architecture_test.dart: all production features have one resolved runtime subscription
00:30 +764: /Users/robinfai/flutter_projects/ianvs-terminal/example/test/sessions/terminal_event_subscription_architecture_test.dart: all production features have one resolved runtime subscription
00:30 +765: /Users/robinfai/flutter_projects/ianvs-terminal/example/test/sessions/terminal_event_subscription_architecture_test.dart: all production features have one resolved runtime subscription
00:30 +766: /Users/robinfai/flutter_projects/ianvs-terminal/example/test/sessions/terminal_event_subscription_architecture_test.dart: all production features have one resolved runtime subscription
00:30 +767: /Users/robinfai/flutter_projects/ianvs-terminal/example/test/sessions/terminal_event_subscription_architecture_test.dart: all production features have one resolved runtime subscription
00:30 +768: /Users/robinfai/flutter_projects/ianvs-terminal/example/test/sessions/terminal_event_subscription_architecture_test.dart: all production features have one resolved runtime subscription
00:30 +769: /Users/robinfai/flutter_projects/ianvs-terminal/example/test/sessions/terminal_event_subscription_architecture_test.dart: all production features have one resolved runtime subscription
00:30 +770: /Users/robinfai/flutter_projects/ianvs-terminal/example/test/sessions/terminal_event_subscription_architecture_test.dart: all production features have one resolved runtime subscription
00:30 +771: /Users/robinfai/flutter_projects/ianvs-terminal/example/test/sessions/terminal_event_subscription_architecture_test.dart: all production features have one resolved runtime subscription
00:30 +772: /Users/robinfai/flutter_projects/ianvs-terminal/example/test/sessions/terminal_event_subscription_architecture_test.dart: all production features have one resolved runtime subscription
00:30 +773: /Users/robinfai/flutter_projects/ianvs-terminal/example/test/sessions/terminal_event_subscription_architecture_test.dart: all production features have one resolved runtime subscription
00:30 +774: /Users/robinfai/flutter_projects/ianvs-terminal/example/test/sessions/terminal_event_subscription_architecture_test.dart: all production features have one resolved runtime subscription
00:30 +775: /Users/robinfai/flutter_projects/ianvs-terminal/example/test/sessions/terminal_event_subscription_architecture_test.dart: all production features have one resolved runtime subscription
00:30 +776: /Users/robinfai/flutter_projects/ianvs-terminal/example/test/sessions/terminal_event_subscription_architecture_test.dart: all production features have one resolved runtime subscription
00:30 +777: /Users/robinfai/flutter_projects/ianvs-terminal/example/test/sessions/terminal_event_subscription_architecture_test.dart: all production features have one resolved runtime subscription
00:30 +778: /Users/robinfai/flutter_projects/ianvs-terminal/example/test/sessions/terminal_event_subscription_architecture_test.dart: all production features have one resolved runtime subscription
00:30 +779: /Users/robinfai/flutter_projects/ianvs-terminal/example/test/sessions/terminal_event_subscription_architecture_test.dart: all production features have one resolved runtime subscription
00:30 +780: /Users/robinfai/flutter_projects/ianvs-terminal/example/test/sessions/terminal_event_subscription_architecture_test.dart: all production features have one resolved runtime subscription
00:30 +781: /Users/robinfai/flutter_projects/ianvs-terminal/example/test/sessions/terminal_event_subscription_architecture_test.dart: all production features have one resolved runtime subscription
00:30 +782: /Users/robinfai/flutter_projects/ianvs-terminal/example/test/sessions/terminal_event_subscription_architecture_test.dart: all production features have one resolved runtime subscription
00:30 +783: /Users/robinfai/flutter_projects/ianvs-terminal/example/test/sessions/terminal_event_subscription_architecture_test.dart: all production features have one resolved runtime subscription
00:30 +784: /Users/robinfai/flutter_projects/ianvs-terminal/example/test/sessions/terminal_event_subscription_architecture_test.dart: all production features have one resolved runtime subscription
00:30 +785: /Users/robinfai/flutter_projects/ianvs-terminal/example/test/sessions/terminal_event_subscription_architecture_test.dart: all production features have one resolved runtime subscription
00:30 +786: /Users/robinfai/flutter_projects/ianvs-terminal/example/test/sessions/terminal_event_subscription_architecture_test.dart: all production features have one resolved runtime subscription
00:30 +787: /Users/robinfai/flutter_projects/ianvs-terminal/example/test/sessions/terminal_event_subscription_architecture_test.dart: all production features have one resolved runtime subscription
00:30 +788: /Users/robinfai/flutter_projects/ianvs-terminal/example/test/sessions/terminal_event_subscription_architecture_test.dart: all production features have one resolved runtime subscription
00:30 +789: /Users/robinfai/flutter_projects/ianvs-terminal/example/test/sessions/terminal_event_subscription_architecture_test.dart: all production features have one resolved runtime subscription
00:31 +790: /Users/robinfai/flutter_projects/ianvs-terminal/example/test/sessions/terminal_event_subscription_architecture_test.dart: all production features have one resolved runtime subscription
00:31 +791: /Users/robinfai/flutter_projects/ianvs-terminal/example/test/sessions/terminal_event_subscription_architecture_test.dart: all production features have one resolved runtime subscription
00:31 +792: /Users/robinfai/flutter_projects/ianvs-terminal/example/test/sessions/terminal_event_subscription_architecture_test.dart: all production features have one resolved runtime subscription
00:31 +793: /Users/robinfai/flutter_projects/ianvs-terminal/example/test/sessions/terminal_event_subscription_architecture_test.dart: all production features have one resolved runtime subscription
00:31 +794: /Users/robinfai/flutter_projects/ianvs-terminal/example/test/sessions/terminal_event_subscription_architecture_test.dart: all production features have one resolved runtime subscription
00:31 +795: /Users/robinfai/flutter_projects/ianvs-terminal/example/test/sessions/terminal_event_subscription_architecture_test.dart: all production features have one resolved runtime subscription
00:31 +796: /Users/robinfai/flutter_projects/ianvs-terminal/example/test/sessions/terminal_event_subscription_architecture_test.dart: all production features have one resolved runtime subscription
00:31 +797: /Users/robinfai/flutter_projects/ianvs-terminal/example/test/sessions/terminal_event_subscription_architecture_test.dart: all production features have one resolved runtime subscription
00:31 +798: /Users/robinfai/flutter_projects/ianvs-terminal/example/test/sessions/terminal_event_subscription_architecture_test.dart: all production features have one resolved runtime subscription
00:31 +799: /Users/robinfai/flutter_projects/ianvs-terminal/example/test/sessions/terminal_event_subscription_architecture_test.dart: all production features have one resolved runtime subscription
00:31 +800: /Users/robinfai/flutter_projects/ianvs-terminal/example/test/sessions/terminal_event_subscription_architecture_test.dart: all production features have one resolved runtime subscription
00:31 +801: /Users/robinfai/flutter_projects/ianvs-terminal/example/test/sessions/terminal_event_subscription_architecture_test.dart: all production features have one resolved runtime subscription
00:31 +802: /Users/robinfai/flutter_projects/ianvs-terminal/example/test/sessions/terminal_event_subscription_architecture_test.dart: all production features have one resolved runtime subscription
00:31 +803: /Users/robinfai/flutter_projects/ianvs-terminal/example/test/sessions/terminal_event_subscription_architecture_test.dart: all production features have one resolved runtime subscription
00:31 +804: /Users/robinfai/flutter_projects/ianvs-terminal/example/test/sessions/terminal_event_subscription_architecture_test.dart: all production features have one resolved runtime subscription
00:31 +805: /Users/robinfai/flutter_projects/ianvs-terminal/example/test/sessions/terminal_event_subscription_architecture_test.dart: all production features have one resolved runtime subscription
00:31 +806: /Users/robinfai/flutter_projects/ianvs-terminal/example/test/sessions/terminal_event_subscription_architecture_test.dart: all production features have one resolved runtime subscription
00:31 +807: /Users/robinfai/flutter_projects/ianvs-terminal/example/test/sessions/terminal_event_subscription_architecture_test.dart: all production features have one resolved runtime subscription
00:31 +808: /Users/robinfai/flutter_projects/ianvs-terminal/example/test/sessions/terminal_event_subscription_architecture_test.dart: all production features have one resolved runtime subscription
00:31 +809: /Users/robinfai/flutter_projects/ianvs-terminal/example/test/sessions/terminal_event_subscription_architecture_test.dart: all production features have one resolved runtime subscription
00:31 +810: /Users/robinfai/flutter_projects/ianvs-terminal/example/test/sessions/terminal_event_subscription_architecture_test.dart: all production features have one resolved runtime subscription
00:31 +811: /Users/robinfai/flutter_projects/ianvs-terminal/example/test/sessions/terminal_event_subscription_architecture_test.dart: all production features have one resolved runtime subscription
00:31 +812: /Users/robinfai/flutter_projects/ianvs-terminal/example/test/sessions/terminal_event_subscription_architecture_test.dart: all production features have one resolved runtime subscription
00:31 +813: /Users/robinfai/flutter_projects/ianvs-terminal/example/test/sessions/terminal_event_subscription_architecture_test.dart: all production features have one resolved runtime subscription
00:31 +814: /Users/robinfai/flutter_projects/ianvs-terminal/example/test/sessions/terminal_event_subscription_architecture_test.dart: all production features have one resolved runtime subscription
00:31 +815: /Users/robinfai/flutter_projects/ianvs-terminal/example/test/sessions/terminal_event_subscription_architecture_test.dart: all production features have one resolved runtime subscription
00:31 +816: /Users/robinfai/flutter_projects/ianvs-terminal/example/test/sessions/terminal_event_subscription_architecture_test.dart: all production features have one resolved runtime subscription
00:31 +817: /Users/robinfai/flutter_projects/ianvs-terminal/example/test/sessions/terminal_event_subscription_architecture_test.dart: all production features have one resolved runtime subscription
00:31 +818: /Users/robinfai/flutter_projects/ianvs-terminal/example/test/sessions/terminal_event_subscription_architecture_test.dart: all production features have one resolved runtime subscription
00:31 +819: /Users/robinfai/flutter_projects/ianvs-terminal/example/test/sessions/terminal_event_subscription_architecture_test.dart: all production features have one resolved runtime subscription
00:31 +820: /Users/robinfai/flutter_projects/ianvs-terminal/example/test/sessions/terminal_event_subscription_architecture_test.dart: all production features have one resolved runtime subscription
00:31 +821: /Users/robinfai/flutter_projects/ianvs-terminal/example/test/sessions/terminal_event_subscription_architecture_test.dart: all production features have one resolved runtime subscription
00:31 +822: /Users/robinfai/flutter_projects/ianvs-terminal/example/test/sessions/terminal_event_subscription_architecture_test.dart: all production features have one resolved runtime subscription
00:31 +823: /Users/robinfai/flutter_projects/ianvs-terminal/example/test/sessions/terminal_event_subscription_architecture_test.dart: all production features have one resolved runtime subscription
00:31 +824: /Users/robinfai/flutter_projects/ianvs-terminal/example/test/sessions/terminal_event_subscription_architecture_test.dart: all production features have one resolved runtime subscription
00:31 +825: /Users/robinfai/flutter_projects/ianvs-terminal/example/test/sessions/terminal_event_subscription_architecture_test.dart: all production features have one resolved runtime subscription
00:31 +826: /Users/robinfai/flutter_projects/ianvs-terminal/example/test/sessions/terminal_event_subscription_architecture_test.dart: all production features have one resolved runtime subscription
00:31 +827: /Users/robinfai/flutter_projects/ianvs-terminal/example/test/sessions/terminal_event_subscription_architecture_test.dart: all production features have one resolved runtime subscription
00:31 +828: /Users/robinfai/flutter_projects/ianvs-terminal/example/test/sessions/terminal_event_subscription_architecture_test.dart: all production features have one resolved runtime subscription
00:31 +829: /Users/robinfai/flutter_projects/ianvs-terminal/example/test/sessions/terminal_event_subscription_architecture_test.dart: all production features have one resolved runtime subscription
00:31 +830: /Users/robinfai/flutter_projects/ianvs-terminal/example/test/sessions/terminal_event_subscription_architecture_test.dart: all production features have one resolved runtime subscription
00:31 +831: /Users/robinfai/flutter_projects/ianvs-terminal/example/test/sessions/terminal_event_subscription_architecture_test.dart: all production features have one resolved runtime subscription
00:31 +832: /Users/robinfai/flutter_projects/ianvs-terminal/example/test/sessions/terminal_event_subscription_architecture_test.dart: all production features have one resolved runtime subscription
00:31 +833: /Users/robinfai/flutter_projects/ianvs-terminal/example/test/sessions/terminal_event_subscription_architecture_test.dart: all production features have one resolved runtime subscription
00:31 +834: /Users/robinfai/flutter_projects/ianvs-terminal/example/test/sessions/terminal_event_subscription_architecture_test.dart: all production features have one resolved runtime subscription
00:31 +835: /Users/robinfai/flutter_projects/ianvs-terminal/example/test/sessions/terminal_event_subscription_architecture_test.dart: all production features have one resolved runtime subscription
00:31 +836: /Users/robinfai/flutter_projects/ianvs-terminal/example/test/sessions/terminal_event_subscription_architecture_test.dart: all production features have one resolved runtime subscription
00:31 +837: /Users/robinfai/flutter_projects/ianvs-terminal/example/test/sessions/terminal_event_subscription_architecture_test.dart: all production features have one resolved runtime subscription
00:31 +838: /Users/robinfai/flutter_projects/ianvs-terminal/example/test/sessions/terminal_event_subscription_architecture_test.dart: all production features have one resolved runtime subscription
00:31 +839: /Users/robinfai/flutter_projects/ianvs-terminal/example/test/sessions/terminal_event_subscription_architecture_test.dart: all production features have one resolved runtime subscription
00:31 +840: /Users/robinfai/flutter_projects/ianvs-terminal/example/test/sessions/terminal_event_subscription_architecture_test.dart: all production features have one resolved runtime subscription
00:31 +841: /Users/robinfai/flutter_projects/ianvs-terminal/example/test/sessions/terminal_event_subscription_architecture_test.dart: all production features have one resolved runtime subscription
00:31 +842: /Users/robinfai/flutter_projects/ianvs-terminal/example/test/sessions/terminal_event_subscription_architecture_test.dart: all production features have one resolved runtime subscription
00:31 +843: /Users/robinfai/flutter_projects/ianvs-terminal/example/test/sessions/terminal_event_subscription_architecture_test.dart: all production features have one resolved runtime subscription
00:31 +844: /Users/robinfai/flutter_projects/ianvs-terminal/example/test/sessions/terminal_event_subscription_architecture_test.dart: all production features have one resolved runtime subscription
00:31 +845: /Users/robinfai/flutter_projects/ianvs-terminal/example/test/sessions/terminal_event_subscription_architecture_test.dart: all production features have one resolved runtime subscription
00:31 +846: /Users/robinfai/flutter_projects/ianvs-terminal/example/test/sessions/terminal_event_subscription_architecture_test.dart: all production features have one resolved runtime subscription
00:31 +847: /Users/robinfai/flutter_projects/ianvs-terminal/example/test/sessions/terminal_event_subscription_architecture_test.dart: all production features have one resolved runtime subscription
00:31 +848: /Users/robinfai/flutter_projects/ianvs-terminal/example/test/sessions/terminal_event_subscription_architecture_test.dart: all production features have one resolved runtime subscription
00:31 +849: /Users/robinfai/flutter_projects/ianvs-terminal/example/test/sessions/terminal_event_subscription_architecture_test.dart: all production features have one resolved runtime subscription
00:31 +850: /Users/robinfai/flutter_projects/ianvs-terminal/example/test/sessions/terminal_event_subscription_architecture_test.dart: all production features have one resolved runtime subscription
00:31 +851: /Users/robinfai/flutter_projects/ianvs-terminal/example/test/sessions/terminal_event_subscription_architecture_test.dart: all production features have one resolved runtime subscription
00:32 +852: /Users/robinfai/flutter_projects/ianvs-terminal/example/test/sessions/terminal_event_subscription_architecture_test.dart: all production features have one resolved runtime subscription
00:32 +853: /Users/robinfai/flutter_projects/ianvs-terminal/example/test/sessions/terminal_event_subscription_architecture_test.dart: all production features have one resolved runtime subscription
00:32 +854: /Users/robinfai/flutter_projects/ianvs-terminal/example/test/sessions/terminal_event_subscription_architecture_test.dart: all production features have one resolved runtime subscription
00:32 +855: /Users/robinfai/flutter_projects/ianvs-terminal/example/test/sessions/terminal_event_subscription_architecture_test.dart: all production features have one resolved runtime subscription
00:32 +856: /Users/robinfai/flutter_projects/ianvs-terminal/example/test/sessions/terminal_event_subscription_architecture_test.dart: all production features have one resolved runtime subscription
00:32 +857: /Users/robinfai/flutter_projects/ianvs-terminal/example/test/sessions/terminal_event_subscription_architecture_test.dart: all production features have one resolved runtime subscription
00:32 +858: /Users/robinfai/flutter_projects/ianvs-terminal/example/test/sessions/terminal_event_subscription_architecture_test.dart: all production features have one resolved runtime subscription
00:32 +859: /Users/robinfai/flutter_projects/ianvs-terminal/example/test/sessions/terminal_event_subscription_architecture_test.dart: all production features have one resolved runtime subscription
00:32 +860: /Users/robinfai/flutter_projects/ianvs-terminal/example/test/sessions/terminal_event_subscription_architecture_test.dart: all production features have one resolved runtime subscription
00:32 +861: /Users/robinfai/flutter_projects/ianvs-terminal/example/test/sessions/terminal_event_subscription_architecture_test.dart: all production features have one resolved runtime subscription
00:32 +862: /Users/robinfai/flutter_projects/ianvs-terminal/example/test/sessions/terminal_event_subscription_architecture_test.dart: all production features have one resolved runtime subscription
00:32 +863: /Users/robinfai/flutter_projects/ianvs-terminal/example/test/sessions/terminal_event_subscription_architecture_test.dart: all production features have one resolved runtime subscription
00:32 +864: /Users/robinfai/flutter_projects/ianvs-terminal/example/test/sessions/terminal_event_subscription_architecture_test.dart: all production features have one resolved runtime subscription
00:32 +865: /Users/robinfai/flutter_projects/ianvs-terminal/example/test/sessions/terminal_event_subscription_architecture_test.dart: all production features have one resolved runtime subscription
00:32 +866: /Users/robinfai/flutter_projects/ianvs-terminal/example/test/sessions/terminal_event_subscription_architecture_test.dart: all production features have one resolved runtime subscription
00:32 +867: /Users/robinfai/flutter_projects/ianvs-terminal/example/test/sessions/terminal_event_subscription_architecture_test.dart: all production features have one resolved runtime subscription
00:32 +868: /Users/robinfai/flutter_projects/ianvs-terminal/example/test/sessions/terminal_event_subscription_architecture_test.dart: all production features have one resolved runtime subscription
00:32 +869: /Users/robinfai/flutter_projects/ianvs-terminal/example/test/sessions/terminal_event_subscription_architecture_test.dart: all production features have one resolved runtime subscription
00:32 +870: /Users/robinfai/flutter_projects/ianvs-terminal/example/test/sessions/terminal_event_subscription_architecture_test.dart: all production features have one resolved runtime subscription
00:32 +871: /Users/robinfai/flutter_projects/ianvs-terminal/example/test/sessions/terminal_event_subscription_architecture_test.dart: all production features have one resolved runtime subscription
00:32 +872: /Users/robinfai/flutter_projects/ianvs-terminal/example/test/sessions/terminal_event_subscription_architecture_test.dart: all production features have one resolved runtime subscription
00:32 +873: /Users/robinfai/flutter_projects/ianvs-terminal/example/test/sessions/terminal_event_subscription_architecture_test.dart: all production features have one resolved runtime subscription
00:32 +874: /Users/robinfai/flutter_projects/ianvs-terminal/example/test/sessions/terminal_event_subscription_architecture_test.dart: all production features have one resolved runtime subscription
00:32 +875: /Users/robinfai/flutter_projects/ianvs-terminal/example/test/sessions/terminal_event_subscription_architecture_test.dart: all production features have one resolved runtime subscription
00:33 +876: /Users/robinfai/flutter_projects/ianvs-terminal/example/test/sessions/terminal_event_subscription_architecture_test.dart: all production features have one resolved runtime subscription
00:33 +877: /Users/robinfai/flutter_projects/ianvs-terminal/example/test/sessions/terminal_event_subscription_architecture_test.dart: all production features have one resolved runtime subscription
00:33 +878: /Users/robinfai/flutter_projects/ianvs-terminal/example/test/sessions/terminal_event_subscription_architecture_test.dart: all production features have one resolved runtime subscription
00:33 +879: /Users/robinfai/flutter_projects/ianvs-terminal/example/test/sessions/terminal_event_subscription_architecture_test.dart: all production features have one resolved runtime subscription
00:33 +880: /Users/robinfai/flutter_projects/ianvs-terminal/example/test/sessions/terminal_event_subscription_architecture_test.dart: all production features have one resolved runtime subscription
00:33 +881: /Users/robinfai/flutter_projects/ianvs-terminal/example/test/sessions/terminal_event_subscription_architecture_test.dart: all production features have one resolved runtime subscription
00:33 +882: /Users/robinfai/flutter_projects/ianvs-terminal/example/test/sessions/terminal_event_subscription_architecture_test.dart: all production features have one resolved runtime subscription
00:33 +883: /Users/robinfai/flutter_projects/ianvs-terminal/example/test/sessions/terminal_event_subscription_architecture_test.dart: all production features have one resolved runtime subscription
00:33 +884: /Users/robinfai/flutter_projects/ianvs-terminal/example/test/sessions/terminal_event_subscription_architecture_test.dart: all production features have one resolved runtime subscription
00:33 +885: /Users/robinfai/flutter_projects/ianvs-terminal/example/test/sessions/terminal_event_subscription_architecture_test.dart: all production features have one resolved runtime subscription
00:33 +886: /Users/robinfai/flutter_projects/ianvs-terminal/example/test/sessions/terminal_event_subscription_architecture_test.dart: all production features have one resolved runtime subscription
00:33 +887: /Users/robinfai/flutter_projects/ianvs-terminal/example/test/sessions/terminal_event_subscription_architecture_test.dart: all production features have one resolved runtime subscription
00:33 +888: /Users/robinfai/flutter_projects/ianvs-terminal/example/test/sessions/terminal_event_subscription_architecture_test.dart: all production features have one resolved runtime subscription
00:33 +889: /Users/robinfai/flutter_projects/ianvs-terminal/example/test/sessions/terminal_event_subscription_architecture_test.dart: all production features have one resolved runtime subscription
00:33 +890: /Users/robinfai/flutter_projects/ianvs-terminal/example/test/sessions/terminal_event_subscription_architecture_test.dart: all production features have one resolved runtime subscription
00:33 +891: /Users/robinfai/flutter_projects/ianvs-terminal/example/test/sessions/terminal_event_subscription_architecture_test.dart: all production features have one resolved runtime subscription
00:33 +892: /Users/robinfai/flutter_projects/ianvs-terminal/example/test/sessions/terminal_event_subscription_architecture_test.dart: all production features have one resolved runtime subscription
00:33 +893: /Users/robinfai/flutter_projects/ianvs-terminal/example/test/sessions/terminal_event_subscription_architecture_test.dart: all production features have one resolved runtime subscription
00:33 +894: /Users/robinfai/flutter_projects/ianvs-terminal/example/test/sessions/terminal_event_subscription_architecture_test.dart: all production features have one resolved runtime subscription
00:33 +895: /Users/robinfai/flutter_projects/ianvs-terminal/example/test/sessions/terminal_event_subscription_architecture_test.dart: all production features have one resolved runtime subscription
00:33 +896: /Users/robinfai/flutter_projects/ianvs-terminal/example/test/sessions/terminal_event_subscription_architecture_test.dart: all production features have one resolved runtime subscription
00:33 +897: /Users/robinfai/flutter_projects/ianvs-terminal/example/test/sessions/terminal_event_subscription_architecture_test.dart: all production features have one resolved runtime subscription
00:33 +898: /Users/robinfai/flutter_projects/ianvs-terminal/example/test/sessions/terminal_event_subscription_architecture_test.dart: all production features have one resolved runtime subscription
00:33 +899: /Users/robinfai/flutter_projects/ianvs-terminal/example/test/sessions/terminal_event_subscription_architecture_test.dart: all production features have one resolved runtime subscription
00:33 +900: /Users/robinfai/flutter_projects/ianvs-terminal/example/test/sessions/terminal_event_subscription_architecture_test.dart: all production features have one resolved runtime subscription
00:34 +901: /Users/robinfai/flutter_projects/ianvs-terminal/example/test/sessions/terminal_event_subscription_architecture_test.dart: all production features have one resolved runtime subscription
00:34 +902: /Users/robinfai/flutter_projects/ianvs-terminal/example/test/sessions/terminal_event_subscription_architecture_test.dart: all production features have one resolved runtime subscription
00:34 +903: /Users/robinfai/flutter_projects/ianvs-terminal/example/test/sessions/terminal_event_subscription_architecture_test.dart: all production features have one resolved runtime subscription
00:34 +904: /Users/robinfai/flutter_projects/ianvs-terminal/example/test/sessions/terminal_event_subscription_architecture_test.dart: all production features have one resolved runtime subscription
00:34 +905: /Users/robinfai/flutter_projects/ianvs-terminal/example/test/sessions/terminal_event_subscription_architecture_test.dart: all production features have one resolved runtime subscription
00:34 +906: /Users/robinfai/flutter_projects/ianvs-terminal/example/test/sessions/terminal_event_subscription_architecture_test.dart: all production features have one resolved runtime subscription
00:34 +907: /Users/robinfai/flutter_projects/ianvs-terminal/example/test/sessions/terminal_event_subscription_architecture_test.dart: all production features have one resolved runtime subscription
00:34 +908: /Users/robinfai/flutter_projects/ianvs-terminal/example/test/sessions/terminal_event_subscription_architecture_test.dart: all production features have one resolved runtime subscription
00:34 +909: /Users/robinfai/flutter_projects/ianvs-terminal/example/test/sessions/terminal_event_subscription_architecture_test.dart: all production features have one resolved runtime subscription
00:34 +910: /Users/robinfai/flutter_projects/ianvs-terminal/example/test/sessions/terminal_event_subscription_architecture_test.dart: all production features have one resolved runtime subscription
00:34 +911: /Users/robinfai/flutter_projects/ianvs-terminal/example/test/sessions/terminal_event_subscription_architecture_test.dart: all production features have one resolved runtime subscription
00:34 +912: /Users/robinfai/flutter_projects/ianvs-terminal/example/test/sessions/terminal_event_subscription_architecture_test.dart: all production features have one resolved runtime subscription
00:34 +913: /Users/robinfai/flutter_projects/ianvs-terminal/example/test/sessions/terminal_event_subscription_architecture_test.dart: all production features have one resolved runtime subscription
00:34 +914: /Users/robinfai/flutter_projects/ianvs-terminal/example/test/sessions/terminal_event_subscription_architecture_test.dart: all production features have one resolved runtime subscription
00:34 +915: /Users/robinfai/flutter_projects/ianvs-terminal/example/test/sessions/terminal_event_subscription_architecture_test.dart: all production features have one resolved runtime subscription
00:34 +916: /Users/robinfai/flutter_projects/ianvs-terminal/example/test/sessions/terminal_event_subscription_architecture_test.dart: all production features have one resolved runtime subscription
00:34 +917: /Users/robinfai/flutter_projects/ianvs-terminal/example/test/sessions/terminal_event_subscription_architecture_test.dart: all production features have one resolved runtime subscription
00:34 +918: /Users/robinfai/flutter_projects/ianvs-terminal/example/test/sessions/terminal_event_subscription_architecture_test.dart: all production features have one resolved runtime subscription
00:34 +919: /Users/robinfai/flutter_projects/ianvs-terminal/example/test/sessions/terminal_event_subscription_architecture_test.dart: all production features have one resolved runtime subscription
00:34 +920: /Users/robinfai/flutter_projects/ianvs-terminal/example/test/sessions/terminal_event_subscription_architecture_test.dart: all production features have one resolved runtime subscription
00:34 +921: /Users/robinfai/flutter_projects/ianvs-terminal/example/test/sessions/terminal_event_subscription_architecture_test.dart: all production features have one resolved runtime subscription
00:34 +922: /Users/robinfai/flutter_projects/ianvs-terminal/example/test/sessions/terminal_event_subscription_architecture_test.dart: all production features have one resolved runtime subscription
00:34 +923: /Users/robinfai/flutter_projects/ianvs-terminal/example/test/sessions/terminal_event_subscription_architecture_test.dart: all production features have one resolved runtime subscription
00:34 +924: /Users/robinfai/flutter_projects/ianvs-terminal/example/test/sessions/terminal_event_subscription_architecture_test.dart: all production features have one resolved runtime subscription
00:34 +925: /Users/robinfai/flutter_projects/ianvs-terminal/example/test/sessions/terminal_event_subscription_architecture_test.dart: all production features have one resolved runtime subscription
00:34 +926: /Users/robinfai/flutter_projects/ianvs-terminal/example/test/sessions/terminal_event_subscription_architecture_test.dart: all production features have one resolved runtime subscription
00:34 +927: /Users/robinfai/flutter_projects/ianvs-terminal/example/test/sessions/terminal_event_subscription_architecture_test.dart: all production features have one resolved runtime subscription
00:34 +928: /Users/robinfai/flutter_projects/ianvs-terminal/example/test/sessions/terminal_event_subscription_architecture_test.dart: all production features have one resolved runtime subscription
00:34 +929: /Users/robinfai/flutter_projects/ianvs-terminal/example/test/sessions/terminal_event_subscription_architecture_test.dart: all production features have one resolved runtime subscription
00:34 +930: /Users/robinfai/flutter_projects/ianvs-terminal/example/test/sessions/terminal_event_subscription_architecture_test.dart: all production features have one resolved runtime subscription
00:34 +931: /Users/robinfai/flutter_projects/ianvs-terminal/example/test/sessions/terminal_event_subscription_architecture_test.dart: all production features have one resolved runtime subscription
00:34 +932: /Users/robinfai/flutter_projects/ianvs-terminal/example/test/sessions/terminal_event_subscription_architecture_test.dart: all production features have one resolved runtime subscription
00:34 +933: /Users/robinfai/flutter_projects/ianvs-terminal/example/test/sessions/terminal_event_subscription_architecture_test.dart: all production features have one resolved runtime subscription
00:34 +934: /Users/robinfai/flutter_projects/ianvs-terminal/example/test/sessions/terminal_event_subscription_architecture_test.dart: all production features have one resolved runtime subscription
00:34 +935: /Users/robinfai/flutter_projects/ianvs-terminal/example/test/sessions/terminal_event_subscription_architecture_test.dart: all production features have one resolved runtime subscription
00:35 +936: /Users/robinfai/flutter_projects/ianvs-terminal/example/test/sessions/terminal_event_subscription_architecture_test.dart: all production features have one resolved runtime subscription
00:35 +937: /Users/robinfai/flutter_projects/ianvs-terminal/example/test/sessions/terminal_event_subscription_architecture_test.dart: all production features have one resolved runtime subscription
00:35 +938: /Users/robinfai/flutter_projects/ianvs-terminal/example/test/sessions/terminal_event_subscription_architecture_test.dart: all production features have one resolved runtime subscription
00:35 +939: /Users/robinfai/flutter_projects/ianvs-terminal/example/test/sessions/terminal_event_subscription_architecture_test.dart: all production features have one resolved runtime subscription
00:35 +940: /Users/robinfai/flutter_projects/ianvs-terminal/example/test/sessions/terminal_event_subscription_architecture_test.dart: all production features have one resolved runtime subscription
00:36 +941: /Users/robinfai/flutter_projects/ianvs-terminal/example/test/sessions/terminal_event_subscription_architecture_test.dart: all production features have one resolved runtime subscription
00:36 +942: /Users/robinfai/flutter_projects/ianvs-terminal/example/test/sessions/terminal_event_subscription_architecture_test.dart: all production features have one resolved runtime subscription
00:36 +943: /Users/robinfai/flutter_projects/ianvs-terminal/example/test/sessions/terminal_event_subscription_architecture_test.dart: all production features have one resolved runtime subscription
00:36 +944: /Users/robinfai/flutter_projects/ianvs-terminal/example/test/sessions/terminal_event_subscription_architecture_test.dart: all production features have one resolved runtime subscription
00:36 +945: /Users/robinfai/flutter_projects/ianvs-terminal/example/test/sessions/terminal_event_subscription_architecture_test.dart: all production features have one resolved runtime subscription
00:36 +946: /Users/robinfai/flutter_projects/ianvs-terminal/example/test/sessions/terminal_event_subscription_architecture_test.dart: all production features have one resolved runtime subscription
00:36 +947: /Users/robinfai/flutter_projects/ianvs-terminal/example/test/sessions/terminal_event_subscription_architecture_test.dart: all production features have one resolved runtime subscription
00:36 +948: /Users/robinfai/flutter_projects/ianvs-terminal/example/test/sessions/terminal_event_subscription_architecture_test.dart: all production features have one resolved runtime subscription
00:36 +949: /Users/robinfai/flutter_projects/ianvs-terminal/example/test/sessions/terminal_event_subscription_architecture_test.dart: all production features have one resolved runtime subscription
00:36 +950: /Users/robinfai/flutter_projects/ianvs-terminal/example/test/sessions/terminal_event_subscription_architecture_test.dart: all production features have one resolved runtime subscription
00:36 +951: /Users/robinfai/flutter_projects/ianvs-terminal/example/test/sessions/terminal_event_subscription_architecture_test.dart: all production features have one resolved runtime subscription
00:36 +952: /Users/robinfai/flutter_projects/ianvs-terminal/example/test/sessions/terminal_event_subscription_architecture_test.dart: all production features have one resolved runtime subscription
00:37 +953: /Users/robinfai/flutter_projects/ianvs-terminal/example/test/sessions/terminal_event_subscription_architecture_test.dart: all production features have one resolved runtime subscription
00:37 +954: /Users/robinfai/flutter_projects/ianvs-terminal/example/test/sessions/terminal_event_subscription_architecture_test.dart: all production features have one resolved runtime subscription
00:37 +955: /Users/robinfai/flutter_projects/ianvs-terminal/example/test/sessions/terminal_event_subscription_architecture_test.dart: all production features have one resolved runtime subscription
00:37 +956: /Users/robinfai/flutter_projects/ianvs-terminal/example/test/sessions/terminal_event_subscription_architecture_test.dart: all production features have one resolved runtime subscription
00:37 +957: /Users/robinfai/flutter_projects/ianvs-terminal/example/test/sessions/terminal_event_subscription_architecture_test.dart: all production features have one resolved runtime subscription
00:37 +958: /Users/robinfai/flutter_projects/ianvs-terminal/example/test/sessions/terminal_event_subscription_architecture_test.dart: all production features have one resolved runtime subscription
00:37 +959: /Users/robinfai/flutter_projects/ianvs-terminal/example/test/sessions/terminal_event_subscription_architecture_test.dart: all production features have one resolved runtime subscription
00:37 +960: /Users/robinfai/flutter_projects/ianvs-terminal/example/test/sessions/terminal_event_subscription_architecture_test.dart: all production features have one resolved runtime subscription
00:37 +961: /Users/robinfai/flutter_projects/ianvs-terminal/example/test/sessions/terminal_event_subscription_architecture_test.dart: all production features have one resolved runtime subscription
00:37 +962: /Users/robinfai/flutter_projects/ianvs-terminal/example/test/sessions/terminal_event_subscription_architecture_test.dart: all production features have one resolved runtime subscription
00:37 +963: /Users/robinfai/flutter_projects/ianvs-terminal/example/test/sessions/terminal_event_subscription_architecture_test.dart: all production features have one resolved runtime subscription
00:37 +964: /Users/robinfai/flutter_projects/ianvs-terminal/example/test/sessions/terminal_event_subscription_architecture_test.dart: all production features have one resolved runtime subscription
00:37 +965: /Users/robinfai/flutter_projects/ianvs-terminal/example/test/sessions/terminal_event_subscription_architecture_test.dart: all production features have one resolved runtime subscription
00:37 +966: /Users/robinfai/flutter_projects/ianvs-terminal/example/test/sessions/terminal_event_subscription_architecture_test.dart: all production features have one resolved runtime subscription
00:37 +967: /Users/robinfai/flutter_projects/ianvs-terminal/example/test/sessions/terminal_event_subscription_architecture_test.dart: all production features have one resolved runtime subscription
00:37 +968: /Users/robinfai/flutter_projects/ianvs-terminal/example/test/sessions/terminal_event_subscription_architecture_test.dart: all production features have one resolved runtime subscription
00:37 +969: /Users/robinfai/flutter_projects/ianvs-terminal/example/test/sessions/terminal_event_subscription_architecture_test.dart: all production features have one resolved runtime subscription
00:37 +970: /Users/robinfai/flutter_projects/ianvs-terminal/example/test/sessions/terminal_event_subscription_architecture_test.dart: all production features have one resolved runtime subscription
00:37 +971: /Users/robinfai/flutter_projects/ianvs-terminal/example/test/sessions/terminal_event_subscription_architecture_test.dart: all production features have one resolved runtime subscription
00:38 +972: /Users/robinfai/flutter_projects/ianvs-terminal/example/test/sessions/terminal_event_subscription_architecture_test.dart: all production features have one resolved runtime subscription
00:38 +973: /Users/robinfai/flutter_projects/ianvs-terminal/example/test/sessions/terminal_event_subscription_architecture_test.dart: all production features have one resolved runtime subscription
00:38 +974: /Users/robinfai/flutter_projects/ianvs-terminal/example/test/sessions/terminal_event_subscription_architecture_test.dart: all production features have one resolved runtime subscription
00:38 +975: /Users/robinfai/flutter_projects/ianvs-terminal/example/test/sessions/terminal_event_subscription_architecture_test.dart: all production features have one resolved runtime subscription
00:38 +976: /Users/robinfai/flutter_projects/ianvs-terminal/example/test/sessions/terminal_event_subscription_architecture_test.dart: all production features have one resolved runtime subscription
00:38 +977: /Users/robinfai/flutter_projects/ianvs-terminal/example/test/sessions/terminal_event_subscription_architecture_test.dart: all production features have one resolved runtime subscription
00:38 +978: /Users/robinfai/flutter_projects/ianvs-terminal/example/test/sessions/terminal_event_subscription_architecture_test.dart: all production features have one resolved runtime subscription
00:38 +979: /Users/robinfai/flutter_projects/ianvs-terminal/example/test/sessions/terminal_event_subscription_architecture_test.dart: all production features have one resolved runtime subscription
00:38 +980: /Users/robinfai/flutter_projects/ianvs-terminal/example/test/sessions/terminal_event_subscription_architecture_test.dart: all production features have one resolved runtime subscription
00:38 +981: /Users/robinfai/flutter_projects/ianvs-terminal/example/test/sessions/terminal_event_subscription_architecture_test.dart: all production features have one resolved runtime subscription
00:38 +982: /Users/robinfai/flutter_projects/ianvs-terminal/example/test/sessions/terminal_event_subscription_architecture_test.dart: all production features have one resolved runtime subscription
00:38 +983: /Users/robinfai/flutter_projects/ianvs-terminal/example/test/sessions/terminal_event_subscription_architecture_test.dart: all production features have one resolved runtime subscription
00:38 +984: /Users/robinfai/flutter_projects/ianvs-terminal/example/test/sessions/terminal_event_subscription_architecture_test.dart: all production features have one resolved runtime subscription
00:39 +985: /Users/robinfai/flutter_projects/ianvs-terminal/example/test/sessions/terminal_event_subscription_architecture_test.dart: all production features have one resolved runtime subscription
00:39 +986: /Users/robinfai/flutter_projects/ianvs-terminal/example/test/sessions/terminal_event_subscription_architecture_test.dart: all production features have one resolved runtime subscription
00:39 +987: /Users/robinfai/flutter_projects/ianvs-terminal/example/test/sessions/terminal_event_subscription_architecture_test.dart: all production features have one resolved runtime subscription
00:39 +988: /Users/robinfai/flutter_projects/ianvs-terminal/example/test/sessions/terminal_event_subscription_architecture_test.dart: all production features have one resolved runtime subscription
00:39 +989: /Users/robinfai/flutter_projects/ianvs-terminal/example/test/sessions/terminal_event_subscription_architecture_test.dart: all production features have one resolved runtime subscription
00:39 +990: /Users/robinfai/flutter_projects/ianvs-terminal/example/test/sessions/terminal_event_subscription_architecture_test.dart: all production features have one resolved runtime subscription
00:39 +991: /Users/robinfai/flutter_projects/ianvs-terminal/example/test/sessions/terminal_event_subscription_architecture_test.dart: all production features have one resolved runtime subscription
00:39 +992: /Users/robinfai/flutter_projects/ianvs-terminal/example/test/sessions/terminal_event_subscription_architecture_test.dart: all production features have one resolved runtime subscription
00:39 +993: /Users/robinfai/flutter_projects/ianvs-terminal/example/test/sessions/terminal_event_subscription_architecture_test.dart: all production features have one resolved runtime subscription
00:39 +994: /Users/robinfai/flutter_projects/ianvs-terminal/example/test/sessions/terminal_event_subscription_architecture_test.dart: all production features have one resolved runtime subscription
00:39 +995: /Users/robinfai/flutter_projects/ianvs-terminal/example/test/sessions/terminal_event_subscription_architecture_test.dart: all production features have one resolved runtime subscription
00:39 +996: /Users/robinfai/flutter_projects/ianvs-terminal/example/test/sessions/terminal_event_subscription_architecture_test.dart: all production features have one resolved runtime subscription
00:39 +997: /Users/robinfai/flutter_projects/ianvs-terminal/example/test/sessions/terminal_event_subscription_architecture_test.dart: all production features have one resolved runtime subscription
00:40 +998: /Users/robinfai/flutter_projects/ianvs-terminal/example/test/sessions/terminal_event_subscription_architecture_test.dart: all production features have one resolved runtime subscription
00:40 +999: /Users/robinfai/flutter_projects/ianvs-terminal/example/test/sessions/terminal_event_subscription_architecture_test.dart: all production features have one resolved runtime subscription
00:41 +1000: /Users/robinfai/flutter_projects/ianvs-terminal/example/test/sessions/terminal_event_subscription_architecture_test.dart: all production features have one resolved runtime subscription
00:43 +1001: /Users/robinfai/flutter_projects/ianvs-terminal/example/test/sessions/session_recording_lifecycle_test.dart: semantic flood stays bounded and preserves the latest command pair
00:44 +1002: /Users/robinfai/flutter_projects/ianvs-terminal/example/test/sessions/terminal_event_subscription_architecture_test.dart: resolved gate catches alias, tear-off, helper and directory escape
00:47 +1003: /Users/robinfai/flutter_projects/ianvs-terminal/example/test/sessions/terminal_event_subscription_architecture_test.dart: resolved gate catches alias, tear-off, helper and directory escape
00:48 +1004: /Users/robinfai/flutter_projects/ianvs-terminal/example/test/sessions/session_recording_lifecycle_test.dart: closeTab resumes recording when ZMODEM starts during recording save
00:50 +1005: /Users/robinfai/flutter_projects/ianvs-terminal/example/test/sessions/session_recording_lifecycle_test.dart: closeTab resumes a saved sibling when the second recording save fails
00:53 +1006: /Users/robinfai/flutter_projects/ianvs-terminal/example/test/sessions/session_recording_lifecycle_test.dart: opening a terminal at a folder keeps existing recording and PTY alive
00:53 +1007: /Users/robinfai/flutter_projects/ianvs-terminal/example/test/sessions/session_recording_lifecycle_test.dart: observed process exit finalizes the active recording
00:57 +1008: /Users/robinfai/flutter_projects/ianvs-terminal/example/test/sessions/session_recording_lifecycle_test.dart: pre-close resolves missing prepare from running status before PTY close
00:57 +1009: /Users/robinfai/flutter_projects/ianvs-terminal/example/test/sessions/session_recording_lifecycle_test.dart: pre-close resolves malformed prepare from ready status before PTY close
00:57 +1010: /Users/robinfai/flutter_projects/ianvs-terminal/example/test/sessions/session_recording_lifecycle_test.dart: pre-close resolves correlation prepare from failed status before PTY close
00:57 +1011: /Users/robinfai/flutter_projects/ianvs-terminal/example/test/sessions/session_recording_lifecycle_test.dart: pre-close retries one rejected prepare before exit closes the PTY
01:00 +1012: /Users/robinfai/flutter_projects/ianvs-terminal/example/test/sessions/session_recording_lifecycle_test.dart: persistent prepare rejection keeps PTY and recoverable recording active
01:00 +1013: /Users/robinfai/flutter_projects/ianvs-terminal/example/test/sessions/session_recording_lifecycle_test.dart: shutdown coordinator finalizes active recording before disposal
01:03 +1014: /Users/robinfai/flutter_projects/ianvs-terminal/example/test/sessions/session_recording_lifecycle_test.dart: shutdown keeps uncertain prepare claimed through late running then ready settlement
01:03 +1015: /Users/robinfai/flutter_projects/ianvs-terminal/example/test/sessions/session_recording_lifecycle_test.dart: shutdown keeps uncertain prepare claimed through late running then failed settlement
01:04 +1016: /Users/robinfai/flutter_projects/ianvs-terminal/example/test/sessions/session_recording_lifecycle_test.dart: explicit prepare rejection plus reject cancel poisons shutdown before PTY close
01:04 +1017: /Users/robinfai/flutter_projects/ianvs-terminal/example/test/sessions/session_recording_lifecycle_test.dart: explicit prepare rejection plus terminationUnknown cancel poisons shutdown before PTY close
01:04 +1018: /Users/robinfai/flutter_projects/ianvs-terminal/example/test/sessions/session_recording_lifecycle_test.dart: session shutdown orders recording, layout flush, then runtime close
01:07 +1019: /Users/robinfai/flutter_projects/ianvs-terminal/example/test/sessions/session_recording_lifecycle_test.dart: shutdown crossing recording finalization leaves PTY close to infra
01:10 +1020: /Users/robinfai/flutter_projects/ianvs-terminal/example/test/sessions/session_recording_lifecycle_test.dart: closeTab crossing recording finalization does not resume or rewrite UI
01:13 +1021: /Users/robinfai/flutter_projects/ianvs-terminal/example/test/sessions/session_recording_lifecycle_test.dart: stop failure crossing shutdown preserves UI error and single release
01:13 +1022: /Users/robinfai/flutter_projects/ianvs-terminal/example/test/sessions/session_recording_lifecycle_test.dart: direct stop after shutdown does not publish busy or clear the UI error
01:17 +1023: /Users/robinfai/flutter_projects/ianvs-terminal/example/test/sessions/session_recording_lifecycle_test.dart: runtime-exit save failure crossing shutdown preserves UI and releases once
01:17 +1024: /Users/robinfai/flutter_projects/ianvs-terminal/example/test/sessions/session_recording_lifecycle_test.dart: shutdown finalization never encodes in the disposal stack
01:20 +1025: All tests passed!
