"/Users/robinfai/flutter_projects/ianvs-terminal/tools/verify_flutter_terminal.sh"
    Finished `dev` profile [unoptimized + debuginfo] target(s) in 0.52s
Built Rust core at /Users/robinfai/flutter_projects/ianvs-terminal/native/core/target/debug/libianvs_core.dylib (arm64)
Generated C header at /var/folders/k2/8qbf3nrs7t1749d198rw0df40000gn/T//ianvs-generated-contracts.AyMmYc/ianvs_core.h
   Compiling libc v0.2.185
   Compiling proc-macro2 v1.0.106
   Compiling unicode-ident v1.0.24
   Compiling quote v1.0.45
   Compiling cfg-if v1.0.4
   Compiling typenum v1.20.1
   Compiling zeroize v1.9.0
   Compiling subtle v2.6.1
   Compiling cmov v0.5.4
   Compiling rand_core v0.10.1
   Compiling getrandom v0.4.2
   Compiling const-oid v0.10.2
   Compiling autocfg v1.5.0
   Compiling cpubits v0.1.1
   Compiling base64ct v1.8.3
   Compiling memchr v2.8.0
   Compiling serde_core v1.0.229
   Compiling stable_deref_trait v1.2.1
   Compiling crossbeam-utils v0.8.21
   Compiling ff v0.14.0
   Compiling smallvec v1.15.1
   Compiling ctutils v0.4.2
   Compiling anyhow v1.0.102
   Compiling pem-rfc7468 v1.0.0
   Compiling simd-adler32 v0.3.9
   Compiling num-traits v0.2.19
   Compiling bytes v1.12.1
   Compiling der v0.8.1
   Compiling rayon-core v1.13.0
   Compiling log v0.4.33
   Compiling hybrid-array v0.4.14
   Compiling either v1.15.0
   Compiling group v0.14.0
   Compiling version_check v0.9.5
   Compiling thiserror v2.0.20
   Compiling base16ct v1.0.0
   Compiling arrayvec v0.7.6
   Compiling generic-array v0.14.7
   Compiling shlex v1.3.0
   Compiling pin-project-lite v0.2.17
   Compiling crc32fast v1.5.0
   Compiling find-msvc-tools v0.1.9
   Compiling litemap v0.8.2
   Compiling crossbeam-epoch v0.9.18
   Compiling spki v0.8.0
   Compiling adler2 v2.0.1
   Compiling writeable v0.6.3
   Compiling miniz_oxide v0.8.9
   Compiling crossbeam-deque v0.8.6
   Compiling syn v2.0.117
   Compiling block-buffer v0.12.1
   Compiling block-padding v0.4.2
   Compiling cpufeatures v0.3.0
   Compiling syn v3.0.3
   Compiling errno v0.3.14
   Compiling crypto-common v0.2.2
   Compiling inout v0.2.2
   Compiling sec1 v0.8.1
   Compiling jobserver v0.1.34
   Compiling semver v1.0.28
   Compiling zerocopy v0.8.48
   Compiling icu_properties_data v2.2.0
   Compiling crypto-bigint v0.7.5
   Compiling num-integer v0.1.46
   Compiling cc v1.2.60
   Compiling futures-core v0.3.33
   Compiling futures-sink v0.3.33
   Compiling utf8_iter v1.0.4
   Compiling icu_normalizer_data v2.2.0
   Compiling futures-channel v0.3.33
   Compiling num-bigint v0.4.6
   Compiling rayon v1.12.0
   Compiling rustc_version v0.4.1
   Compiling wnaf v0.14.0
   Compiling digest v0.11.3
   Compiling cipher v0.5.2
   Compiling universal-hash v0.6.1
   Compiling aead v0.6.1
   Compiling itertools v0.14.0
   Compiling bitflags v2.13.1
   Compiling hmac v0.13.0
   Compiling polyval v0.7.3
   Compiling sha2 v0.11.0
   Compiling signature v3.0.0
   Compiling pbkdf2 v0.13.0
   Compiling aes v0.9.2
   Compiling ghash v0.6.0
   Compiling ctr v0.10.1
   Compiling salsa20 v0.11.0
   Compiling cbc v0.2.1
   Compiling hkdf v0.13.0
   Compiling num-rational v0.4.2
   Compiling cmake v0.1.58
   Compiling as-slice v0.2.1
   Compiling thiserror v1.0.69
   Compiling pkg-config v0.3.33
   Compiling built v0.8.0
   Compiling aes-gcm v0.11.0
   Compiling scrypt v0.12.0
   Compiling parking_lot_core v0.9.12
   Compiling futures-io v0.3.33
   Compiling paste v1.0.15
   Compiling pkcs5 v0.8.1
   Compiling cfg_aliases v0.2.1
   Compiling futures-task v0.3.33
   Compiling av-scenechange v0.14.1
   Compiling dunce v1.0.5
   Compiling slab v0.4.12
   Compiling serde v1.0.229
   Compiling fs_extra v1.3.0
   Compiling rav1e v0.8.1
   Compiling nix v0.31.2
   Compiling pkcs8 v0.11.0
   Compiling aws-lc-sys v0.44.0
   Compiling aligned v0.4.3
   Compiling chacha20 v0.10.1
   Compiling curve25519-dalek v5.0.0
   Compiling flate2 v1.1.9
   Compiling signal-hook-registry v1.4.8
   Compiling socket2 v0.6.5
   Compiling mio v1.2.2
   Compiling nom v8.0.0
   Compiling no_std_io2 v0.9.3
   Compiling once_cell v1.21.4
   Compiling zmij v1.0.21
   Compiling pastey v0.1.1
   Compiling scopeguard v1.2.0
   Compiling cfg_aliases v0.1.1
   Compiling quick-error v2.0.1
   Compiling y4m v0.8.0
   Compiling lock_api v0.4.14
   Compiling nix v0.28.0
   Compiling bitstream-io v4.10.0
   Compiling maybe-rayon v0.1.1
   Compiling synstructure v0.13.2
   Compiling simd_helpers v0.1.0
   Compiling thiserror-impl v2.0.20
   Compiling elliptic-curve v0.14.1
   Compiling rfc6979 v0.6.0
   Compiling primefield v0.14.0
   Compiling tokio-macros v2.7.2
   Compiling serde_derive v1.0.229
   Compiling ssh-encoding v0.3.0
   Compiling keccak v0.2.1
   Compiling zune-core v0.5.1
   Compiling itoa v1.0.18
   Compiling serde_json v1.0.149
   Compiling rustversion v1.0.22
   Compiling byteorder v1.5.0
   Compiling imgref v1.12.0
   Compiling noop_proc_macro v0.3.0
   Compiling weezl v0.1.12
   Compiling ecdsa v0.17.0
   Compiling primeorder v0.14.0
   Compiling new_debug_unreachable v1.0.6
   Compiling loop9 v0.1.5
   Compiling blowfish v0.10.0
   Compiling tokio v1.53.1
   Compiling zune-jpeg v0.5.15
   Compiling crypto-primes v0.7.2
   Compiling ed25519 v3.0.0
   Compiling blake2 v0.11.0-rc.6
   Compiling zerofrom-derive v0.1.7
   Compiling yoke-derive v0.8.2
   Compiling zerovec-derive v0.11.3
   Compiling displaydoc v0.2.5
   Compiling equator-macro v0.4.2
   Compiling bytemuck_derive v1.10.2
   Compiling zerocopy-derive v0.8.48
   Compiling futures-macro v0.3.33
   Compiling equator v0.4.2
   Compiling thiserror-impl v1.0.69
   Compiling arg_enum_proc_macro v0.3.4
   Compiling profiling-procmacros v1.0.17
   Compiling fax_derive v0.2.0
   Compiling num-derive v0.4.2
   Compiling zerofrom v0.1.7
   Compiling poly1305 v0.9.1
   Compiling profiling v1.0.17
   Compiling pkcs1 v0.8.0-rc.4
   Compiling aligned-vec v0.6.4
   Compiling avif-serialize v0.8.8
   Compiling fax v0.2.6
   Compiling futures-util v0.3.33
   Compiling v_frame v0.3.9
   Compiling bytemuck v1.25.0
   Compiling yoke v0.8.2
   Compiling av1-grain v0.2.5
   Compiling aho-corasick v1.1.4
   Compiling zune-inflate v0.2.54
   Compiling font-types v0.11.3
   Compiling fdeflate v0.3.7
   Compiling aws-lc-rs v1.18.0
   Compiling equivalent v1.0.2
   Compiling pxfm v0.1.29
   Compiling zerovec v0.11.6
   Compiling zerotrie v0.2.4
   Compiling read-fonts v0.37.0
   Compiling rustix v1.1.4
   Compiling regex-syntax v0.8.10
   Compiling byteorder-lite v0.1.0
   Compiling color_quant v1.1.0
   Compiling bit_field v0.10.3
   Compiling tinyvec_macros v0.1.1
   Compiling percent-encoding v2.3.2
   Compiling hashbrown v0.17.0
   Compiling lebe v0.5.3
   Compiling core-foundation-sys v0.8.7
   Compiling rgb v0.8.53
   Compiling hex v0.4.3
   Compiling tinystr v0.8.3
   Compiling potential_utf v0.1.5
   Compiling indexmap v2.14.0
   Compiling iana-time-zone v0.1.65
   Compiling form_urlencoded v1.2.2
   Compiling icu_collections v2.2.0
   Compiling icu_locale_core v2.2.0
   Compiling tinyvec v1.11.0
   Compiling gif v0.14.2
   Compiling image-webp v0.2.4
   Compiling filedescriptor v0.8.3
   Compiling png v0.18.1
   Compiling futures-executor v0.3.33
   Compiling icu_provider v2.2.0
   Compiling moxcms v0.8.1
   Compiling regex-automata v0.4.14
   Compiling qoi v0.4.1
   Compiling icu_properties v2.2.0
   Compiling icu_normalizer v2.2.0
   Compiling rsa v0.10.0-rc.18
   Compiling ssh-cipher v0.3.0
   Compiling ed25519-dalek v3.0.0
   Compiling argon2 v0.6.0-rc.8
   Compiling idna_adapter v1.2.1
   Compiling idna v1.1.0
   Compiling p384 v0.14.0
   Compiling p521 v0.14.0
   Compiling p256 v0.14.0
   Compiling bcrypt-pbkdf v0.11.0
   Compiling sha3 v0.11.0
   Compiling rand v0.10.2
   Compiling sha1 v0.11.0
   Compiling half v2.7.1
   Compiling crypto-common v0.1.7
   Compiling block-buffer v0.10.4
   Compiling kem v0.3.0
   Compiling tiff v0.11.3
   Compiling exr v1.74.0
   Compiling module-lattice v0.2.3
   Compiling serial2 v0.2.36
   Compiling ryu v1.0.23
   Compiling downcast-rs v1.2.1
   Compiling zeno v0.3.3
   Compiling untrusted v0.7.1
   Compiling getrandom v0.3.4
   Compiling par-term-emu-core-rust v0.41.1 (/Users/robinfai/flutter_projects/ianvs-terminal/native/vendor/par-term-emu-core-rust)
   Compiling zmodem2 v0.7.2 (/Users/robinfai/flutter_projects/ianvs-terminal/native/vendor/zmodem2)
   Compiling unicode-segmentation v1.13.2
   Compiling unsafe-libyaml v0.2.11
   Compiling shell-words v1.1.1
   Compiling yazi v0.2.1
   Compiling hashbrown v0.14.5
   Compiling sponge-cursor v0.1.0
   Compiling sha3 v0.12.0
   Compiling skrifa v0.40.0
   Compiling dashmap v6.2.1
   Compiling serde_yaml v0.9.34+deprecated
   Compiling ravif v0.13.0
   Compiling portable-pty v0.9.0
   Compiling ml-kem v0.3.2
   Compiling digest v0.10.7
   Compiling image v0.25.10
   Compiling regex v1.12.3
   Compiling internal-russh-num-bigint v0.5.0
   Compiling url v2.5.8
   Compiling generic-array v1.4.4
   Compiling swash v0.2.7
   Compiling futures v0.3.33
   Compiling tokio-util v0.7.19
   Compiling unicode-normalization v0.1.25
   Compiling russh-util v0.52.0
   Compiling chrono v0.4.45
   Compiling russh-cryptovec v0.62.0
   Compiling ssh-key v0.7.0-rc.11
   Compiling prost-derive v0.14.4
   Compiling enum_dispatch v0.3.13
   Compiling delegate v0.13.5
   Compiling parking_lot v0.12.5
   Compiling uuid v1.23.1
   Compiling serde_bytes v0.11.19
   Compiling cpufeatures v0.2.17
   Compiling vte v0.15.0
   Compiling vte v0.14.1
   Compiling data-encoding v2.11.1
   Compiling base64 v0.22.1
   Compiling hex-literal v1.1.0
   Compiling ianvs_core v0.1.0 (/Users/robinfai/flutter_projects/ianvs-terminal/native/core)
   Compiling md5 v0.8.1
   Compiling unicode-width v0.2.2
   Compiling fastrand v2.4.1
   Compiling russh-sftp v2.4.0
   Compiling tempfile v3.27.0
   Compiling strip-ansi-escapes v0.2.1
   Compiling sha2 v0.10.9
   Compiling ianvs_completion_core v0.1.0 (/Users/robinfai/flutter_projects/ianvs-terminal/native/completion_core)
   Compiling glob v0.3.4
   Compiling prost v0.14.4
   Compiling russh v0.62.5
    Finished `dev` profile [unoptimized + debuginfo] target(s) in 31.07s
   Compiling libc v0.2.185
   Compiling proc-macro2 v1.0.106
   Compiling unicode-ident v1.0.24
   Compiling cfg-if v1.0.4
   Compiling quote v1.0.45
   Compiling typenum v1.20.1
   Compiling zeroize v1.9.0
   Compiling subtle v2.6.1
   Compiling cmov v0.5.4
   Compiling rand_core v0.10.1
   Compiling getrandom v0.4.2
   Compiling const-oid v0.10.2
   Compiling autocfg v1.5.0
   Compiling cpubits v0.1.1
   Compiling base64ct v1.8.3
   Compiling memchr v2.8.0
   Compiling serde_core v1.0.229
   Compiling stable_deref_trait v1.2.1
   Compiling crossbeam-utils v0.8.21
   Compiling ff v0.14.0
   Compiling smallvec v1.15.1
   Compiling ctutils v0.4.2
   Compiling anyhow v1.0.102
   Compiling num-traits v0.2.19
   Compiling pem-rfc7468 v1.0.0
   Compiling either v1.15.0
   Compiling simd-adler32 v0.3.9
   Compiling bytes v1.12.1
   Compiling der v0.8.1
   Compiling rayon-core v1.13.0
   Compiling log v0.4.33
   Compiling group v0.14.0
   Compiling base16ct v1.0.0
   Compiling crossbeam-epoch v0.9.18
   Compiling thiserror v2.0.20
   Compiling version_check v0.9.5
   Compiling hybrid-array v0.4.14
   Compiling litemap v0.8.2
   Compiling crossbeam-deque v0.8.6
   Compiling arrayvec v0.7.6
   Compiling adler2 v2.0.1
   Compiling generic-array v0.14.7
   Compiling find-msvc-tools v0.1.9
   Compiling crc32fast v1.5.0
   Compiling pin-project-lite v0.2.17
   Compiling writeable v0.6.3
   Compiling shlex v1.3.0
   Compiling cpufeatures v0.3.0
   Compiling errno v0.3.14
   Compiling jobserver v0.1.34
   Compiling miniz_oxide v0.8.9
   Compiling utf8_iter v1.0.4
   Compiling zerocopy v0.8.48
   Compiling futures-sink v0.3.33
   Compiling syn v2.0.117
   Compiling syn v3.0.3
   Compiling num-integer v0.1.46
   Compiling cc v1.2.60
   Compiling futures-core v0.3.33
   Compiling icu_properties_data v2.2.0
   Compiling spki v0.8.0
   Compiling semver v1.0.28
   Compiling icu_normalizer_data v2.2.0
   Compiling num-bigint v0.4.6
   Compiling rustc_version v0.4.1
   Compiling futures-channel v0.3.33
   Compiling rayon v1.12.0
   Compiling itertools v0.14.0
   Compiling crypto-common v0.2.2
   Compiling block-buffer v0.12.1
   Compiling block-padding v0.4.2
   Compiling crypto-bigint v0.7.5
   Compiling sec1 v0.8.1
   Compiling inout v0.2.2
   Compiling wnaf v0.14.0
   Compiling as-slice v0.2.1
   Compiling av-scenechange v0.14.1
   Compiling serde v1.0.229
   Compiling cmake v0.1.58
   Compiling fs_extra v1.3.0
   Compiling built v0.8.0
   Compiling futures-io v0.3.33
   Compiling futures-task v0.3.33
   Compiling paste v1.0.15
   Compiling dunce v1.0.5
   Compiling pkg-config v0.3.33
   Compiling thiserror v1.0.69
   Compiling parking_lot_core v0.9.12
   Compiling bitflags v2.13.1
   Compiling num-rational v0.4.2
   Compiling digest v0.11.3
   Compiling cipher v0.5.2
   Compiling universal-hash v0.6.1
   Compiling aead v0.6.1
   Compiling slab v0.4.12
   Compiling polyval v0.7.3
   Compiling cfg_aliases v0.2.1
   Compiling aws-lc-sys v0.44.0
   Compiling hmac v0.13.0
   Compiling sha2 v0.11.0
   Compiling signature v3.0.0
   Compiling pbkdf2 v0.13.0
   Compiling ctr v0.10.1
   Compiling aes v0.9.2
   Compiling ghash v0.6.0
   Compiling salsa20 v0.11.0
   Compiling cbc v0.2.1
   Compiling hkdf v0.13.0
   Compiling chacha20 v0.10.1
   Compiling nix v0.31.2
   Compiling rav1e v0.8.1
   Compiling aes-gcm v0.11.0
   Compiling aligned v0.4.3
   Compiling scrypt v0.12.0
   Compiling curve25519-dalek v5.0.0
   Compiling flate2 v1.1.9
   Compiling signal-hook-registry v1.4.8
   Compiling pkcs5 v0.8.1
   Compiling socket2 v0.6.5
   Compiling mio v1.2.2
   Compiling no_std_io2 v0.9.3
   Compiling nom v8.0.0
   Compiling scopeguard v1.2.0
   Compiling cfg_aliases v0.1.1
   Compiling quick-error v2.0.1
   Compiling zmij v1.0.21
   Compiling pastey v0.1.1
   Compiling y4m v0.8.0
   Compiling once_cell v1.21.4
   Compiling nix v0.28.0
   Compiling lock_api v0.4.14
   Compiling pkcs8 v0.11.0
   Compiling bitstream-io v4.10.0
   Compiling maybe-rayon v0.1.1
   Compiling simd_helpers v0.1.0
   Compiling keccak v0.2.1
   Compiling serde_json v1.0.149
   Compiling itoa v1.0.18
   Compiling rustversion v1.0.22
   Compiling imgref v1.12.0
   Compiling byteorder v1.5.0
   Compiling noop_proc_macro v0.3.0
   Compiling new_debug_unreachable v1.0.6
   Compiling weezl v0.1.12
   Compiling zune-core v0.5.1
   Compiling loop9 v0.1.5
   Compiling blowfish v0.10.0
   Compiling ed25519 v3.0.0
   Compiling thiserror-impl v2.0.20
   Compiling serde_derive v1.0.229
   Compiling tokio-macros v2.7.2
   Compiling zune-jpeg v0.5.15
   Compiling synstructure v0.13.2
   Compiling blake2 v0.11.0-rc.6
   Compiling poly1305 v0.9.1
   Compiling elliptic-curve v0.14.1
   Compiling rfc6979 v0.6.0
   Compiling primefield v0.14.0
   Compiling tokio v1.53.1
   Compiling ssh-encoding v0.3.0
   Compiling crypto-primes v0.7.2
   Compiling pkcs1 v0.8.0-rc.4
   Compiling avif-serialize v0.8.8
   Compiling aho-corasick v1.1.4
   Compiling primeorder v0.14.0
   Compiling ecdsa v0.17.0
   Compiling zune-inflate v0.2.54
   Compiling fdeflate v0.3.7
   Compiling hex v0.4.3
   Compiling byteorder-lite v0.1.0
   Compiling rgb v0.8.53
   Compiling regex-syntax v0.8.10
   Compiling tinyvec_macros v0.1.1
   Compiling color_quant v1.1.0
   Compiling core-foundation-sys v0.8.7
   Compiling percent-encoding v2.3.2
   Compiling pxfm v0.1.29
   Compiling hashbrown v0.17.0
   Compiling rustix v1.1.4
   Compiling zerofrom-derive v0.1.7
   Compiling yoke-derive v0.8.2
   Compiling zerovec-derive v0.11.3
   Compiling displaydoc v0.2.5
   Compiling equator-macro v0.4.2
   Compiling bytemuck_derive v1.10.2
   Compiling zerocopy-derive v0.8.48
   Compiling futures-macro v0.3.33
   Compiling arg_enum_proc_macro v0.3.4
   Compiling equator v0.4.2
   Compiling profiling-procmacros v1.0.17
   Compiling thiserror-impl v1.0.69
   Compiling zerofrom v0.1.7
   Compiling profiling v1.0.17
   Compiling fax_derive v0.2.0
   Compiling num-derive v0.4.2
   Compiling bytemuck v1.25.0
   Compiling futures-util v0.3.33
   Compiling aligned-vec v0.6.4
   Compiling v_frame v0.3.9
   Compiling fax v0.2.6
   Compiling yoke v0.8.2
   Compiling font-types v0.11.3
   Compiling av1-grain v0.2.5
   Compiling lebe v0.5.3
   Compiling read-fonts v0.37.0
   Compiling bit_field v0.10.3
   Compiling zerovec v0.11.6
   Compiling zerotrie v0.2.4
   Compiling aws-lc-rs v1.18.0
   Compiling equivalent v1.0.2
   Compiling indexmap v2.14.0
   Compiling filedescriptor v0.8.3
   Compiling moxcms v0.8.1
   Compiling qoi v0.4.1
   Compiling regex-automata v0.4.14
   Compiling rsa v0.10.0-rc.18
   Compiling iana-time-zone v0.1.65
   Compiling gif v0.14.2
   Compiling form_urlencoded v1.2.2
   Compiling tinystr v0.8.3
   Compiling potential_utf v0.1.5
   Compiling image-webp v0.2.4
   Compiling tinyvec v1.11.0
   Compiling icu_locale_core v2.2.0
   Compiling icu_collections v2.2.0
   Compiling png v0.18.1
   Compiling p256 v0.14.0
   Compiling p384 v0.14.0
   Compiling futures-executor v0.3.33
   Compiling p521 v0.14.0
   Compiling icu_provider v2.2.0
   Compiling icu_properties v2.2.0
   Compiling icu_normalizer v2.2.0
   Compiling ssh-cipher v0.3.0
   Compiling ed25519-dalek v3.0.0
   Compiling argon2 v0.6.0-rc.8
   Compiling half v2.7.1
   Compiling idna_adapter v1.2.1
   Compiling idna v1.1.0
   Compiling bcrypt-pbkdf v0.11.0
   Compiling tiff v0.11.3
   Compiling exr v1.74.0
   Compiling sha3 v0.11.0
   Compiling rand v0.10.2
   Compiling sha1 v0.11.0
   Compiling kem v0.3.0
   Compiling crypto-common v0.1.7
   Compiling block-buffer v0.10.4
   Compiling module-lattice v0.2.3
   Compiling serial2 v0.2.36
   Compiling unicode-segmentation v1.13.2
   Compiling zmodem2 v0.7.2 (/Users/robinfai/flutter_projects/ianvs-terminal/packages/ianvs_terminal_core/native/vendor/zmodem2)
   Compiling untrusted v0.7.1
   Compiling hashbrown v0.14.5
   Compiling unsafe-libyaml v0.2.11
   Compiling zeno v0.3.3
   Compiling yazi v0.2.1
   Compiling shell-words v1.1.1
   Compiling par-term-emu-core-rust v0.41.1 (/Users/robinfai/flutter_projects/ianvs-terminal/packages/ianvs_terminal_core/native/vendor/par-term-emu-core-rust)
   Compiling downcast-rs v1.2.1
   Compiling ryu v1.0.23
   Compiling getrandom v0.3.4
   Compiling sponge-cursor v0.1.0
   Compiling serde_yaml v0.9.34+deprecated
   Compiling sha3 v0.12.0
   Compiling dashmap v6.2.1
   Compiling portable-pty v0.9.0
   Compiling ml-kem v0.3.2
   Compiling digest v0.10.7
   Compiling internal-russh-num-bigint v0.5.0
   Compiling generic-array v1.4.4
   Compiling url v2.5.8
   Compiling ravif v0.13.0
   Compiling skrifa v0.40.0
   Compiling regex v1.12.3
   Compiling futures v0.3.33
   Compiling tokio-util v0.7.19
   Compiling unicode-normalization v0.1.25
   Compiling russh-util v0.52.0
   Compiling image v0.25.10
   Compiling chrono v0.4.45
   Compiling enum_dispatch v0.3.13
   Compiling prost-derive v0.14.4
   Compiling delegate v0.13.5
   Compiling russh-cryptovec v0.62.0
   Compiling ssh-key v0.7.0-rc.11
   Compiling parking_lot v0.12.5
   Compiling serde_bytes v0.11.19
   Compiling uuid v1.23.1
   Compiling cpufeatures v0.2.17
   Compiling vte v0.15.0
   Compiling vte v0.14.1
   Compiling fastrand v2.4.1
   Compiling data-encoding v2.11.1
   Compiling hex-literal v1.1.0
   Compiling base64 v0.22.1
   Compiling unicode-width v0.2.2
   Compiling md5 v0.8.1
   Compiling ianvs_core v0.1.0 (/Users/robinfai/flutter_projects/ianvs-terminal/packages/ianvs_terminal_core/native/core)
   Compiling tempfile v3.27.0
   Compiling russh-sftp v2.4.0
   Compiling strip-ansi-escapes v0.2.1
   Compiling sha2 v0.10.9
   Compiling prost v0.14.4
   Compiling ianvs_completion_core v0.1.0 (/Users/robinfai/flutter_projects/ianvs-terminal/packages/ianvs_terminal_core/native/completion_core)
   Compiling glob v0.3.4
   Compiling swash v0.2.7
   Compiling russh v0.62.5
    Finished `dev` profile [unoptimized + debuginfo] target(s) in 31.20s
ianvs_terminal_core generated sources are current.
OSC corpus valid: 45 cases, 85 required edge classes
OSC semantic probes valid: 37 intents
    Finished `dev` profile [unoptimized + debuginfo] target(s) in 0.08s
    Finished `test` profile [unoptimized + debuginfo] target(s) in 0.05s
     Running unittests src/lib.rs (target/debug/deps/ianvs_completion_core-59b2de48847223c3)

running 11 tests
test contract_tests::never_evaluates_expansions ... ok
test contract_tests::rejects_unicode_splits_and_unknown_fields ... ok
test tests::host_template_can_match_raw_name_and_insert_escaped_text ... ok
test tests::uses_host_template_suggestions ... ok
test tests::dedupes_static_and_template_suggestions_by_insert_text ... ok
test tests::suggests_static_subcommands ... ok
test contract_tests::edits_middle_without_consuming_suffix ... ok
test contract_tests::local_paths_preserve_tilde_quoting_context_and_utf16_ranges ... ok
test contract_tests::completes_inside_token_and_quotes ... ok
test contract_tests::assignment_and_pipeline_offsets ... ok
test contract_tests::aliases_are_literal_command_candidates_with_source_and_description ... ok

test result: ok. 11 passed; 0 failed; 0 ignored; 0 measured; 0 filtered out; finished in 0.00s

   Doc-tests ianvs_completion_core

running 0 tests

test result: ok. 0 passed; 0 failed; 0 ignored; 0 measured; 0 filtered out; finished in 0.00s

PASS: local zsh real PTY; export, cwd, Unicode, multiline, stale lease, nonempty buffer, continuation, password/raw isolation, close-on-exec, disconnect recovery
ok  	ianvs-terminal/backend	(cached)
ok  	ianvs-terminal/backend/cmd/ianvs-api	(cached)
ok  	ianvs-terminal/backend/internal/auth	(cached)
ok  	ianvs-terminal/backend/internal/config	(cached)
?   	ianvs-terminal/backend/internal/contracttest	[no test files]
ok  	ianvs-terminal/backend/internal/database	(cached)
ok  	ianvs-terminal/backend/internal/httpapi	(cached)
?   	ianvs-terminal/backend/internal/identity	[no test files]
?   	ianvs-terminal/backend/internal/model	[no test files]
ok  	ianvs-terminal/backend/internal/store	(cached)
?   	ianvs-terminal/backend/webui	[no test files]
    Finished `dev` profile [unoptimized + debuginfo] target(s) in 0.35s
    Finished `test` profile [unoptimized + debuginfo] target(s) in 0.23s
     Running unittests src/lib.rs (target/debug/deps/par_term_emu_core_rust-d8db537830ba8b65)

running 1742 tests
test ansi_utils::tests::test_generate_clear_line ... ok
test ansi_utils::tests::test_generate_clear_screen ... ok
test ansi_utils::tests::test_generate_cursor_move ... ok
test ansi_utils::tests::test_generate_cursor_move_large_values ... ok
test ansi_utils::tests::test_generate_sgr ... ok
test ansi_utils::tests::test_generate_sgr_all_attributes ... ok
test ansi_utils::tests::test_generate_sgr_empty ... ok
test ansi_utils::tests::test_generate_sgr_indexed_colors ... ok
test ansi_utils::tests::test_generate_sgr_named_colors ... ok
test ansi_utils::tests::test_generate_sgr_reset ... ok
test ansi_utils::tests::test_measure_text_width ... ok
test ansi_utils::tests::test_measure_text_width_edge_cases ... ok
test ansi_utils::tests::test_parse_color ... ok
test ansi_utils::tests::test_parse_color_hex_case_insensitive ... ok
test ansi_utils::tests::test_parse_color_invalid_formats ... ok
test ansi_utils::tests::test_parse_color_named_variations ... ok
test ansi_utils::tests::test_parse_color_rgb_with_spaces ... ok
test ansi_utils::tests::test_strip_ansi ... ok
test ansi_utils::tests::test_strip_ansi_mixed_content ... ok
test ansi_utils::tests::test_strip_ansi_osc_sequences ... ok
test badge::tests::custom_session_variables_reject_new_keys_at_limit_but_allow_updates ... ok
test badge::tests::test_decode_badge_format_invalid_base64 ... ok
test badge::tests::test_decode_badge_format_invalid_variable_reference ... ok
test badge::tests::test_decode_badge_format_unsafe_content ... ok
test badge::tests::test_decode_badge_format_valid ... ok
test badge::tests::test_evaluate_badge_format_escape_sequences ... ok
test badge::tests::test_evaluate_badge_format_escaped_backslash ... ok
test badge::tests::test_evaluate_badge_format_literal_text ... ok
test badge::tests::test_evaluate_badge_format_mixed ... ok
test badge::tests::test_evaluate_badge_format_simple ... ok
test badge::tests::test_evaluate_badge_format_unknown_variables ... ok
test badge::tests::test_evaluate_badge_format_with_session_prefix ... ok
test badge::tests::test_session_variables_custom ... ok
test badge::tests::test_session_variables_get ... ok
test badge::tests::test_session_variables_new ... ok
test badge::tests::test_session_variables_setters ... ok
test badge::tests::test_validate_badge_format_rejects_dangerous ... ok
test badge::tests::test_validate_badge_format_valid ... ok
test cell::tests::test_all_cell_flags ... ok
test cell::tests::test_cell_clone ... ok
test cell::tests::test_cell_flags ... ok
test cell::tests::test_cell_flags_combinations ... ok
test cell::tests::test_cell_flags_equality ... ok
test cell::tests::test_cell_from_grapheme_uses_cluster_width ... ok
test cell::tests::test_cell_hyperlink_id ... ok
test cell::tests::test_cell_is_empty ... ok
test cell::tests::test_cell_reset ... ok
test cell::tests::test_cell_underline_color ... ok
test cell::tests::test_cell_width ... ok
test cell::tests::test_cell_with_char ... ok
test cell::tests::test_cell_with_colors ... ok
test cell::tests::test_cell_with_emoji ... ok
test cell::tests::test_cell_with_zero_width_char ... ok
test cell::tests::test_default_cell ... ok
test cell::tests::test_underline_style_equality ... ok
test cell::tests::test_underline_styles ... ok
test color::tests::test_all_named_colors ... ok
test color::tests::test_color_cube_256 ... ok
test color::tests::test_color_default ... ok
test color::tests::test_from_ansi_code ... ok
test color::tests::test_grayscale_256 ... ok
test color::tests::test_indexed_color ... ok
test color::tests::test_named_color_from_u8 ... ok
test color::tests::test_named_colors ... ok
test color::tests::test_rgb_color ... ok
test color_utils::tests::test_adjust_brightness_normalized_edge_cases ... ok
test color_utils::tests::test_adjust_contrast_rgb_standalone ... ok
test color_utils::tests::test_adjust_hue_basic ... ok
test color_utils::tests::test_adjust_hue_negative ... ok
test color_utils::tests::test_adjust_hue_wrapping ... ok
test color_utils::tests::test_adjust_saturation_clamping ... ok
test color_utils::tests::test_adjust_saturation_decrease ... ok
test color_utils::tests::test_adjust_saturation_increase ... ok
test color_utils::tests::test_complementary ... ok
test color_utils::tests::test_contrast_ratio ... ok
test color_utils::tests::test_from_hex_invalid_characters ... ok
test color_utils::tests::test_from_hex_invalid_length ... ok
test color_utils::tests::test_from_hex_lowercase ... ok
test color_utils::tests::test_from_hex_without_hash ... ok
test color_utils::tests::test_hex_conversion ... ok
test color_utils::tests::test_hsl_conversion ... ok
test color_utils::tests::test_hsl_roundtrip_edge_cases ... ok
test color_utils::tests::test_is_dark ... ok
test color_utils::tests::test_lighten_darken ... ok
test color_utils::tests::test_luminance_calculation ... ok
test color_utils::tests::test_meets_wcag_aa ... ok
test color_utils::tests::test_meets_wcag_aaa ... ok
test color_utils::tests::test_mix_colors ... ok
test color_utils::tests::test_mix_colors_clamping ... ok
test color_utils::tests::test_perceived_brightness_black ... ok
test color_utils::tests::test_perceived_brightness_blue ... ok
test color_utils::tests::test_perceived_brightness_green ... ok
test color_utils::tests::test_perceived_brightness_red ... ok
test color_utils::tests::test_perceived_brightness_rgb_standalone ... ok
test color_utils::tests::test_perceived_brightness_white ... ok
test color_utils::tests::test_to_ansi_256_color_cube ... ok
test color_utils::tests::test_to_ansi_256_grayscale ... ok
test color_utils::tests::test_to_ansi_256_specific_values ... ok
test color_utils::tests::test_with_min_contrast_dark_on_black ... ok
test color_utils::tests::test_with_min_contrast_light_on_white ... ok
test color_utils::tests::test_with_min_contrast_preserves_hue ... ok
test color_utils::tests::test_with_min_contrast_sufficient ... ok
test color_utils::tests::test_with_min_contrast_zero_minimum ... ok
test conformance_level::tests::test_conformance_level_ordering ... ok
test conformance_level::tests::test_da_identifiers ... ok
test conformance_level::tests::test_default_conformance_level ... ok
test conformance_level::tests::test_display ... ok
test conformance_level::tests::test_feature_support ... ok
test conformance_level::tests::test_from_decscl_param ... ok
test conformance_level::tests::test_level_numbers ... ok
test coprocess::tests::test_coprocess_auto_cleanup_never_policy ... ok
test coprocess::tests::test_coprocess_config_default ... ok
test coprocess::tests::test_coprocess_cwd_traversal_rejected ... ok
test coprocess::tests::test_coprocess_dead_process ... ok
test coprocess::tests::test_coprocess_empty_command ... ok
test coprocess::tests::test_coprocess_feed_output ... ok
test coprocess::tests::test_coprocess_invalid_env_var_name ... ok
test coprocess::tests::test_coprocess_manager_new ... ok
test coprocess::tests::test_coprocess_path_traversal_rejected ... ok
test coprocess::tests::test_coprocess_read_errors_nonexistent ... ok
test coprocess::tests::test_coprocess_restart_always_policy ... ok
test coprocess::tests::test_coprocess_restart_delay ... ok
test coprocess::tests::test_coprocess_restart_on_failure_clean_exit ... ok
test coprocess::tests::test_coprocess_restart_on_failure_nonzero_exit ... ok
test coprocess::tests::test_coprocess_shell_metacharacters_rejected ... ok
test coprocess::tests::test_coprocess_spawn_cat ... ok
test coprocess::tests::test_coprocess_stderr_capture ... ok
test coprocess::tests::test_coprocess_stop_nonexistent ... ok
test coprocess::tests::test_coprocess_write_read ... ok
test cursor::tests::shape_only_override_preserves_blink_and_reset_restores_profile_fallback ... ok
test cursor::tests::test_cursor_bounds_checking ... ok
test cursor::tests::test_cursor_copy ... ok
test cursor::tests::test_cursor_default ... ok
test cursor::tests::test_cursor_equality ... ok
test cursor::tests::test_cursor_goto ... ok
test cursor::tests::test_cursor_move_to_line_start ... ok
test cursor::tests::test_cursor_move_to_next_line ... ok
test cursor::tests::test_cursor_move_to_next_line_at_bottom ... ok
test cursor::tests::test_cursor_movement ... ok
test cursor::tests::test_cursor_style_changes ... ok
test cursor::tests::test_cursor_style_equality ... ok
test cursor::tests::test_cursor_visibility ... ok
test debug::tests::buffer_snapshot_log_message_never_contains_label_or_content ... ok
test debug::tests::osc_dispatch_log_message_never_contains_payload ... ok
test debug::tests::test_debug_level_parsing ... ok
test debug::tests::trace_print_log_message_never_contains_character_or_codepoint ... ok
test grapheme::tests::test_combining_mark_detection ... ok
test grapheme::tests::test_emoji_modifier_base_detection ... ok
test grapheme::tests::test_emoji_modifier_sequence_detection ... ok
test grapheme::tests::test_emoji_tag_detection ... ok
test grapheme::tests::test_emoji_tag_sequence_detection ... ok
test grapheme::tests::test_keycap_sequence_detection ... ok
test grapheme::tests::test_regional_indicator_detection ... ok
test grapheme::tests::test_skin_tone_modifier_detection ... ok
test grapheme::tests::test_variation_selector_detection ... ok
test grapheme::tests::test_wide_grapheme_detection ... ok
test grapheme::tests::test_zero_width_format_detection ... ok
test grapheme::tests::test_zwj_detection ... ok
test graphics::animation::tests::test_animation_add_and_get_frame ... ok
test graphics::animation::tests::test_animation_apply_control_enable_looping_starts_playing ... ok
test graphics::animation::tests::test_animation_apply_control_loading_mode_keeps_playing ... ok
test graphics::animation::tests::test_animation_apply_control_stop_sets_stopped_state ... ok
test graphics::animation::tests::test_animation_basic ... ok
test graphics::animation::tests::test_animation_composition_mode_from_char_invalid ... ok
test graphics::animation::tests::test_animation_control ... ok
test graphics::animation::tests::test_animation_control_from_value_invalid ... ok
test graphics::animation::tests::test_animation_current_frame_method_returns_none_when_no_frames ... ok
test graphics::animation::tests::test_animation_current_frame_method_returns_some_when_frame_exists ... ok
test graphics::animation::tests::test_animation_frame_builder ... ok
test graphics::animation::tests::test_animation_frame_builder_with_composition_alpha_blend ... ok
test graphics::animation::tests::test_animation_frame_builder_with_composition_overwrite ... ok
test graphics::animation::tests::test_animation_frame_builder_with_delay ... ok
test graphics::animation::tests::test_animation_frame_builder_with_gapless ... ok
test graphics::animation::tests::test_animation_frame_builder_with_offset ... ok
test graphics::animation::tests::test_animation_get_nonexistent_frame_returns_none ... ok
test graphics::animation::tests::test_animation_loading_mode_waits_at_last_frame_for_late_frames ... ok
test graphics::animation::tests::test_animation_loops ... ok
test graphics::animation::tests::test_animation_play_does_not_reset_frame_start_time_if_already_set ... ok
test graphics::animation::tests::test_animation_play_sets_frame_start_time ... ok
test graphics::animation::tests::test_animation_set_loops_zero_is_infinite ... ok
test graphics::animation::tests::test_animation_stop_resets_current_frame_field ... ok
test graphics::animation::tests::test_animation_stop_resets_loops_completed ... ok
test graphics::animation::tests::test_animation_update_advances_from_gapless_without_start_time ... ok
test graphics::animation::tests::test_animation_update_returns_false_when_stopped ... ok
test graphics::animation::tests::test_animation_update_skips_gapless_frames ... ok
test graphics::animation::tests::test_composition_mode ... ok
test graphics::iterm::tests::test_build_placement_basic ... ok
test graphics::iterm::tests::test_build_placement_download_mode ... ok
test graphics::iterm::tests::test_build_placement_preserve_aspect_ratio ... ok
test graphics::iterm::tests::test_build_placement_with_dimensions ... ok
test graphics::iterm::tests::test_decode_base64_accepts_missing_padding ... ok
test graphics::iterm::tests::test_decode_base64_ignores_ascii_whitespace ... ok
test graphics::iterm::tests::test_is_inline ... ok
test graphics::iterm::tests::test_parse_dimension_auto ... ok
test graphics::iterm::tests::test_parse_dimension_cells ... ok
test graphics::iterm::tests::test_parse_dimension_invalid ... ok
test graphics::iterm::tests::test_parse_dimension_non_finite_values_are_auto ... ok
test graphics::iterm::tests::test_parse_dimension_non_positive_values_are_auto ... ok
test graphics::iterm::tests::test_parse_dimension_percent ... ok
test graphics::iterm::tests::test_parse_dimension_percent_accepts_space_before_unit ... ok
test graphics::iterm::tests::test_parse_dimension_pixels ... ok
test graphics::iterm::tests::test_parse_dimension_pixels_accepts_space_before_unit ... ok
test graphics::iterm::tests::test_parse_dimension_zero ... ok
test graphics::iterm::tests::test_parse_params_basic ... ok
test graphics::iterm::tests::test_parse_params_full ... ok
test graphics::iterm::tests::test_parse_params_missing_inline ... ok
test graphics::kitty::tests::test_kitty_action_dependent_params_are_order_independent ... ok
test graphics::kitty::tests::test_kitty_action_from_char ... ok
test graphics::kitty::tests::test_kitty_animation_control_rejects_missing_current_frame ... ok
test graphics::kitty::tests::test_kitty_animation_control_rejects_missing_frame_delay_target ... ok
test graphics::kitty::tests::test_kitty_animation_control_sets_current_frame_and_updates_placement ... ok
test graphics::kitty::tests::test_kitty_animation_control_updates_frame_delay ... ok
test graphics::kitty::tests::test_kitty_animation_control_updates_frame_to_gapless ... ok
test graphics::kitty::tests::test_kitty_build_placement_defaults ... ok
test graphics::kitty::tests::test_kitty_build_placement_with_columns_rows ... ok
test graphics::kitty::tests::test_kitty_build_placement_with_offsets ... ok
test graphics::kitty::tests::test_kitty_build_placement_with_source_rect ... ok
test graphics::kitty::tests::test_kitty_compose_updates_current_animation_frame_placement ... ok
test graphics::kitty::tests::test_kitty_compression_default ... ok
test graphics::kitty::tests::test_kitty_compression_from_char ... ok
test graphics::kitty::tests::test_kitty_cursor_movement_parameter ... ok
test graphics::kitty::tests::test_kitty_decompress_zlib_invalid_data ... ok
test graphics::kitty::tests::test_kitty_delete_animation_frame_parses_frame_number ... ok
test graphics::kitty::tests::test_kitty_delete_animation_frame_updates_current_placement ... ok
test graphics::kitty::tests::test_kitty_delete_cell_coordinates_are_one_based ... ok
test graphics::kitty::tests::test_kitty_delete_final_animation_frame_can_release_image ... ok
test graphics::kitty::tests::test_kitty_delete_image_id_range_parses_bounds ... ok
test graphics::kitty::tests::test_kitty_delete_image_number_parses_number_and_placement ... ok
test graphics::kitty::tests::test_kitty_delete_uppercase_requests_image_data_release ... ok
test graphics::kitty::tests::test_kitty_file_security_directory_traversal ... ok
test graphics::kitty::tests::test_kitty_file_security_nonexistent ... ok
test graphics::kitty::tests::test_kitty_file_transmission ... ok
test graphics::kitty::tests::test_kitty_file_transmission_decompresses_file_contents_not_path ... ok
test graphics::kitty::tests::test_kitty_format_from_code ... ok
test graphics::kitty::tests::test_kitty_frame_one_placement_keeps_alternate_screen_scope ... ok
test graphics::kitty::tests::test_kitty_image_number_delete_targets_newest_image ... ok
test graphics::kitty::tests::test_kitty_lowercase_delete_keeps_shared_image_data ... ok
test graphics::kitty::tests::test_kitty_medium_from_char ... ok
test graphics::kitty::tests::test_kitty_negative_z_marks_animation_frame_gapless ... ok
test graphics::kitty::tests::test_kitty_no_compression_flag_unset ... ok
test graphics::kitty::tests::test_kitty_parse_chunk_rejects_data_over_limit ... ok
test graphics::kitty::tests::test_kitty_parse_compression_param ... ok
test graphics::kitty::tests::test_kitty_parser_basic ... ok
test graphics::kitty::tests::test_kitty_parser_chunked ... ok
test graphics::kitty::tests::test_kitty_put_placement_with_z_index ... ok
test graphics::kitty::tests::test_kitty_rejects_image_id_and_number_together ... ok
test graphics::kitty::tests::test_kitty_transmit_display_has_placement ... ok
test graphics::kitty::tests::test_kitty_uppercase_delete_all_releases_unplaced_image_data ... ok
test graphics::kitty::tests::test_kitty_uppercase_delete_releases_unreferenced_image_data ... ok
test graphics::kitty::tests::test_kitty_uppercase_placement_delete_keeps_referenced_image_data ... ok
test graphics::kitty::tests::test_kitty_z_as_frame_delay_for_frames ... ok
test graphics::kitty::tests::test_kitty_z_index_for_placement ... ok
test graphics::kitty::tests::test_kitty_zlib_build_graphic ... ok
test graphics::kitty::tests::test_kitty_zlib_chunked_transfer ... ok
test graphics::kitty::tests::test_kitty_zlib_decompression ... ok
test graphics::kitty::tests::test_kitty_zlib_decompression_rejects_output_over_limit ... ok
test graphics::kitty::tests::test_kitty_zlib_transmit_display_sets_compressed_flag ... ok
test graphics::placeholder::tests::test_create_placeholder_with_diacritics ... ok
test graphics::placeholder::tests::test_diacritic_mapping ... ok
test graphics::placeholder::tests::test_number_to_diacritic ... ok
test graphics::placeholder::tests::test_parse_diacritics ... ok
test graphics::placeholder::tests::test_placeholder_char ... ok
test graphics::placeholder::tests::test_placeholder_info_full_image_id ... ok
test graphics::placeholder::tests::test_placeholder_inheritance ... ok
test graphics::placeholder::tests::test_roundtrip_diacritic_conversion ... ok
test graphics::serialization::tests::test_all_protocols_serialize ... ok
test graphics::serialization::tests::test_empty_snapshot ... ok
test graphics::serialization::tests::test_file_ref_round_trip ... ok
test graphics::serialization::tests::test_graphics_snapshot_import_accepts_json_without_additive_fields ... ok
test graphics::serialization::tests::test_graphics_store_export_with_animations ... ok
test graphics::serialization::tests::test_graphics_store_export_with_scrollback ... ok
test graphics::serialization::tests::test_graphics_store_json_round_trip ... ok
test graphics::serialization::tests::test_graphics_store_round_trip_preserves_kitty_shared_images ... ok
test graphics::serialization::tests::test_graphics_store_round_trip_preserves_virtual_placements ... ok
test graphics::serialization::tests::test_graphics_store_snapshot_round_trip ... ok
test graphics::serialization::tests::test_image_data_ref_serialization ... ok
test graphics::serialization::tests::test_import_snapshot_counts_only_restored_limited_graphics ... ok
test graphics::serialization::tests::test_import_snapshot_limits_animation_frames ... ok
test graphics::serialization::tests::test_placement_metadata_preserved ... ok
test graphics::serialization::tests::test_serializable_graphic_json_round_trip ... ok
test graphics::serialization::tests::test_serializable_graphic_round_trip ... ok
test graphics::serialization::tests::test_unsupported_version ... ok
test graphics::tests::animation_frames_count_toward_total_memory_budget ... ok
test graphics::tests::graphics_at_row_uses_resolved_display_span ... ok
test graphics::tests::iterm_inline_portrait_image_is_capped_to_half_viewport_thumbnail ... ok
test graphics::tests::iterm_inline_thumbnail_cap_does_not_upscale_small_images ... ok
test graphics::tests::iterm_inline_thumbnail_preserves_source_aspect_ratio_when_protocol_disables_it ... ok
test graphics::tests::kitty_deferred_delete_survives_rejected_replacement ... ok
test graphics::tests::kitty_delete_hit_testing_uses_requested_cell_span ... ok
test graphics::tests::kitty_delete_hit_testing_uses_resolved_percent_span ... ok
test graphics::tests::kitty_predicate_delete_preserves_render_id_for_immediate_replacement ... ok
test graphics::tests::kitty_scroll_up_uses_resolved_display_span ... ok
test graphics::tests::memory_eviction_prefers_non_visible_graphics ... ok
test graphics::tests::non_thumbnail_cell_span_honors_single_dimension_without_preserving_aspect_ratio ... ok
test graphics::tests::nonzero_top_scroll_region_clips_graphics_without_scrollback ... ok
test graphics::tests::replacing_current_animation_frame_refreshes_kitty_references ... ok
test graphics::tests::resolved_cell_span_includes_kitty_cell_offsets ... ok
test graphics::tests::resolved_cell_span_uses_kitty_source_rectangle ... ok
test graphics::tests::scrollback_graphics_count_toward_total_memory_budget ... ok
test graphics::tests::scrollback_row_tracks_graphic_original_row ... ok
test graphics::tests::test_cell_span_ceiling_division ... ok
test graphics::tests::test_cell_span_exact_fit ... ok
test graphics::tests::test_cell_span_uses_stored_dimensions_when_set ... ok
test graphics::tests::test_graphic_content_version_is_json_safe ... ok
test graphics::tests::test_graphic_protocol_as_str ... ok
test graphics::tests::test_graphics_at_row_empty_store ... ok
test graphics::tests::test_graphics_at_row_includes_graphic ... ok
test graphics::tests::test_graphics_at_row_out_of_range ... ok
test graphics::tests::test_graphics_store_add_remove ... ok
test graphics::tests::test_graphics_store_kitty_image ... ok
test graphics::tests::test_height_in_rows_ceiling ... ok
test graphics::tests::test_height_in_rows_exact ... ok
test graphics::tests::test_height_in_rows_uses_stored_cell_height ... ok
test graphics::tests::test_image_dimension_constructors ... ok
test graphics::tests::test_image_dimension_negative_is_auto ... ok
test graphics::tests::test_image_dimension_zero_is_auto ... ok
test graphics::tests::test_image_display_mode ... ok
test graphics::tests::test_image_placement_defaults ... ok
test graphics::tests::test_image_placement_download ... ok
test graphics::tests::test_image_placement_inline ... ok
test graphics::tests::test_image_size_unit ... ok
test graphics::tests::test_original_dimensions_preserved_after_mutation ... ok
test graphics::tests::test_original_dimensions_with_shared_pixels ... ok
test graphics::tests::test_sample_half_block_out_of_bounds_returns_none ... ok
test graphics::tests::test_sample_half_block_returns_colors ... ok
test graphics::tests::test_set_cell_dimensions_affects_cell_span ... ok
test graphics::tests::test_terminal_graphic_has_default_placement ... ok
test graphics::tests::test_terminal_graphic_new ... ok
test graphics::tests::test_terminal_graphic_pixel_at ... ok
test grid::tests::full_screen_scroll_up_uses_logical_row_order ... ok
test grid::tests::grid_debug_output_never_contains_cell_or_zone_content ... ok
test grid::tests::insert_delete_lines_after_row_ring_preserve_logical_rows ... ok
test grid::tests::partial_scroll_after_row_ring_normalizes_before_slice_rotation ... ok
test grid::tests::scroll_region_down_preserves_outside_rows_wrapped_and_damage ... ok
test grid::tests::scroll_region_up_preserves_outside_rows_wrapped_and_damage ... ok
test grid::tests::scroll_up_preserves_scrollback_wrapped_and_damage ... ok
test grid::tests::snapshot_and_resize_keep_logical_rows_after_row_ring_scroll ... ok
test grid::tests::snapshot_tests::test_capture_basic_content ... ok
test grid::tests::snapshot_tests::test_damage_falls_back_to_full_repaint_for_conflicting_scroll_regions ... ok
test grid::tests::snapshot_tests::test_damage_marks_only_the_mutated_row_for_single_cell_updates ... ok
test grid::tests::snapshot_tests::test_damage_marks_row_mut_borrowed_rows ... ok
test grid::tests::snapshot_tests::test_damage_tracks_full_screen_scroll_regions ... ok
test grid::tests::snapshot_tests::test_roundtrip_restore ... ok
test grid::tests::snapshot_tests::test_scrollback_roundtrip ... ok
test grid::tests::test_change_attributes_in_rectangle ... ok
test grid::tests::test_clear_line_left ... ok
test grid::tests::test_clear_line_operations ... ok
test grid::tests::test_clear_row ... ok
test grid::tests::test_clear_screen_above ... ok
test grid::tests::test_clear_screen_operations ... ok
test grid::tests::test_content_as_string ... ok
test grid::tests::test_copy_rectangle ... ok
test grid::tests::test_copy_rectangle_to_different_location ... ok
test grid::tests::test_debug_snapshot ... ok
test grid::tests::test_delete_chars_at_wide_spacer_deletes_whole_grapheme ... ok
test grid::tests::test_delete_chars_boundary ... ok
test grid::tests::test_delete_lines_edge_case ... ok
test grid::tests::test_erase_chars_at_wide_spacer_erases_whole_grapheme ... ok
test grid::tests::test_erase_chars_boundary ... ok
test grid::tests::test_erase_rectangle ... ok
test grid::tests::test_erase_rectangle_unconditional ... ok
test grid::tests::test_export_styled_buffer ... ok
test grid::tests::test_export_text_buffer_basic ... ok
test grid::tests::test_export_text_buffer_handles_wrapped_lines ... ok
test grid::tests::test_export_text_buffer_trims_trailing_spaces ... ok
test grid::tests::test_export_text_buffer_wide_chars ... ok
test grid::tests::test_export_text_buffer_with_scrollback ... ok
test grid::tests::test_fill_rectangle ... ok
test grid::tests::test_fill_rectangle_boundaries ... ok
test grid::tests::test_get_out_of_bounds ... ok
test grid::tests::test_grid_clear ... ok
test grid::tests::test_grid_creation ... ok
test grid::tests::test_grid_resize ... ok
test grid::tests::test_grid_scroll ... ok
test grid::tests::test_grid_set_get ... ok
test grid::tests::test_insert_chars_at_end_of_line ... ok
test grid::tests::test_insert_chars_at_wide_spacer_does_not_leave_fragments ... ok
test grid::tests::test_insert_lines_edge_case ... ok
test grid::tests::test_is_scrollback_wrapped_circular ... ok
test grid::tests::test_resize_preserves_scrollback_when_width_unchanged ... ok
test grid::tests::test_resize_reflows_scrollback_when_width_changes ... ok
test grid::tests::test_resize_smaller ... ok
test grid::tests::test_reverse_attributes_in_rectangle ... ok
test grid::tests::test_row_access ... ok
test grid::tests::test_row_text ... ok
test grid::tests::test_row_text_with_wide_chars ... ok
test grid::tests::test_scroll_down_no_scrollback ... ok
test grid::tests::test_scroll_region_down ... ok
test grid::tests::test_scroll_region_up ... ok
test grid::tests::test_scrollback_limit ... ok
test grid::tests::test_scrollback_line_circular_buffer ... ok
test grid::tests::test_scrollback_reflow_circular_buffer ... ok
test grid::tests::test_scrollback_reflow_empty_scrollback ... ok
test grid::tests::test_scrollback_reflow_max_scrollback_limit ... ok
test grid::tests::test_scrollback_reflow_multiple_logical_lines ... ok
test grid::tests::test_scrollback_reflow_preserves_colors ... ok
test grid::tests::test_scrollback_reflow_same_width ... ok
test grid::tests::test_scrollback_reflow_wide_chars ... ok
test grid::tests::test_scrollback_reflow_width_decrease_rewraps ... ok
test grid::tests::test_scrollback_reflow_width_increase_unwraps ... ok
test grid::tests::test_scrollback_reflow_wrapped_chain ... ok
test grid::tests::test_set_line_wrapped_bounds ... ok
test grid::tests::top_anchored_partial_scroll_region_pushes_scrollback ... ok
test grid::tests::zone_tests::test_grid_clear_zones ... ok
test grid::tests::zone_tests::test_grid_close_current_zone ... ok
test grid::tests::zone_tests::test_grid_evict_zones ... ok
test grid::tests::zone_tests::test_grid_evict_zones_partial ... ok
test grid::tests::zone_tests::test_grid_push_zone ... ok
test grid::tests::zone_tests::test_grid_zone_at ... ok
test grid::tests::zone_tests::test_grid_zones_empty ... ok
test html_export::tests::runtime_palette_resolves_extended_index_for_html ... ok
test html_export::tests::test_ansi_colors_render ... ok
test html_export::tests::test_basic_text_renders_correctly ... ok
test html_export::tests::test_blink_attribute_renders ... ok
test html_export::tests::test_bold_attribute_renders ... ok
test html_export::tests::test_dim_attribute_renders ... ok
test html_export::tests::test_empty_grid_produces_valid_output ... ok
test html_export::tests::test_export_html_basic ... ok
test html_export::tests::test_export_html_with_styles ... ok
test html_export::tests::test_hidden_attribute_renders ... ok
test html_export::tests::test_html_special_characters_escaped ... ok
test html_export::tests::test_include_styles_false_produces_content_only ... ok
test html_export::tests::test_include_styles_true_produces_full_document ... ok
test html_export::tests::test_italic_attribute_renders ... ok
test html_export::tests::test_multiple_attributes_combined ... ok
test html_export::tests::test_reverse_video_swaps_colors ... ok
test html_export::tests::test_rgb_colors_render ... ok
test html_export::tests::test_scrollback_included_in_export ... ok
test html_export::tests::test_strikethrough_attribute_renders ... ok
test html_export::tests::test_underline_attribute_renders ... ok
test html_export::tests::test_wide_characters_cjk ... ok
test macros::tests::test_key_parser ... ok
test macros::tests::test_macro_creation ... ok
test macros::tests::test_pause_resume ... ok
test macros::tests::test_playback ... ok
test macros::tests::test_yaml_serialization ... ok
test mouse::tests::test_mouse_encoding_equality ... ok
test mouse::tests::test_mouse_event_at_origin ... ok
test mouse::tests::test_mouse_event_buttons ... ok
test mouse::tests::test_mouse_event_default_encoding ... ok
test mouse::tests::test_mouse_event_equality ... ok
test mouse::tests::test_mouse_event_large_coordinates ... ok
test mouse::tests::test_mouse_event_mode_filtering ... ok
test mouse::tests::test_mouse_event_release ... ok
test mouse::tests::test_mouse_event_sgr ... ok
test mouse::tests::test_mouse_event_urxvt_encoding ... ok
test mouse::tests::test_mouse_event_urxvt_release ... ok
test mouse::tests::test_mouse_event_utf8_encoding ... ok
test mouse::tests::test_mouse_event_utf8_large_coordinates ... ok
test mouse::tests::test_mouse_event_with_modifiers ... ok
test mouse::tests::test_mouse_event_with_multiple_modifiers ... ok
test mouse::tests::test_mouse_mode_equality ... ok
test observer::tests::observer_registration_survives_ris_and_receives_reset ... ok
test observer::tests::specialized_polling_preserves_push_observer_dispatch_cursor ... ok
test pty_error::tests::test_all_error_variants ... ok
test pty_error::tests::test_error_debug_format ... ok
test pty_error::tests::test_error_source ... ok
test pty_error::tests::test_io_error_display ... ok
test pty_error::tests::test_io_error_from_conversion ... ok
test pty_error::tests::test_lock_error_display ... ok
test pty_error::tests::test_not_started_error_display ... ok
test pty_error::tests::test_process_exited_error_display ... ok
test pty_error::tests::test_process_spawn_error_display ... ok
test pty_error::tests::test_resize_error_display ... ok
test pty_session::tests::spawn_log_message_never_contains_arguments ... ok
test pty_session::tests::test_bell_count_initial ... ok
test pty_session::tests::test_env_not_leaked_to_parent ... ok
test pty_session::tests::test_get_default_shell ... ok
test pty_session::tests::test_get_default_shell_not_empty ... ok
test pty_session::tests::test_get_writer_before_spawn_is_none ... ok
test pty_session::tests::test_has_updates_since_older_generation ... ok
test pty_session::tests::test_has_updates_since_same_generation ... ok
test pty_session::tests::test_is_running_initially_false ... ok
test pty_session::tests::test_kill_before_spawn_returns_error ... ok
test pty_session::tests::test_new_pty_session ... ok
test pty_session::tests::test_new_with_different_sizes ... ok
test pty_session::tests::test_resize ... ok
test pty_session::tests::test_resize_multiple_times ... ok
test pty_session::tests::test_resize_to_large_size ... ok
test pty_session::tests::test_resize_to_small_size ... ok
test pty_session::tests::test_resize_with_pixels_before_spawn ... ok
test pty_session::tests::test_scrollback_initial_empty ... ok
test pty_session::tests::test_scrollback_len_initial ... ok
test pty_session::tests::test_set_and_clear_output_callback ... ok
test pty_session::tests::test_set_cwd ... ok
test pty_session::tests::test_set_env ... ok
test pty_session::tests::test_set_env_with_empty_values ... ok
test pty_session::tests::test_set_env_with_unicode ... ok
test pty_session::tests::test_set_multiple_env_vars ... ok
test pty_session::tests::test_size_getters ... ok
test pty_session::tests::test_spawn_and_exit ... ok
test pty_session::tests::test_spawn_shell_with_env ... ok
test pty_session::tests::test_spawn_shell_with_env_cwd ... ok
test pty_session::tests::test_spawn_with_empty_env ... ok
test pty_session::tests::test_spawn_with_env ... ok
test pty_session::tests::test_spawn_with_env_and_set_env_combined ... ok
test pty_session::tests::test_spawn_with_env_cwd ... ignored
test pty_session::tests::test_terminal_access ... ok
test pty_session::tests::test_terminal_locked_state ... ok
test pty_session::tests::test_try_wait_before_spawn_returns_error ... ok
test pty_session::tests::test_update_generation ... ok
test pty_session::tests::test_write_empty_data ... ok
test pty_session::tests::test_write_str_before_spawn_returns_error ... ok
test pty_session::tests::test_write_to_pty ... ok
test screenshot::config::tests::test_builder_pattern_chaining ... ok
test screenshot::config::tests::test_config_clone ... ok
test screenshot::config::tests::test_config_debug ... ok
test screenshot::config::tests::test_default_config ... ok
test screenshot::config::tests::test_default_faint_text_alpha ... ok
test screenshot::config::tests::test_default_minimum_contrast ... ok
test screenshot::config::tests::test_image_format_default ... ok
test screenshot::config::tests::test_image_format_equality ... ok
test screenshot::config::tests::test_new_config ... ok
test screenshot::config::tests::test_sixel_render_mode_equality ... ok
test screenshot::config::tests::test_with_bold_brightening ... ok
test screenshot::config::tests::test_with_bold_color ... ok
test screenshot::config::tests::test_with_cursor ... ok
test screenshot::config::tests::test_with_faint_text_alpha ... ok
test screenshot::config::tests::test_with_font_path ... ok
test screenshot::config::tests::test_with_font_size ... ok
test screenshot::config::tests::test_with_format ... ok
test screenshot::config::tests::test_with_link_color ... ok
test screenshot::config::tests::test_with_minimum_contrast ... ok
test screenshot::config::tests::test_with_minimum_contrast_clamping ... ok
test screenshot::config::tests::test_with_padding ... ok
test screenshot::config::tests::test_with_quality ... ok
test screenshot::config::tests::test_with_quality_clamped ... ok
test screenshot::config::tests::test_with_quality_minimum ... ok
test screenshot::config::tests::test_with_scrollback ... ok
test screenshot::config::tests::test_with_sixel_mode ... ok
test screenshot::config::tests::test_with_use_bold_color ... ok
test screenshot::error::tests::test_all_error_variants_create ... ok
test screenshot::error::tests::test_error_debug_format ... ok
test screenshot::error::tests::test_error_source_io_error ... ok
test screenshot::error::tests::test_error_source_other_errors ... ok
test screenshot::error::tests::test_font_load_error_display ... ok
test screenshot::error::tests::test_format_error_display ... ok
test screenshot::error::tests::test_from_image_error ... ok
test screenshot::error::tests::test_from_io_error ... ok
test screenshot::error::tests::test_invalid_config_display ... ok
test screenshot::error::tests::test_io_error_display ... ok
test screenshot::error::tests::test_render_error_display ... ok
test screenshot::error::tests::test_screenshot_result_type ... ok
test screenshot::font_cache::tests::test_advance_width_calculation ... ok
test screenshot::font_cache::tests::test_font_cache_creation ... ok
test screenshot::font_cache::tests::test_font_metrics ... ok
test screenshot::font_cache::tests::test_glyph_caching ... ok
test screenshot::formats::bmp::tests::test_bmp_is_larger_than_compressed ... ok
test screenshot::formats::bmp::tests::test_encode_colored_image ... ok
test screenshot::formats::bmp::tests::test_encode_empty_image ... ok
test screenshot::formats::bmp::tests::test_encode_output_can_be_decoded ... ok
test screenshot::formats::bmp::tests::test_encode_various_sizes ... ok
test screenshot::formats::bmp::tests::test_encode_with_transparency ... ok
test screenshot::formats::jpeg::tests::test_encode_colored_image ... ok
test screenshot::formats::jpeg::tests::test_encode_different_quality_levels ... ok
test screenshot::formats::jpeg::tests::test_encode_discards_alpha_channel ... ok
test screenshot::formats::jpeg::tests::test_encode_empty_image ... ok
test screenshot::formats::jpeg::tests::test_encode_output_can_be_decoded ... ok
test screenshot::formats::jpeg::tests::test_encode_quality_clamping ... ok
test screenshot::formats::jpeg::tests::test_encode_various_sizes ... ok
test screenshot::formats::png::tests::test_encode_colored_image ... ok
test screenshot::formats::png::tests::test_encode_empty_image ... ok
test screenshot::formats::png::tests::test_encode_output_can_be_decoded ... ok
test screenshot::formats::png::tests::test_encode_various_sizes ... ok
test screenshot::formats::png::tests::test_encode_with_transparency ... ok
test screenshot::formats::svg::tests::svg_resolves_extended_index_through_runtime_palette ... ok
test screenshot::formats::svg::tests::test_baseline_position ... ok
test screenshot::formats::svg::tests::test_canvas_size_with_padding ... ok
test screenshot::formats::svg::tests::test_class_attribute_building ... ok
test screenshot::formats::svg::tests::test_dimension_calculations ... ok
test screenshot::formats::svg::tests::test_empty_class_attribute ... ok
test screenshot::formats::svg::tests::test_escape_xml_all_special_chars ... ok
test screenshot::formats::svg::tests::test_escape_xml_mixed_content ... ok
test screenshot::formats::svg::tests::test_escape_xml_no_special_chars ... ok
test screenshot::formats::svg::tests::test_is_default_color_black ... ok
test screenshot::formats::svg::tests::test_is_default_color_indexed ... ok
test screenshot::formats::svg::tests::test_is_default_color_rgb ... ok
test screenshot::formats::svg::tests::test_is_default_color_white ... ok
test screenshot::formats::svg::tests::test_svg_contains_css_styles ... ok
test screenshot::formats::svg::tests::test_svg_contains_xml_declaration ... ok
test screenshot::formats::svg::tests::test_svg_contains_xmlns ... ok
test screenshot::formats::svg::tests::test_svg_empty_grid ... ok
test screenshot::formats::svg::tests::test_svg_encode_basic ... ok
test screenshot::formats::svg::tests::test_svg_has_background_rect ... ok
test screenshot::formats::svg::tests::test_svg_run_grouping ... ok
test screenshot::formats::svg::tests::test_svg_single_character ... ok
test screenshot::formats::svg::tests::test_svg_special_chars_escaped ... ok
test screenshot::formats::svg::tests::test_svg_viewbox_matches_dimensions ... ok
test screenshot::formats::svg::tests::test_svg_with_bold_text ... ok
test screenshot::formats::svg::tests::test_svg_with_custom_font_size ... ok
test screenshot::formats::svg::tests::test_svg_with_custom_padding ... ok
test screenshot::formats::svg::tests::test_svg_with_dim_text ... ok
test screenshot::formats::svg::tests::test_svg_with_italic_text ... ok
test screenshot::formats::svg::tests::test_svg_with_multiple_classes ... ok
test screenshot::formats::svg::tests::test_svg_with_rgb_color ... ok
test screenshot::formats::svg::tests::test_svg_with_strikethrough_text ... ok
test screenshot::formats::svg::tests::test_svg_with_underline_text ... ok
test screenshot::formats::svg::tests::test_svg_xml_escaping ... ok
test screenshot::formats::svg::tests::test_x_position_calculation ... ok
test screenshot::renderer::tests::renderer_resolves_extended_index_through_runtime_palette ... ok
test screenshot::renderer::tests::test_alpha_blending_calculation ... ok
test screenshot::renderer::tests::test_baseline_calculation_with_extra_space ... ok
test screenshot::renderer::tests::test_baseline_calculation_with_padding ... ok
test screenshot::renderer::tests::test_block_element_full_block ... ok
test screenshot::renderer::tests::test_block_element_left_half ... ok
test screenshot::renderer::tests::test_block_element_lower_half ... ok
test screenshot::renderer::tests::test_block_element_right_half ... ok
test screenshot::renderer::tests::test_block_element_upper_half ... ok
test screenshot::renderer::tests::test_box_drawing_character_detection ... ok
test screenshot::renderer::tests::test_box_drawing_no_vertical_padding ... ok
test screenshot::renderer::tests::test_byte_to_char_index_mapping ... ok
test screenshot::renderer::tests::test_canvas_dimension_calculations ... ok
test screenshot::renderer::tests::test_canvas_with_multipliers ... ok
test screenshot::renderer::tests::test_color_swap_for_reverse ... ok
test screenshot::renderer::tests::test_config_background_color_unwrap ... ok
test screenshot::renderer::tests::test_config_with_custom_colors ... ok
test screenshot::renderer::tests::test_contains_regional_indicators_empty_string ... ok
test screenshot::renderer::tests::test_contains_regional_indicators_multiple_flags ... ok
test screenshot::renderer::tests::test_contains_regional_indicators_with_emoji_no_flag ... ok
test screenshot::renderer::tests::test_contains_regional_indicators_with_flag ... ok
test screenshot::renderer::tests::test_contains_regional_indicators_without_flag ... ok
test screenshot::renderer::tests::test_curly_underline_sine_wave ... ok
test screenshot::renderer::tests::test_cursor_style_variants ... ok
test screenshot::renderer::tests::test_dashed_underline_pattern ... ok
test screenshot::renderer::tests::test_dim_color_calculation ... ok
test screenshot::renderer::tests::test_dotted_underline_pattern ... ok
test screenshot::renderer::tests::test_harfbuzz_fixed_point_conversion ... ok
test screenshot::renderer::tests::test_non_block_character ... ok
test screenshot::renderer::tests::test_regional_indicator_range ... ok
test screenshot::renderer::tests::test_regular_char_gets_vertical_padding ... ok
test screenshot::renderer::tests::test_render_background ... ok
test screenshot::renderer::tests::test_render_cursor_block_modifies_pixels ... ok
test screenshot::renderer::tests::test_render_double_underline_draws_two_lines ... ok
test screenshot::renderer::tests::test_render_overline_draws_at_top ... ok
test screenshot::renderer::tests::test_render_straight_underline_pixels ... ok
test screenshot::renderer::tests::test_render_strikethrough_at_vertical_midpoint ... ok
test screenshot::renderer::tests::test_render_strikethrough_draws_pixels ... ok
test screenshot::renderer::tests::test_resolve_colors_normal ... ok
test screenshot::renderer::tests::test_resolve_colors_with_dim ... ok
test screenshot::renderer::tests::test_resolve_colors_with_reverse ... ok
test screenshot::renderer::tests::test_sixel_halfblock_sampling_positions ... ok
test screenshot::renderer::tests::test_sixel_render_mode_matching ... ok
test screenshot::renderer::tests::test_underline_style_matching ... ok
test screenshot::renderer::tests::test_wide_char_column_mapping ... ok
test screenshot::shaper::tests::test_basic_shaping ... ok
test screenshot::shaper::tests::test_cjk_detection ... ok
test screenshot::shaper::tests::test_emoji_detection ... ok
test screenshot::shaper::tests::test_shaper_creation ... ok
test screenshot::tests::test_basic_screenshot ... ok
test screenshot::tests::test_cjk_with_flags ... ok
test screenshot::tests::test_flag_emoji_rendering ... ok
test screenshot::tests::test_mixed_content_with_flags ... ok
test screenshot::tests::test_multiple_flag_emojis ... ok
test screenshot::tests::test_regional_indicator_detection ... ok
test screenshot::tests::test_regular_emoji_still_works ... ok
test screenshot::utils::tests::test_blend_grayscale_pixel ... ok
test screenshot::utils::tests::test_blend_out_of_bounds ... ok
test screenshot::utils::tests::test_blend_rgba_pixel ... ok
test screenshot::utils::tests::test_blend_zero_alpha ... ok
test screenshot::utils::tests::test_cjk_comprehensive_ranges ... ok
test screenshot::utils::tests::test_is_cjk ... ok
test screenshot::utils::tests::test_is_emoji ... ok
test shell_integration::tests::debug_output_redacts_shell_context_values ... ok
test shell_integration::tests::test_shell_integration_clone ... ok
test shell_integration::tests::test_shell_integration_command ... ok
test shell_integration::tests::test_shell_integration_command_updates ... ok
test shell_integration::tests::test_shell_integration_cwd ... ok
test shell_integration::tests::test_shell_integration_cwd_updates ... ok
test shell_integration::tests::test_shell_integration_default ... ok
test shell_integration::tests::test_shell_integration_empty_command ... ok
test shell_integration::tests::test_shell_integration_exit_codes ... ok
test shell_integration::tests::test_shell_integration_full_workflow ... ok
test shell_integration::tests::test_shell_integration_hostname ... ok
test shell_integration::tests::test_shell_integration_hostname_updates ... ok
test shell_integration::tests::test_shell_integration_in_command_input_states ... ok
test shell_integration::tests::test_shell_integration_in_command_output_states ... ok
test shell_integration::tests::test_shell_integration_in_prompt_states ... ok
test shell_integration::tests::test_shell_integration_marker_equality ... ok
test shell_integration::tests::test_shell_integration_marker_transitions ... ok
test shell_integration::tests::test_shell_integration_markers ... ok
test shell_integration::tests::test_shell_integration_username ... ok
test sixel::tests::test_sixel_color_from_hls_primary_hues ... ok
test sixel::tests::test_sixel_color_from_rgb ... ok
test sixel::tests::test_sixel_color_percent_values_clamp_before_conversion ... ok
test sixel::tests::test_sixel_graphic_fill ... ok
test sixel::tests::test_sixel_graphic_set_get_pixel ... ok
test sixel::tests::test_sixel_hls_percent_values_clamp_before_conversion ... ok
test sixel::tests::test_sixel_parser_basic ... ok
test sixel::tests::test_sixel_parser_carriage_return ... ok
test sixel::tests::test_sixel_parser_color ... ok
test sixel::tests::test_sixel_parser_color_definition_clamps_out_of_range_percentages ... ok
test sixel::tests::test_sixel_parser_dimension_limits ... ok
test sixel::tests::test_sixel_parser_hls_color_definition ... ok
test sixel::tests::test_sixel_parser_ignores_zero_raster_pixel_aspect_ratio_component ... ok
test sixel::tests::test_sixel_parser_new_line ... ok
test sixel::tests::test_sixel_parser_new_line_clamps_to_renderable_height ... ok
test sixel::tests::test_sixel_parser_omitted_macro_param_defaults_to_two_to_one ... ok
test sixel::tests::test_sixel_parser_opaque_background_fills_unpainted_raster_pixels ... ok
test sixel::tests::test_sixel_parser_raster_attributes_override_macro_param ... ok
test sixel::tests::test_sixel_parser_records_non_square_raster_pixel_aspect_ratio ... ok
test sixel::tests::test_sixel_parser_repeat ... ok
test sixel::tests::test_sixel_parser_repeat_clamped ... ok
test sixel::tests::test_sixel_parser_sparse_data_preserves_full_sixel_band_height ... ok
test sixel::tests::test_sixel_parser_sparse_transparent_data_preserves_clear_band_rows ... ok
test sixel::tests::test_sixel_parser_tracks_data_seen_without_treating_zero_repeat_as_data ... ok
test sixel::tests::test_sixel_parser_transparent_background_keeps_unpainted_pixels_clear ... ok
test sixel::tests::test_sixel_parser_width_reaches_configured_limit ... ok
test sixel::tests::test_sixel_parser_zero_raster_dimensions_fall_back_to_data_extents ... ok
test streaming::error::tests::test_streaming_error_debug_impl ... ok
test streaming::error::tests::test_streaming_error_debug_invalid_preset ... ok
test streaming::error::tests::test_streaming_error_debug_max_sessions ... ok
test streaming::error::tests::test_streaming_error_debug_session_not_found ... ok
test streaming::error::tests::test_streaming_error_display_auth_failed ... ok
test streaming::error::tests::test_streaming_error_display_client_disconnected ... ok
test streaming::error::tests::test_streaming_error_display_connection_closed ... ok
test streaming::error::tests::test_streaming_error_display_invalid_input ... ok
test streaming::error::tests::test_streaming_error_display_invalid_message ... ok
test streaming::error::tests::test_streaming_error_display_invalid_preset ... ok
test streaming::error::tests::test_streaming_error_display_io ... ok
test streaming::error::tests::test_streaming_error_display_max_clients ... ok
test streaming::error::tests::test_streaming_error_display_max_sessions ... ok
test streaming::error::tests::test_streaming_error_display_permission_denied ... ok
test streaming::error::tests::test_streaming_error_display_rate_limit ... ok
test streaming::error::tests::test_streaming_error_display_serialization ... ok
test streaming::error::tests::test_streaming_error_display_server_error ... ok
test streaming::error::tests::test_streaming_error_display_session_not_found ... ok
test streaming::error::tests::test_streaming_error_display_terminal_error ... ok
test streaming::error::tests::test_streaming_error_display_websocket ... ok
test streaming::error::tests::test_streaming_error_from_io_error ... ok
test streaming::error::tests::test_streaming_error_from_serde_error ... ok
test streaming::error::tests::test_streaming_error_is_std_error ... ok
test streaming::protocol::tests::test_client_message_input_serialization ... ok
test streaming::protocol::tests::test_client_message_resize_serialization ... ok
test streaming::protocol::tests::test_connected_full_serialization ... ok
test streaming::protocol::tests::test_connected_message_with_theme ... ok
test streaming::protocol::tests::test_cwd_changed_serialization ... ok
test streaming::protocol::tests::test_event_type_cwd_trigger_serialization ... ok
test streaming::protocol::tests::test_event_type_serialization ... ok
test streaming::protocol::tests::test_event_type_snapshot_serialization ... ok
test streaming::protocol::tests::test_semantic_snapshot_serialization ... ok
test streaming::protocol::tests::test_server_message_connected_serialization ... ok
test streaming::protocol::tests::test_server_message_error_serialization ... ok
test streaming::protocol::tests::test_server_message_output_serialization ... ok
test streaming::protocol::tests::test_server_message_resize_serialization ... ok
test streaming::protocol::tests::test_snapshot_request_serialization ... ok
test streaming::protocol::tests::test_theme_info_serialization ... ok
test streaming::protocol::tests::test_trigger_matched_serialization ... ok
test terminal::clipboard::tests::test_add_and_get_clipboard_history ... ok
test terminal::clipboard::tests::test_clear_all_clipboard_history ... ok
test terminal::clipboard::tests::test_clear_clipboard_history ... ok
test terminal::clipboard::tests::test_clear_clipboard_sync_events ... ok
test terminal::clipboard::tests::test_clipboard_history_truncates_large_content ... ok
test terminal::clipboard::tests::test_clipboard_history_with_label ... ok
test terminal::clipboard::tests::test_get_clipboard_from_slot_initially_none ... ok
test terminal::clipboard::tests::test_get_clipboard_initial_none ... ok
test terminal::clipboard::tests::test_get_latest_clipboard_returns_last ... ok
test terminal::clipboard::tests::test_max_clipboard_sync_events_setter ... ok
test terminal::clipboard::tests::test_record_clipboard_sync_and_get_events ... ok
test terminal::clipboard::tests::test_search_clipboard_history_across_all_slots ... ok
test terminal::clipboard::tests::test_search_clipboard_history_finds_match ... ok
test terminal::clipboard::tests::test_search_clipboard_history_no_match ... ok
test terminal::clipboard::tests::test_set_and_get_clipboard_osc52 ... ok
test terminal::clipboard::tests::test_set_and_get_clipboard_with_slot ... ok
test terminal::clipboard::tests::test_set_clipboard_none_clears ... ok
test terminal::colors::tests::dynamic_color_queries_resolve_indexed_values_through_current_palette ... ok
test terminal::colors::tests::dynamic_defaults_recolor_existing_default_glyphs_but_not_explicit_same_rgb ... ok
test terminal::colors::tests::dynamic_defaults_recolor_scrollback_and_scrollback_export_by_provenance ... ok
test terminal::colors::tests::osc4_extended_palette_set_query_and_profile_baseline_reset ... ok
test terminal::colors::tests::osc4_ignores_invalid_indices_without_mutating_or_responding ... ok
test terminal::colors::tests::osc4_multi_pair_and_osc104_multi_index_cover_palette_boundaries ... ok
test terminal::colors::tests::resolve_color_rgb_uses_runtime_extended_palette ... ok
test terminal::colors::tests::ris_reseeds_blank_cells_for_profile_baseline_after_scroll_and_erase ... ok
test terminal::colors::tests::ris_restores_and_preserves_profile_color_baselines ... ok
test terminal::colors::tests::terminal_svg_and_html_exports_use_runtime_extended_palette ... ok
test terminal::colors::tests::test_ansi_palette_indexed_colors ... ok
test terminal::colors::tests::test_ansi_palette_preservation ... ok
test terminal::colors::tests::test_badge_color_get_set ... ok
test terminal::colors::tests::test_bold_color_get_set ... ok
test terminal::colors::tests::test_color_flags_independence ... ok
test terminal::colors::tests::test_cursor_color_get_set ... ok
test terminal::colors::tests::test_cursor_guide_color_get_set ... ok
test terminal::colors::tests::test_default_ansi_palette ... ok
test terminal::colors::tests::test_default_bg_get_set ... ok
test terminal::colors::tests::test_default_bg_update_preserves_explicit_same_color_cells ... ok
test terminal::colors::tests::test_default_fg_get_set ... ok
test terminal::colors::tests::test_default_fg_update_preserves_explicit_same_color_cells ... ok
test terminal::colors::tests::test_faint_text_alpha_get_set ... ok
test terminal::colors::tests::test_link_color_get_set ... ok
test terminal::colors::tests::test_match_color_get_set ... ok
test terminal::colors::tests::test_multiple_color_settings ... ok
test terminal::colors::tests::test_selection_bg_color_get_set ... ok
test terminal::colors::tests::test_selection_fg_color_get_set ... ok
test terminal::colors::tests::test_set_ansi_palette_color_boundary ... ok
test terminal::colors::tests::test_set_ansi_palette_color_invalid_index ... ok
test terminal::colors::tests::test_set_ansi_palette_color_valid_indices ... ok
test terminal::colors::tests::test_smart_cursor_color_get_set ... ok
test terminal::colors::tests::test_use_bold_color_get_set ... ok
test terminal::colors::tests::test_use_cursor_guide_get_set ... ok
test terminal::colors::tests::test_use_selected_text_color_get_set ... ok
test terminal::colors::tests::test_use_underline_color_get_set ... ok
test terminal::event::tests::cwd_change_sources_have_stable_wire_names ... ok
test terminal::event::tests::event_subscription_filter_survives_ris ... ok
test terminal::event::tests::retained_size_estimate_counts_payload_without_formatting_it ... ok
test terminal::event::tests::ris_emits_terminal_reset_without_reusing_screen_cleared ... ok
test terminal::event::tests::test_bell_event_variants ... ok
test terminal::event::tests::test_cwd_change_struct ... ok
test terminal::event::tests::test_event_kind_badge_changed ... ok
test terminal::event::tests::test_event_kind_bell_rang ... ok
test terminal::event::tests::test_event_kind_cwd_changed ... ok
test terminal::event::tests::test_event_kind_dirty_region ... ok
test terminal::event::tests::test_event_kind_environment_changed ... ok
test terminal::event::tests::test_event_kind_file_transfer_completed ... ok
test terminal::event::tests::test_event_kind_file_transfer_failed ... ok
test terminal::event::tests::test_event_kind_file_transfer_progress ... ok
test terminal::event::tests::test_event_kind_file_transfer_started ... ok
test terminal::event::tests::test_event_kind_graphics_added ... ok
test terminal::event::tests::test_event_kind_hyperlink_added ... ok
test terminal::event::tests::test_event_kind_mode_changed ... ok
test terminal::event::tests::test_event_kind_progress_bar_changed ... ok
test terminal::event::tests::test_event_kind_remote_host_transition ... ok
test terminal::event::tests::test_event_kind_shell_integration_event ... ok
test terminal::event::tests::test_event_kind_size_changed ... ok
test terminal::event::tests::test_event_kind_sub_shell_detected ... ok
test terminal::event::tests::test_event_kind_title_changed ... ok
test terminal::event::tests::test_event_kind_trigger_matched ... ok
test terminal::event::tests::test_event_kind_upload_requested ... ok
test terminal::event::tests::test_event_kind_user_var_changed ... ok
test terminal::event::tests::test_event_kind_zone_closed ... ok
test terminal::event::tests::test_event_kind_zone_opened ... ok
test terminal::event::tests::test_event_kind_zone_scrolled_out ... ok
test terminal::event::tests::test_event_queuing_multiple_events ... ok
test terminal::event::tests::test_event_queuing_through_process ... ok
test terminal::event::tests::test_event_queuing_title_change ... ok
test terminal::file_transfer::tests::active_transfers_cannot_multiply_the_byte_budget ... ok
test terminal::file_transfer::tests::completed_transfers_share_one_aggregate_byte_budget ... ok
test terminal::file_transfer::tests::debug_output_redacts_file_transfer_content ... ok
test terminal::file_transfer::tests::simultaneous_transfer_metadata_is_bounded ... ok
test terminal::file_transfer::tests::test_active_transfers_list ... ok
test terminal::file_transfer::tests::test_append_data_and_complete ... ok
test terminal::file_transfer::tests::test_append_to_nonexistent_transfer ... ok
test terminal::file_transfer::tests::test_cancel_nonexistent_transfer ... ok
test terminal::file_transfer::tests::test_cancel_transfer ... ok
test terminal::file_transfer::tests::test_complete_nonexistent_transfer ... ok
test terminal::file_transfer::tests::test_fail_transfer ... ok
test terminal::file_transfer::tests::test_params_preserved ... ok
test terminal::file_transfer::tests::test_ring_buffer_eviction ... ok
test terminal::file_transfer::tests::test_size_limit_enforcement ... ok
test terminal::file_transfer::tests::test_start_download ... ok
test terminal::file_transfer::tests::test_take_completed_transfer ... ok
test terminal::file_transfer::tests::upload_data_respects_transfer_limit_and_recovers_after_cancel ... ok
test terminal::file_transfer::tests::upload_response_larger_than_terminal_budget_is_cancelled_before_encoding ... ok
test terminal::graphics::tests::incomplete_kitty_apc_over_limit_is_dropped ... ok
test terminal::graphics::tests::incomplete_tmux_passthrough_retains_only_decoder_state ... ok
test terminal::graphics::tests::kitty_apc_accepts_c1_apc_and_st_controls ... ok
test terminal::graphics::tests::kitty_delete_command_detection_handles_unordered_parameters ... ok
test terminal::graphics::tests::kitty_reply_uses_the_atomic_response_budget ... ok
test terminal::graphics::tests::test_adjust_graphics_for_scroll_down_basic ... ok
test terminal::graphics::tests::test_adjust_graphics_for_scroll_down_drops_at_bottom ... ok
test terminal::graphics::tests::test_adjust_graphics_for_scroll_down_drops_beyond_bottom ... ok
test terminal::graphics::tests::test_adjust_graphics_for_scroll_down_partial_region ... ok
test terminal::graphics::tests::test_adjust_graphics_for_scroll_up_basic ... ok
test terminal::graphics::tests::test_adjust_graphics_for_scroll_up_drops_boundary_overlap ... ok
test terminal::graphics::tests::test_adjust_graphics_for_scroll_up_partial_region ... ok
test terminal::graphics::tests::test_adjust_graphics_for_scroll_up_remove ... ok
test terminal::graphics::tests::test_adjust_graphics_for_scroll_up_tall_graphic_bottom_visible ... ok
test terminal::graphics::tests::test_adjust_graphics_for_scroll_up_tall_graphic_completely_off ... ok
test terminal::graphics::tests::test_adjust_graphics_for_scroll_up_tall_graphic_edge_case ... ok
test terminal::graphics::tests::test_clear_graphics ... ok
test terminal::graphics::tests::test_graphics_at_row_empty ... ok
test terminal::graphics::tests::test_graphics_at_row_multiple_graphics ... ok
test terminal::graphics::tests::test_graphics_at_row_odd_height ... ok
test terminal::graphics::tests::test_graphics_at_row_single_graphic ... ok
test terminal::graphics::tests::test_graphics_count ... ok
test terminal::graphics::tests::test_graphics_height_calculation ... ok
test terminal::graphics::tests::test_height_shrink_then_grow_restores_graphic_crop_and_cursor_rows ... ok
test terminal::graphics::tests::test_output_scroll_after_shrink_preserves_resize_row_and_graphic_restoration ... ok
test terminal::graphics::tests::test_tall_graphic_keeps_original_top_row_in_scrollback ... ok
test terminal::graphics::tests::unsupported_iterm_log_message_never_contains_command ... ok
test terminal::metrics::tests::terminal_stats_report_active_keyboard_stack_depth ... ok
test terminal::multiplexing::tests::test_capture_pane_state_cursor_position ... ok
test terminal::multiplexing::tests::test_capture_pane_state_dimensions ... ok
test terminal::multiplexing::tests::test_capture_pane_state_title ... ok
test terminal::multiplexing::tests::test_capture_pane_state_with_cwd ... ok
test terminal::multiplexing::tests::test_clear_pane_state ... ok
test terminal::multiplexing::tests::test_create_session_state ... ok
test terminal::multiplexing::tests::test_create_window_layout ... ok
test terminal::multiplexing::tests::test_deserialize_session_invalid_json_returns_error ... ok
test terminal::multiplexing::tests::test_get_pane_state_initially_none ... ok
test terminal::multiplexing::tests::test_layout_direction_variants ... ok
test terminal::multiplexing::tests::test_restore_pane_state_updates_size ... ok
test terminal::multiplexing::tests::test_serialize_deserialize_session_roundtrip ... ok
test terminal::multiplexing::tests::test_serialize_session_produces_valid_json ... ok
test terminal::multiplexing::tests::test_set_and_get_pane_state ... ok
test terminal::notification::tests::test_notification_both_empty ... ok
test terminal::notification::tests::test_notification_clone ... ok
test terminal::notification::tests::test_notification_debug ... ok
test terminal::notification::tests::test_notification_empty_message ... ok
test terminal::notification::tests::test_notification_empty_title ... ok
test terminal::notification::tests::test_notification_equality ... ok
test terminal::notification::tests::test_notification_inequality_message ... ok
test terminal::notification::tests::test_notification_inequality_title ... ok
test terminal::notification::tests::test_notification_new ... ok
test terminal::notification::tests::test_notification_with_newlines ... ok
test terminal::notification::tests::test_notification_with_special_chars ... ok
test terminal::notification::tests::test_notification_with_unicode ... ok
test terminal::osc_stream::tests::escape_c_does_not_reenable_denied_capabilities ... ok
test terminal::osc_stream::tests::every_parse_capability_can_be_denied_independently ... ok
test terminal::osc_stream::tests::filtered_host_observer_sees_clipboard_request_without_authorizing_a_response ... ok
test terminal::osc_stream::tests::fragmented_bel_st_utf8_and_non_terminating_escape_are_preserved ... ok
test terminal::osc_stream::tests::host_action_permission_is_separate_from_request_parsing ... ok
test terminal::osc_stream::tests::intent_limits_match_protocol_budget ... ok
test terminal::osc_stream::tests::legacy_insecure_switch_maps_to_historical_osc_capabilities ... ok
test terminal::osc_stream::tests::legacy_title_aliases_use_bounded_appearance_policy_without_a_separator ... ok
test terminal::osc_stream::tests::one_megabyte_fragmented_media_classification_is_linear ... ok
test terminal::osc_stream::tests::osc1337_annotations_are_bounded_metadata_without_host_authority ... ok
test terminal::osc_stream::tests::osc1337_buttons_are_bounded_terminal_appearance_not_host_actions ... ok
test terminal::osc_stream::tests::osc1337_clear_scrollback_is_bounded_metadata_not_a_host_action ... ok
test terminal::osc_stream::tests::osc1337_clipboard_commands_are_bounded_policy_gated_writes ... ok
test terminal::osc_stream::tests::osc1337_cursor_guide_is_bounded_appearance_not_a_host_action ... ok
test terminal::osc_stream::tests::osc1337_cursor_shape_uses_only_the_appearance_capability ... ok
test terminal::osc_stream::tests::osc1337_open_url_is_a_bounded_hyperlink_request_without_host_authority ... ok
test terminal::osc_stream::tests::osc1337_report_variable_is_bounded_metadata_without_disclosure_authority ... ok
test terminal::osc_stream::tests::osc1337_request_attention_is_bounded_notification_without_host_authority ... ok
test terminal::osc_stream::tests::osc1337_set_colors_uses_only_the_bounded_appearance_capability ... ok
test terminal::osc_stream::tests::osc1337_shell_metadata_and_cell_query_use_independent_safe_capabilities ... ok
test terminal::osc_stream::tests::osc21337_uses_only_the_bounded_appearance_capability ... ok
test terminal::osc_stream::tests::osc3008_uses_metadata_policy_and_shell_integration_budget ... ok
test terminal::osc_stream::tests::osc5522_mime_type_listing_is_allowed_without_clipboard_read_permission ... ok
test terminal::osc_stream::tests::osc66_ingress_applies_the_4k_limit_to_text_not_metadata ... ok
test terminal::osc_stream::tests::osc72_ingress_is_opt_in_and_bounds_each_encoded_payload ... ok
test terminal::osc_stream::tests::oversize_sequence_discards_until_terminator_then_recovers ... ok
test terminal::osc_stream::tests::passthrough_streams_oversized_osc_to_gate_before_outer_terminator ... ok
test terminal::osc_stream::tests::private_osc_934_uses_its_8k_budget ... ok
test terminal::osc_stream::tests::ris_preserves_explicit_osc7_deny_policy ... ok
test terminal::osc_stream::tests::ris_preserves_policy_and_diagnostics_but_clears_in_flight_osc ... ok
test terminal::osc_stream::tests::split_utf8_continuation_that_equals_c1_osc_is_not_reinterpreted ... ok
test terminal::osc_stream::tests::synchronized_update_replay_does_not_double_count_osc ... ok
test terminal::osc_stream::tests::terminal_gate_drops_oversize_title_and_resumes_following_text ... ok
test terminal::osc_stream::tests::terminal_gate_handles_split_utf8_and_split_st_before_vte ... ok
test terminal::osc_stream::tests::terminal_policy_keeps_parsing_separate_from_host_execution ... ok
test terminal::osc_stream::tests::tmux_and_screen_passthrough_accept_every_header_split ... ok
test terminal::osc_stream::tests::tmux_and_screen_passthrough_cannot_bypass_capability_policy ... ok
test terminal::osc_stream::tests::tmux_and_screen_passthrough_enforce_size_limit_and_recover ... ok
test terminal::osc_stream::tests::tmux_auto_detect_passthrough_counts_raw_osc_once ... ok
test terminal::perform::tests::bell_event_history_is_bounded_without_a_consumer ... ok
test terminal::progress::tests::test_named_progress_bar_clamps_percent ... ok
test terminal::progress::tests::test_named_progress_bar_new ... ok
test terminal::progress::tests::test_named_progress_storage_is_bounded_but_existing_ids_can_update ... ok
test terminal::progress::tests::test_parse_osc934_accepts_id_and_label_at_exact_limits ... ok
test terminal::progress::tests::test_parse_osc934_accepts_payload_at_exact_limit ... ok
test terminal::progress::tests::test_parse_osc934_ignores_invalid_label_without_storing_it ... ok
test terminal::progress::tests::test_parse_osc934_invalid_action ... ok
test terminal::progress::tests::test_parse_osc934_invalid_percent_ignored ... ok
test terminal::progress::tests::test_parse_osc934_last_valid_duplicate_field_wins ... ok
test terminal::progress::tests::test_parse_osc934_missing_action ... ok
test terminal::progress::tests::test_parse_osc934_percent_clamped ... ok
test terminal::progress::tests::test_parse_osc934_query_has_static_non_sensitive_response ... ok
test terminal::progress::tests::test_parse_osc934_query_rejects_extensions_and_response_does_not_loop ... ok
test terminal::progress::tests::test_parse_osc934_rejects_oversized_or_control_character_id ... ok
test terminal::progress::tests::test_parse_osc934_rejects_oversized_payload ... ok
test terminal::progress::tests::test_parse_osc934_remove ... ok
test terminal::progress::tests::test_parse_osc934_remove_all ... ok
test terminal::progress::tests::test_parse_osc934_remove_missing_id ... ok
test terminal::progress::tests::test_parse_osc934_requires_private_protocol_prefix ... ok
test terminal::progress::tests::test_parse_osc934_set_basic ... ok
test terminal::progress::tests::test_parse_osc934_set_empty_id ... ok
test terminal::progress::tests::test_parse_osc934_set_error ... ok
test terminal::progress::tests::test_parse_osc934_set_minimal ... ok
test terminal::progress::tests::test_parse_osc934_set_missing_id ... ok
test terminal::progress::tests::test_parse_osc934_set_warning ... ok
test terminal::progress::tests::test_parse_osc934_set_with_state ... ok
test terminal::progress::tests::test_parse_osc934_unknown_keys_ignored ... ok
test terminal::progress::tests::test_progress_bar_clamps_to_100 ... ok
test terminal::progress::tests::test_progress_bar_clone ... ok
test terminal::progress::tests::test_progress_bar_constructors ... ok
test terminal::progress::tests::test_progress_bar_debug ... ok
test terminal::progress::tests::test_progress_bar_default ... ok
test terminal::progress::tests::test_progress_bar_escape_sequence ... ok
test terminal::progress::tests::test_progress_bar_new ... ok
test terminal::progress::tests::test_progress_state_description ... ok
test terminal::progress::tests::test_progress_state_from_param ... ok
test terminal::progress::tests::test_progress_state_is_active ... ok
test terminal::progress::tests::test_progress_state_requires_progress ... ok
test terminal::progress::tests::test_progress_state_to_param ... ok
test terminal::recording::tests::recording_debug_never_contains_payload_title_or_environment_values ... ok
test terminal::recording::tests::recording_metadata_event_count_is_bounded ... ok
test terminal::recording::tests::recording_payload_budget_drops_whole_events_and_reports_truncation ... ok
test terminal::recording::tests::test_export_asciicast_format ... ok
test terminal::recording::tests::test_export_asciicast_ignores_marker_events ... ok
test terminal::recording::tests::test_export_json_format ... ok
test terminal::recording::tests::test_is_recording_state_transitions ... ok
test terminal::recording::tests::test_record_input_output_resize_marker ... ok
test terminal::recording::tests::test_recording_default_title ... ok
test terminal::recording::tests::test_recording_lifecycle_basic ... ok
test terminal::recording::tests::test_recording_not_active_ignores_events ... ok
test terminal::recording::tests::test_recording_session_id_unique ... ok
test terminal::recording::tests::test_recording_timestamps ... ok
test terminal::recording::tests::test_recording_with_process ... ok
test terminal::recording::tests::test_start_twice ... ok
test terminal::recording::tests::test_stop_without_start ... ok
test terminal::replay::tests::test_creation_starts_at_end ... ok
test terminal::replay::tests::test_current_timestamp ... ok
test terminal::replay::tests::test_empty_manager_returns_none ... ok
test terminal::replay::tests::test_next_entry ... ok
test terminal::replay::tests::test_previous_entry ... ok
test terminal::replay::tests::test_seek_to_clamps_out_of_range ... ok
test terminal::replay::tests::test_seek_to_end ... ok
test terminal::replay::tests::test_seek_to_start ... ok
test terminal::replay::tests::test_seek_to_timestamp ... ok
test terminal::replay::tests::test_single_entry_navigation ... ok
test terminal::replay::tests::test_step_backward_across_entries ... ok
test terminal::replay::tests::test_step_backward_at_start_returns_at_start ... ok
test terminal::replay::tests::test_step_backward_within_entry ... ok
test terminal::replay::tests::test_step_forward_across_entries ... ok
test terminal::replay::tests::test_step_forward_at_end_returns_at_end ... ok
test terminal::replay::tests::test_step_forward_within_entry ... ok
test terminal::sequences::csi::tests::appearance_policy_denies_title_queries_modes_and_stack_mutations ... ok
test terminal::sequences::csi::tests::device_status_queries_cannot_grow_pending_responses_without_bound ... ok
test terminal::sequences::csi::tests::osc5522_mime_paste_mode_sets_resets_and_reports_support ... ok
test terminal::sequences::csi::tests::ris_clears_title_channels_modes_and_stack ... ok
test terminal::sequences::csi::tests::test_cursor_back ... ok
test terminal::sequences::csi::tests::test_cursor_down ... ok
test terminal::sequences::csi::tests::test_cursor_forward ... ok
test terminal::sequences::csi::tests::test_cursor_horizontal_absolute ... ok
test terminal::sequences::csi::tests::test_cursor_next_prev_line ... ok
test terminal::sequences::csi::tests::test_cursor_position ... ok
test terminal::sequences::csi::tests::test_cursor_style ... ok
test terminal::sequences::csi::tests::test_cursor_up ... ok
test terminal::sequences::csi::tests::test_cursor_vertical_absolute ... ok
test terminal::sequences::csi::tests::test_deccra_copies_content ... ok
test terminal::sequences::csi::tests::test_decrqm_alt_screen_after_enable ... ok
test terminal::sequences::csi::tests::test_decrqm_alt_screen_variants_report_set_and_reset ... ok
test terminal::sequences::csi::tests::test_decrqm_ansi_insert_mode_off_by_default ... ok
test terminal::sequences::csi::tests::test_decrqm_application_cursor_after_setting ... ok
test terminal::sequences::csi::tests::test_decrqm_application_cursor_off_by_default ... ok
test terminal::sequences::csi::tests::test_decrqm_auto_wrap_on_by_default ... ok
test terminal::sequences::csi::tests::test_decrqm_mouse_encoding_modes_report_set_and_reset ... ok
test terminal::sequences::csi::tests::test_decrqm_unrecognized_mode_returns_zero ... ok
test terminal::sequences::csi::tests::test_decsera_erases_unprotected_cells ... ok
test terminal::sequences::csi::tests::test_decslrm_ignored_when_declrmm_disabled ... ok
test terminal::sequences::csi::tests::test_decslrm_sets_margins_when_declrmm_enabled ... ok
test terminal::sequences::csi::tests::test_device_attributes ... ok
test terminal::sequences::csi::tests::test_device_status_report ... ok
test terminal::sequences::csi::tests::test_ech_removes_graphics_only_when_erased_cells_intersect ... ok
test terminal::sequences::csi::tests::test_ed0_removes_graphics_below_cursor_only ... ok
test terminal::sequences::csi::tests::test_el_removes_intersecting_graphics ... ok
test terminal::sequences::csi::tests::test_el_uses_current_background_color ... ok
test terminal::sequences::csi::tests::test_insert_mode ... ok
test terminal::sequences::csi::tests::test_mode_changed_event_alt_screen_1047 ... ok
test terminal::sequences::csi::tests::test_mode_changed_event_alternate_screen ... ok
test terminal::sequences::csi::tests::test_mode_changed_event_application_cursor ... ok
test terminal::sequences::csi::tests::test_mode_changed_event_auto_wrap ... ok
test terminal::sequences::csi::tests::test_mode_changed_event_bracketed_paste ... ok
test terminal::sequences::csi::tests::test_mode_changed_event_cursor_visible ... ok
test terminal::sequences::csi::tests::test_mode_changed_event_focus_tracking ... ok
test terminal::sequences::csi::tests::test_mode_changed_event_insert_mode ... ok
test terminal::sequences::csi::tests::test_mode_changed_event_mouse_any_event ... ok
test terminal::sequences::csi::tests::test_mode_changed_event_mouse_button_event ... ok
test terminal::sequences::csi::tests::test_mode_changed_event_mouse_encoding ... ok
test terminal::sequences::csi::tests::test_mode_changed_event_mouse_normal ... ok
test terminal::sequences::csi::tests::test_mode_changed_event_origin_mode ... ok
test terminal::sequences::csi::tests::test_mode_changed_no_event_when_mouse_already_off ... ok
test terminal::sequences::csi::tests::test_private_mode_1048_saves_and_restores_cursor ... ok
test terminal::sequences::csi::tests::test_private_mode_1049_restores_saved_cursor_attributes ... ok
test terminal::sequences::csi::tests::test_private_mode_alt_screen ... ok
test terminal::sequences::csi::tests::test_private_mode_alt_screen_47_and_1047 ... ok
test terminal::sequences::csi::tests::test_private_mode_application_cursor ... ok
test terminal::sequences::csi::tests::test_private_mode_autowrap ... ok
test terminal::sequences::csi::tests::test_private_mode_bracketed_paste ... ok
test terminal::sequences::csi::tests::test_private_mode_cursor_visibility ... ok
test terminal::sequences::csi::tests::test_private_mode_mouse ... ok
test terminal::sequences::csi::tests::test_private_mode_mouse_encoding ... ok
test terminal::sequences::csi::tests::test_save_restore_cursor_ansi ... ok
test terminal::sequences::csi::tests::test_scroll_region ... ok
test terminal::sequences::csi::tests::test_sgr_256_colors ... ok
test terminal::sequences::csi::tests::test_sgr_basic_colors ... ok
test terminal::sequences::csi::tests::test_sgr_bold_dim_italic ... ok
test terminal::sequences::csi::tests::test_sgr_other_attributes ... ok
test terminal::sequences::csi::tests::test_sgr_reset ... ok
test terminal::sequences::csi::tests::test_sgr_rgb_colors ... ok
test terminal::sequences::csi::tests::test_sgr_underline ... ok
test terminal::sequences::csi::tests::test_synchronized_updates_buffers_remainder_after_c1_csi_enable ... ok
test terminal::sequences::csi::tests::test_synchronized_updates_buffers_remainder_after_enable_in_same_chunk ... ok
test terminal::sequences::csi::tests::test_synchronized_updates_buffers_remainder_after_multi_split_enable ... ok
test terminal::sequences::csi::tests::test_synchronized_updates_buffers_remainder_after_split_enable ... ok
test terminal::sequences::csi::tests::test_synchronized_updates_buffers_remainder_when_2026_is_not_first_mode ... ok
test terminal::sequences::csi::tests::test_synchronized_updates_does_not_buffer_split_non_sync_private_mode ... ok
test terminal::sequences::csi::tests::test_synchronized_updates_does_not_flush_for_osc_embedded_hard_reset ... ok
test terminal::sequences::csi::tests::test_synchronized_updates_does_not_flush_for_split_osc_embedded_hard_reset ... ok
test terminal::sequences::csi::tests::test_synchronized_updates_flushes_after_split_multi_mode_disable ... ok
test terminal::sequences::csi::tests::test_synchronized_updates_flushes_disable_with_long_trailing_remainder ... ok
test terminal::sequences::csi::tests::test_synchronized_updates_flushes_start_and_end_in_same_chunk ... ok
test terminal::sequences::csi::tests::test_synchronized_updates_flushes_when_2026_is_not_first_reset_mode ... ok
test terminal::sequences::csi::tests::test_synchronized_updates_manual_flush_resets_timeout_window ... ok
test terminal::sequences::csi::tests::test_synchronized_updates_mode_toggle ... ok
test terminal::sequences::csi::tests::test_synchronized_updates_timeout_flushes_buffer_and_disables_mode ... ok
test terminal::sequences::csi::tests::test_synchronized_updates_timeout_ignores_nested_enable_after_reset ... ok
test terminal::sequences::csi::tests::test_synchronized_updates_timeout_ignores_nested_enable_in_stale_buffer ... ok
test terminal::sequences::csi::tests::test_synchronized_updates_timeout_is_enforced_by_process_hot_path ... ok
test terminal::sequences::csi::tests::test_synchronized_updates_timeout_keeps_buffer_before_deadline ... ok
test terminal::sequences::csi::tests::test_synchronized_updates_unterminated_fragments_are_bounded_and_recover ... ok
test terminal::sequences::csi::tests::test_tab_stops ... ok
test terminal::sequences::csi::tests::test_xtversion ... ok
test terminal::sequences::csi::tests::test_xtwinops_report_size ... ok
test terminal::sequences::csi::tests::test_xtwinops_title_stack ... ok
test terminal::sequences::csi::tests::test_xtwinops_title_stack_is_bounded_and_keeps_newest_titles ... ok
test terminal::sequences::csi::tests::xtsmtitle_hex_set_and_query_modes_are_strict_and_resettable ... ok
test terminal::sequences::csi::tests::xtwinops_direct_title_slots_are_reusable_and_do_not_change_stack_depth ... ok
test terminal::sequences::csi::tests::xtwinops_invalid_title_selector_does_not_mutate_or_pop ... ok
test terminal::sequences::csi::tests::xtwinops_reports_independent_icon_and_window_titles_with_st ... ok
test terminal::sequences::csi::tests::xtwinops_title_stack_preserves_independent_channels_and_partial_fallback ... ok
test terminal::sequences::dcs::tests::test_dcs_accepts_c1_dcs_and_st_controls ... ok
test terminal::sequences::dcs::tests::test_dcs_color_command_parsing ... ok
test terminal::sequences::dcs::tests::test_dcs_color_definition_clamps_out_of_range_percentages ... ok
test terminal::sequences::dcs::tests::test_dcs_cursor_position_after_graphic ... ok
test terminal::sequences::dcs::tests::test_dcs_empty_sixel_color_fields_default_to_zero ... ok
test terminal::sequences::dcs::tests::test_dcs_empty_sixel_does_not_create_graphic_or_advance_cursor ... ok
test terminal::sequences::dcs::tests::test_dcs_empty_sixel_raster_width_keeps_height ... ok
test terminal::sequences::dcs::tests::test_dcs_graphics_list_updated ... ok
test terminal::sequences::dcs::tests::test_dcs_hls_color_definition_paints_pixel ... ok
test terminal::sequences::dcs::tests::test_dcs_hook_clears_previous_state ... ok
test terminal::sequences::dcs::tests::test_dcs_hook_non_sixel_action ... ok
test terminal::sequences::dcs::tests::test_dcs_hook_sixel ... ok
test terminal::sequences::dcs::tests::test_dcs_hook_sixel_blocked_by_security ... ok
test terminal::sequences::dcs::tests::test_dcs_hook_sixel_with_params ... ok
test terminal::sequences::dcs::tests::test_dcs_multiple_commands_in_sequence ... ok
test terminal::sequences::dcs::tests::test_dcs_non_sixel_action_ignored ... ok
test terminal::sequences::dcs::tests::test_dcs_omitted_sixel_p1_preserves_transparent_p2 ... ok
test terminal::sequences::dcs::tests::test_dcs_oversized_sixel_raster_attributes_are_clamped_not_dropped ... ok
test terminal::sequences::dcs::tests::test_dcs_put_carriage_return ... ok
test terminal::sequences::dcs::tests::test_dcs_put_color_command ... ok
test terminal::sequences::dcs::tests::test_dcs_put_new_line ... ok
test terminal::sequences::dcs::tests::test_dcs_put_not_active ... ok
test terminal::sequences::dcs::tests::test_dcs_put_raster_attributes ... ok
test terminal::sequences::dcs::tests::test_dcs_put_repeat_command ... ok
test terminal::sequences::dcs::tests::test_dcs_put_sixel_data ... ok
test terminal::sequences::dcs::tests::test_dcs_q_with_intermediate_is_not_sixel ... ok
test terminal::sequences::dcs::tests::test_dcs_raster_attributes_parsing ... ok
test terminal::sequences::dcs::tests::test_dcs_sequence_isolation ... ok
test terminal::sequences::dcs::tests::test_dcs_sixel_at_bottom_scrolls_region ... ok
test terminal::sequences::dcs::tests::test_dcs_sparse_sixel_band_preserves_six_pixel_height ... ok
test terminal::sequences::dcs::tests::test_dcs_unhook_cleans_up ... ok
test terminal::sequences::dcs::tests::test_dcs_unhook_processes_remaining_buffer ... ok
test terminal::sequences::dcs::tests::test_dcs_unhook_sixel_advances_cursor ... ok
test terminal::sequences::dcs::tests::test_dcs_zero_repeat_sixel_does_not_create_phantom_graphic ... ok
test terminal::sequences::dcs::tests::test_non_sixel_dcs_unterminated_fragments_are_bounded_and_recover ... ok
test terminal::sequences::dcs::tests::test_process_sixel_command_empty_buffer ... ok
test terminal::sequences::dcs::tests::test_process_sixel_command_no_parser ... ok
test terminal::sequences::dcs::tests::test_sixel_graphics_are_scoped_to_alternate_screen_lifecycle ... ok
test terminal::sequences::dcs::tests::test_sixel_graphics_limit_drops_oldest ... ok
test terminal::sequences::dcs::tests::test_sixel_graphics_limit_enforced ... ok
test terminal::sequences::esc::tests::test_acs_charset_translate_ascii_no_change ... ok
test terminal::sequences::esc::tests::test_acs_charset_translate_passthrough_non_drawing ... ok
test terminal::sequences::esc::tests::test_acs_disabled_by_default ... ok
test terminal::sequences::esc::tests::test_acs_g0_designation_dec_line_drawing ... ok
test terminal::sequences::esc::tests::test_acs_g0_reset_to_ascii ... ok
test terminal::sequences::esc::tests::test_acs_g1_designation_dec_line_drawing ... ok
test terminal::sequences::esc::tests::test_acs_g1_drawing_via_so ... ok
test terminal::sequences::esc::tests::test_acs_g1_reset_to_ascii ... ok
test terminal::sequences::esc::tests::test_acs_line_drawing_characters_translated ... ok
test terminal::sequences::esc::tests::test_acs_more_line_drawing_characters ... ok
test terminal::sequences::esc::tests::test_acs_reset_clears_charset_state ... ok
test terminal::sequences::esc::tests::test_acs_si_restores_ascii ... ok
test terminal::sequences::esc::tests::test_acs_si_shifts_to_g0 ... ok
test terminal::sequences::esc::tests::test_acs_so_shifts_to_g1 ... ok
test terminal::sequences::esc::tests::test_character_protection ... ok
test terminal::sequences::esc::tests::test_index_at_scroll_region_bottom ... ok
test terminal::sequences::esc::tests::test_index_move_down ... ok
test terminal::sequences::esc::tests::test_index_outside_lr_margin_moves_down_without_scroll ... ok
test terminal::sequences::esc::tests::test_index_scroll_actually_moves_content ... ok
test terminal::sequences::esc::tests::test_next_line ... ok
test terminal::sequences::esc::tests::test_next_line_at_scroll_region_bottom_scrolls ... ok
test terminal::sequences::esc::tests::test_next_line_with_margins ... ok
test terminal::sequences::esc::tests::test_reset_terminal ... ok
test terminal::sequences::esc::tests::test_restore_without_save ... ok
test terminal::sequences::esc::tests::test_reverse_index_at_scroll_region_top ... ok
test terminal::sequences::esc::tests::test_reverse_index_move_up ... ok
test terminal::sequences::esc::tests::test_reverse_index_scroll_actually_moves_content ... ok
test terminal::sequences::esc::tests::test_save_restore_cursor ... ok
test terminal::sequences::esc::tests::test_save_restore_preserves_multiple_state ... ok
test terminal::sequences::esc::tests::test_set_tab_stop ... ok
test terminal::sequences::esc::tests::test_tab_stop_set_at_col_boundary_no_panic ... ok
test terminal::sequences::esc::tests::test_unknown_esc_sequence_ignored ... ok
test terminal::sequences::osc::capability::tests::capability_queries_reject_missing_unknown_extra_and_echoed_responses ... ok
test terminal::sequences::osc::capability::tests::capability_queries_survive_every_byte_fragmentation_and_policy_gate ... ok
test terminal::sequences::osc::capability::tests::osc60_reports_exact_allowed_categories_and_mirrors_terminator ... ok
test terminal::sequences::osc::capability::tests::osc61_and_osc62_cover_font_paste_and_tcap_tables_exactly ... ok
test terminal::sequences::osc::capability::tests::osc61_reports_fallback_disallowed_operations ... ok
test terminal::sequences::osc::capability::tests::osc61_window_reply_tracks_clipboard_read_and_write_policy ... ok
test terminal::sequences::osc::capability::tests::osc62_reports_official_allowable_tables_and_alias ... ok
test terminal::sequences::osc::capability::tests::oversized_capability_query_is_discarded_and_later_osc_recovers ... ok
test terminal::sequences::osc::color::tests::iterm_osc4_negative_indices_query_defaults_without_allowing_mutation ... ok
test terminal::sequences::osc::color::tests::iterm_osc6_tab_color_rejects_near_matches_without_breaking_xterm_modes ... ok
test terminal::sequences::osc::color::tests::iterm_osc6_tab_color_respects_the_appearance_policy_gate ... ok
test terminal::sequences::osc::color::tests::iterm_osc6_tab_color_updates_incrementally_and_restores_profile_baseline ... ok
test terminal::sequences::osc::color::tests::osc21_bare_keys_restore_profile_baselines_and_invalid_fields_are_isolated ... ok
test terminal::sequences::osc::color::tests::osc21_batches_set_query_dynamic_unknown_and_alpha_fields_in_order ... ok
test terminal::sequences::osc::color::tests::osc21_enforces_vte_fifteen_field_ceiling_and_recovers_next_sequence ... ok
test terminal::sequences::osc::color::tests::osc21_state_survives_snapshot_and_ris_resets_runtime_to_baselines ... ok
test terminal::sequences::osc::color::tests::osc21_survives_every_byte_split_with_bel_or_st ... ok
test terminal::sequences::osc::color::tests::xterm_color_state_survives_every_byte_split_and_ris_restores_baselines ... ok
test terminal::sequences::osc::color::tests::xterm_dynamic_colors_apply_sequentially_query_and_reset_profile_baselines ... ok
test terminal::sequences::osc::color::tests::xterm_special_colors_modes_queries_and_targeted_resets_are_independent ... ok
test terminal::sequences::osc::color::tests::xterm_special_pairs_obey_vte_field_ceiling_and_recover_next_sequence ... ok
test terminal::sequences::osc::context::tests::context_hierarchy_survives_snapshot_restore_and_ris ... ok
test terminal::sequences::osc::context::tests::invalid_fields_are_ignored_without_losing_valid_fields ... ok
test terminal::sequences::osc::context::tests::known_parent_end_closes_descendants_and_unknown_end_is_ignored ... ok
test terminal::sequences::osc::context::tests::osc3008_survives_every_byte_split_with_bel_or_st_terminators ... ok
test terminal::sequences::osc::context::tests::rejects_invalid_identity_and_oversized_or_control_text_fields ... ok
test terminal::sequences::osc::context::tests::rejects_new_context_at_depth_limit_but_keeps_existing_stack ... ok
test terminal::sequences::osc::context::tests::repeated_start_replaces_metadata_and_implicitly_ends_children ... ok
test terminal::sequences::osc::context::tests::starts_nested_contexts_and_decodes_textual_escapes ... ok
test terminal::sequences::osc::drag_drop::tests::parses_accept_query_and_full_metadata ... ok
test terminal::sequences::osc::drag_drop::tests::preserves_semicolons_and_defaults_to_accept ... ok
test terminal::sequences::osc::drag_drop::tests::rejects_malformed_bounds_and_denied_policy ... ok
test terminal::sequences::osc::drag_drop::tests::survives_every_byte_split_with_bel_or_st ... ok
test terminal::sequences::osc::font::tests::osc50_is_bounded_and_rejects_controls ... ok
test terminal::sequences::osc::font::tests::osc50_obeys_appearance_policy_and_survives_ris ... ok
test terminal::sequences::osc::font::tests::osc50_rejects_invalid_family_and_reports_invalid_index_without_state_change ... ok
test terminal::sequences::osc::font::tests::osc50_round_trips_through_terminal_snapshot ... ok
test terminal::sequences::osc::font::tests::osc50_sets_and_queries_font_family_with_matching_terminator ... ok
test terminal::sequences::osc::font::tests::osc50_supports_indexed_and_semicolon_font_names ... ok
test terminal::sequences::osc::font::tests::osc50_survives_every_byte_fragmentation ... ok
test terminal::sequences::osc::iterm::tests::annotations_emit_bounded_ranges_for_visible_hidden_and_legacy_forms ... ok
test terminal::sequences::osc::iterm::tests::annotations_handle_every_byte_split_default_length_and_invalid_bounds ... ok
test terminal::sequences::osc::iterm::tests::block_inputs_are_bounded_and_clear_buffer_discards_marks ... ok
test terminal::sequences::osc::iterm::tests::block_lifecycle_tracks_bounded_primary_screen_ranges_and_fold_state ... ok
test terminal::sequences::osc::iterm::tests::block_sequences_are_split_safe_nested_and_snapshot_restorable ... ok
test terminal::sequences::osc::iterm::tests::blocks_ignore_unknown_incomplete_single_line_and_alternate_screen_updates ... ok
test terminal::sequences::osc::iterm::tests::clear_captured_output_is_an_exact_session_event_without_grid_mutation ... ok
test terminal::sequences::osc::iterm::tests::clear_scrollback_accepts_bel_st_and_every_byte_split ... ok
test terminal::sequences::osc::iterm::tests::clear_scrollback_clears_visible_buffer_history_and_saved_layout_state ... ok
test terminal::sequences::osc::iterm::tests::clear_scrollback_from_alternate_screen_clears_primary_history ... ok
test terminal::sequences::osc::iterm::tests::clear_scrollback_preserves_hard_broken_rows_from_the_latest_prompt_mark ... ok
test terminal::sequences::osc::iterm::tests::clear_scrollback_preserves_the_wrapped_cursor_line_at_the_top ... ok
test terminal::sequences::osc::iterm::tests::cursor_shape_accepts_every_byte_split_and_both_terminators ... ok
test terminal::sequences::osc::iterm::tests::cursor_shape_is_restored_across_alternate_screen_and_ris ... ok
test terminal::sequences::osc::iterm::tests::cursor_shape_maps_exact_iterm_values_without_overriding_blink ... ok
test terminal::sequences::osc::iterm::tests::direct_reflow_invalidates_physical_block_ranges ... ok
test terminal::sequences::osc::iterm::tests::highlight_cursor_line_accepts_documented_values_and_exact_bare_enable ... ok
test terminal::sequences::osc::iterm::tests::highlight_cursor_line_is_split_safe_persistent_and_rejects_near_matches ... ok
test terminal::sequences::osc::iterm::tests::inline_button_ids_do_not_reuse_after_clear_or_ris ... ok
test terminal::sequences::osc::iterm::tests::inline_buttons_are_bounded_advance_four_cells_and_invalidate_custom_only ... ok
test terminal::sequences::osc::iterm::tests::inline_buttons_reject_invalid_payloads_and_clear_transient_alt_marks ... ok
test terminal::sequences::osc::iterm::tests::open_url_emits_only_bounded_supported_requests ... ok
test terminal::sequences::osc::iterm::tests::remote_identity_rejects_controls_and_oversized_fields ... ok
test terminal::sequences::osc::iterm::tests::rendered_blocks_can_restore_original_grid_presentation ... ok
test terminal::sequences::osc::iterm::tests::report_cell_size_emits_only_for_the_exact_query ... ok
test terminal::sequences::osc::iterm::tests::report_variable_decodes_exact_bounded_utf8_names ... ok
test terminal::sequences::osc::iterm::tests::report_variable_rejects_names_over_the_decoded_bound ... ok
test terminal::sequences::osc::iterm::tests::request_attention_emits_only_the_four_exact_documented_actions ... ok
test terminal::sequences::osc::iterm::tests::set_colors_applies_all_session_local_resources_and_palette_entries ... ok
test terminal::sequences::osc::iterm::tests::set_colors_converts_display_p3_and_rejects_profile_or_malformed_values ... ok
test terminal::sequences::osc::iterm::tests::set_colors_tab_default_and_ris_restore_runtime_overrides ... ok
test terminal::sequences::osc::iterm::tests::set_mark_emits_bounded_primary_screen_marker_for_bel_and_st ... ok
test terminal::sequences::osc::iterm::tests::shell_integration_version_is_typed_bounded_metadata ... ok
test terminal::sequences::osc::iterm::tests::shell_metadata_sequences_accept_every_byte_split ... ok
test terminal::sequences::osc::iterm::tests::unicode_version_8_and_9_change_terminal_cell_width_with_bel_or_st ... ok
test terminal::sequences::osc::iterm::tests::unicode_version_labeled_and_unlabeled_stacks_match_iterm_semantics ... ok
test terminal::sequences::osc::iterm::tests::unicode_version_rejects_malformed_or_unbounded_operations ... ok
test terminal::sequences::osc::iterm::tests::unicode_version_survives_every_byte_split_saved_cursor_and_ris ... ok
test terminal::sequences::osc::iterm::tests::user_variables_strip_controls_and_reject_unsafe_names ... ok
test terminal::sequences::osc::notify::tests::kitty_osc99_alive_query_and_default_identifier_follow_lifecycle ... ok
test terminal::sequences::osc::notify::tests::kitty_osc99_assembles_base64_title_body_and_metadata ... ok
test terminal::sequences::osc::notify::tests::kitty_osc99_bounds_pending_and_active_identifiers ... ok
test terminal::sequences::osc::notify::tests::kitty_osc99_capability_query_reports_only_safe_subset ... ok
test terminal::sequences::osc::notify::tests::kitty_osc99_expired_identifier_is_not_treated_as_update ... ok
test terminal::sequences::osc::notify::tests::kitty_osc99_handles_byte_splits_and_bel_or_st_terminators ... ok
test terminal::sequences::osc::notify::tests::kitty_osc99_pending_buttons_and_report_metadata_survive_snapshot_restore ... ok
test terminal::sequences::osc::notify::tests::kitty_osc99_pending_chunks_survive_snapshot_restore ... ok
test terminal::sequences::osc::notify::tests::kitty_osc99_rejects_malformed_and_unsupported_payloads ... ok
test terminal::sequences::osc::notify::tests::kitty_osc99_rejects_oversized_chunks_and_never_enables_actions ... ok
test terminal::sequences::osc::notify::tests::kitty_osc99_rejects_unknown_actions_and_invalid_close_reporting ... ok
test terminal::sequences::osc::notify::tests::kitty_osc99_supports_plain_title_and_semicolons ... ok
test terminal::sequences::osc::notify::tests::kitty_osc99_supports_report_only_actions_and_bounded_buttons ... ok
test terminal::sequences::osc::notify::tests::kitty_osc99_updates_and_closes_only_known_identifiers ... ok
test terminal::sequences::osc::notify::tests::notification_text_strips_controls_and_is_scalar_bounded ... ok
test terminal::sequences::osc::pointer::tests::osc22_appearance_policy_denial_blocks_mutation_and_queries ... ok
test terminal::sequences::osc::pointer::tests::osc22_invalid_fields_are_isolated_and_next_sequence_recovers ... ok
test terminal::sequences::osc::pointer::tests::osc22_keeps_screen_local_stacks_and_ris_clears_both ... ok
test terminal::sequences::osc::pointer::tests::osc22_sets_pushes_pops_resets_and_accepts_xterm_aliases ... ok
test terminal::sequences::osc::pointer::tests::osc22_snapshot_restores_both_stacks ... ok
test terminal::sequences::osc::pointer::tests::osc22_stack_is_bounded_and_evicts_the_oldest_shape ... ok
test terminal::sequences::osc::pointer::tests::osc22_supports_all_canonical_names_and_static_queries ... ok
test terminal::sequences::osc::pointer::tests::osc22_survives_every_byte_split_with_bel_or_st ... ok
test terminal::sequences::osc::shell::tests::clear_scrollback_evictions_reach_subscription_filter ... ok
test terminal::sequences::osc::shell::tests::clear_scrollback_invalidates_zones_and_emits_evictions ... ok
test terminal::sequences::osc::shell::tests::long_running_output_zone_survives_ring_eviction_until_d ... ok
test terminal::sequences::osc::shell::tests::nested_shell_abort_restores_outer_output_lifecycle ... ok
test terminal::sequences::osc::shell::tests::nested_shell_completion_restores_outer_output_lifecycle ... ok
test terminal::sequences::osc::shell::tests::nested_shell_multiple_commands_preserve_outer_until_consecutive_d ... ok
test terminal::sequences::osc::shell::tests::osc133_aid_stack_survives_snapshot_and_ris_clears_it ... ok
test terminal::sequences::osc::shell::tests::osc133_b_without_a_is_ignored ... ok
test terminal::sequences::osc::shell::tests::osc133_c_without_b_is_ignored ... ok
test terminal::sequences::osc::shell::tests::osc133_command_metadata_rejects_controls_and_excessive_runes ... ok
test terminal::sequences::osc::shell::tests::osc133_d_after_b_aborts_without_command_completion ... ok
test terminal::sequences::osc::shell::tests::osc133_d_targets_aid_and_parses_exit_code_in_any_order ... ok
test terminal::sequences::osc::shell::tests::osc133_d_without_command_is_ignored ... ok
test terminal::sequences::osc::shell::tests::osc133_duplicate_a_is_idempotent ... ok
test terminal::sequences::osc::shell::tests::osc133_duplicate_c_and_d_do_not_duplicate_events_or_zones ... ok
test terminal::sequences::osc::shell::tests::osc133_is_fully_suppressed_on_alt_screen ... ok
test terminal::sequences::osc::shell::tests::osc133_normal_cycle_advances_once_and_binds_exit_code ... ok
test terminal::sequences::osc::shell::tests::osc133_rejects_invalid_or_oversized_aid_without_mutation ... ok
test terminal::sequences::osc::shell::tests::osc133_semantic_prompt_accepts_every_byte_split ... ok
test terminal::sequences::osc::shell::tests::osc133_semantic_prompt_variants_preserve_lifecycle_and_zones ... ok
test terminal::sequences::osc::shell::tests::osc633_expected_nonce_rejects_missing_or_mismatched_command_metadata ... ok
test terminal::sequences::osc::shell::tests::osc633_fields_decode_official_backslash_escape ... ok
test terminal::sequences::osc::shell::tests::osc7_rejects_malformed_percent_escapes_without_state_change ... ok
test terminal::sequences::osc::shell::tests::prompt_after_completed_candidate_keeps_next_command_clean ... ok
test terminal::sequences::osc::shell::tests::same_row_shell_cycles_keep_zone_history_bounded ... ok
test terminal::sequences::osc::shell::tests::shared_marker_helper_preserves_osc633_source ... ok
test terminal::sequences::osc::shell::tests::width_reflow_invalidates_physical_zone_coordinates ... ok
test terminal::sequences::osc::sized_text::tests::osc66_appearance_policy_denial_blocks_cells ... ok
test terminal::sequences::osc::sized_text::tests::osc66_capability_detection_reports_width_and_scale_cursor_advances ... ok
test terminal::sequences::osc::sized_text::tests::osc66_combining_text_updates_only_from_the_top_row ... ok
test terminal::sequences::osc::sized_text::tests::osc66_edit_controls_clear_splits_and_shift_complete_single_line_blocks ... ok
test terminal::sequences::osc::sized_text::tests::osc66_fixed_width_preserves_metadata_text_and_cell_offsets ... ok
test terminal::sequences::osc::sized_text::tests::osc66_line_edits_and_resize_do_not_leave_fragments ... ok
test terminal::sequences::osc::sized_text::tests::osc66_natural_width_segments_ascii_and_wide_graphemes ... ok
test terminal::sequences::osc::sized_text::tests::osc66_normal_writes_follow_top_and_lower_row_overwrite_rules ... ok
test terminal::sequences::osc::sized_text::tests::osc66_rejects_malformed_metadata_and_filters_unsafe_text_controls ... ok
test terminal::sequences::osc::sized_text::tests::osc66_resize_preserves_complete_blocks_that_still_fit ... ok
test terminal::sequences::osc::sized_text::tests::osc66_screen_and_scrollback_erases_remove_cross_boundary_blocks ... ok
test terminal::sequences::osc::sized_text::tests::osc66_scrollback_preserves_complete_blocks_and_removes_history_fragments ... ok
test terminal::sequences::osc::sized_text::tests::osc66_snapshot_restores_blocks_and_ris_clears_them ... ok
test terminal::sequences::osc::sized_text::tests::osc66_survives_every_byte_split_with_bel_or_st ... ok
test terminal::sequences::osc::sized_text::tests::osc66_wraps_before_a_block_and_discards_blocks_larger_than_screen ... ok
test terminal::sequences::osc::tab_status::tests::ignores_unknown_and_invalid_fields_without_overwriting_valid_values ... ok
test terminal::sequences::osc::tab_status::tests::parses_set_clear_partial_and_escaped_status ... ok
test terminal::sequences::osc::tab_status::tests::sanitizes_and_bounds_status_text ... ok
test terminal::sequences::osc::tab_status::tests::terminal_process_supports_split_st_and_bel_framing ... ok
test terminal::sequences::osc::tests::iterm_multipart_inline_bounds_retained_encoded_parts_without_declared_size ... ok
test terminal::sequences::osc::tests::iterm_multipart_inline_without_size_rejects_decoded_total_over_graphics_limit ... ok
test terminal::sequences::osc::tests::osc23_is_not_a_title_stack_pop ... ok
test terminal::sequences::osc::tests::osc_21_color_control_and_osc22_do_not_mutate_title_or_title_stack ... ok
test terminal::sequences::osc::tests::osc_633_ignores_malformed_properties_and_redacts_nonce_from_state ... ok
test terminal::sequences::osc::tests::osc_633_shell_markers_and_properties_share_semantic_state ... ok
test terminal::sequences::osc::tests::osc_8_preserves_active_identities_and_rejects_only_new_identity_at_limit ... ok
test terminal::sequences::osc::tests::osc_8_protocol_id_preserves_distinct_link_identity ... ok
test terminal::sequences::osc::tests::osc_8_reclaims_identities_after_referenced_cells_scroll_out ... ok
test terminal::sequences::osc::tests::osc_8_reclamation_preserves_links_referenced_by_alternate_grid ... ok
test terminal::sequences::osc::tests::osc_9_9_rejects_relative_or_control_character_cwd ... ok
test terminal::sequences::osc::tests::osc_9_9_updates_absolute_cwd_without_notification_side_effect ... ok
test terminal::sequences::osc::tests::set_user_var_rejects_new_key_at_limit_but_updates_existing_key ... ok
test terminal::sequences::osc::tests::split_and_malformed_osc_21_and_22_do_not_mutate_title ... ok
test terminal::sequences::osc::tests::test_ansi_palette_reset ... ok
test terminal::sequences::osc::tests::test_badge_dimensions_update_on_resize ... ok
test terminal::sequences::osc::tests::test_clear_badge_format ... ok
test terminal::sequences::osc::tests::test_clipboard_operations ... ok
test terminal::sequences::osc::tests::test_clipboard_query_security ... ok
test terminal::sequences::osc::tests::test_default_color_reset ... ok
test terminal::sequences::osc::tests::test_environment_changed_hostname ... ok
test terminal::sequences::osc::tests::test_environment_changed_on_cwd ... ok
test terminal::sequences::osc::tests::test_evaluate_badge ... ok
test terminal::sequences::osc::tests::test_evaluate_badge_none ... ok
test terminal::sequences::osc::tests::test_evaluate_badge_with_dimensions ... ok
test terminal::sequences::osc::tests::test_full_zone_lifecycle ... ok
test terminal::sequences::osc::tests::test_get_command_output_basic ... ok
test terminal::sequences::osc::tests::test_get_command_output_multiple_commands ... ok
test terminal::sequences::osc::tests::test_get_command_output_no_output_rows_returns_none ... ok
test terminal::sequences::osc::tests::test_get_command_output_no_zone ... ok
test terminal::sequences::osc::tests::test_get_command_output_out_of_bounds ... ok
test terminal::sequences::osc::tests::test_get_command_outputs_filters_evicted ... ok
test terminal::sequences::osc::tests::test_hyperlinks ... ok
test terminal::sequences::osc::tests::test_is_insecure_osc ... ok
test terminal::sequences::osc::tests::test_iterm_multipart_download_accepts_unaligned_file_part_base64 ... ok
test terminal::sequences::osc::tests::test_iterm_multipart_download_with_size_waits_for_file_end ... ok
test terminal::sequences::osc::tests::test_iterm_multipart_download_without_name_uses_default_filename ... ok
test terminal::sequences::osc::tests::test_iterm_multipart_download_without_size_waits_for_file_end ... ok
test terminal::sequences::osc::tests::test_iterm_multipart_inline_accepts_unaligned_file_part_base64 ... ok
test terminal::sequences::osc::tests::test_iterm_multipart_inline_accepts_wrapped_file_part_base64 ... ok
test terminal::sequences::osc::tests::test_iterm_multipart_inline_with_size_waits_for_file_end ... ok
test terminal::sequences::osc::tests::test_iterm_multipart_inline_without_size_waits_for_file_end ... ok
test terminal::sequences::osc::tests::test_iterm_single_download_without_name_uses_default_filename ... ok
test terminal::sequences::osc::tests::test_iterm_single_inline_accepts_c1_osc_and_st_controls ... ok
test terminal::sequences::osc::tests::test_iterm_single_inline_accepts_wrapped_base64 ... ok
test terminal::sequences::osc::tests::test_notifications_osc9 ... ok
test terminal::sequences::osc::tests::test_notifications_security ... ok
test terminal::sequences::osc::tests::test_osc7_cwd_history_records_hostname ... ok
test terminal::sequences::osc::tests::test_osc7_emits_cwd_changed_event ... ok
test terminal::sequences::osc::tests::test_osc7_hostname_extraction ... ok
test terminal::sequences::osc::tests::test_osc7_hostname_updates ... ok
test terminal::sequences::osc::tests::test_osc7_set_directory ... ok
test terminal::sequences::osc::tests::test_osc7_username_and_port_and_decoding ... ok
test terminal::sequences::osc::tests::test_osc934_bell_terminated ... ok
test terminal::sequences::osc::tests::test_osc934_does_not_affect_osc94 ... ok
test terminal::sequences::osc::tests::test_osc934_error_state ... ok
test terminal::sequences::osc::tests::test_osc934_event_emitted_on_remove ... ok
test terminal::sequences::osc::tests::test_osc934_event_emitted_on_remove_all ... ok
test terminal::sequences::osc::tests::test_osc934_event_emitted_on_set ... ok
test terminal::sequences::osc::tests::test_osc934_invalid_sequence_ignored ... ok
test terminal::sequences::osc::tests::test_osc934_multiple_bars ... ok
test terminal::sequences::osc::tests::test_osc934_no_event_on_remove_all_empty ... ok
test terminal::sequences::osc::tests::test_osc934_no_event_on_remove_nonexistent ... ok
test terminal::sequences::osc::tests::test_osc934_query_returns_static_capability_without_state_or_loop ... ok
test terminal::sequences::osc::tests::test_osc934_remove_all ... ok
test terminal::sequences::osc::tests::test_osc934_remove_progress_bar ... ok
test terminal::sequences::osc::tests::test_osc934_set_progress_bar ... ok
test terminal::sequences::osc::tests::test_osc934_set_with_state ... ok
test terminal::sequences::osc::tests::test_osc934_update_progress_bar ... ok
test terminal::sequences::osc::tests::test_osc934_warning_state ... ok
test terminal::sequences::osc::tests::test_parse_color_spec_hex_format ... ok
test terminal::sequences::osc::tests::test_parse_color_spec_invalid ... ok
test terminal::sequences::osc::tests::test_parse_color_spec_rgb_format ... ok
test terminal::sequences::osc::tests::test_progress_bar_clamps_large_numeric_percent_to_100 ... ok
test terminal::sequences::osc::tests::test_progress_bar_clamps_to_100 ... ok
test terminal::sequences::osc::tests::test_progress_bar_does_not_affect_notifications ... ok
test terminal::sequences::osc::tests::test_progress_bar_error ... ok
test terminal::sequences::osc::tests::test_progress_bar_hidden ... ok
test terminal::sequences::osc::tests::test_progress_bar_indeterminate ... ok
test terminal::sequences::osc::tests::test_progress_bar_large_numeric_state_defaults_to_hidden ... ok
test terminal::sequences::osc::tests::test_progress_bar_manual_set ... ok
test terminal::sequences::osc::tests::test_progress_bar_normal ... ok
test terminal::sequences::osc::tests::test_progress_bar_sequence_format ... ok
test terminal::sequences::osc::tests::test_progress_bar_warning ... ok
test terminal::sequences::osc::tests::test_query_default_colors ... ok
test terminal::sequences::osc::tests::test_remote_host_bell_terminated ... ok
test terminal::sequences::osc::tests::test_remote_host_emits_cwd_changed_event ... ok
test terminal::sequences::osc::tests::test_remote_host_empty_hostname_ignored ... ok
test terminal::sequences::osc::tests::test_remote_host_empty_payload_ignored ... ok
test terminal::sequences::osc::tests::test_remote_host_empty_user_at_hostname ... ok
test terminal::sequences::osc::tests::test_remote_host_hostname_only ... ok
test terminal::sequences::osc::tests::test_remote_host_localhost_case_insensitive ... ok
test terminal::sequences::osc::tests::test_remote_host_localhost_clears_hostname ... ok
test terminal::sequences::osc::tests::test_remote_host_loopback_addresses ... ok
test terminal::sequences::osc::tests::test_remote_host_overrides_osc7_hostname ... ok
test terminal::sequences::osc::tests::test_remote_host_preserves_existing_cwd ... ok
test terminal::sequences::osc::tests::test_remote_host_session_variables_updated ... ok
test terminal::sequences::osc::tests::test_remote_host_transition_from_osc1337 ... ok
test terminal::sequences::osc::tests::test_remote_host_transition_from_osc7 ... ok
test terminal::sequences::osc::tests::test_remote_host_updates_sequence ... ok
test terminal::sequences::osc::tests::test_remote_host_user_and_hostname ... ok
test terminal::sequences::osc::tests::test_session_variables_bell_count ... ok
test terminal::sequences::osc::tests::test_session_variables_sync_with_title ... ok
test terminal::sequences::osc::tests::test_set_badge_format_rejects_escape_sequences ... ok
test terminal::sequences::osc::tests::test_set_badge_format_rejects_unsafe ... ok
test terminal::sequences::osc::tests::test_set_badge_format_simple ... ok
test terminal::sequences::osc::tests::test_set_badge_format_with_session_prefix ... ok
test terminal::sequences::osc::tests::test_set_badge_format_with_variables ... ok
test terminal::sequences::osc::tests::test_set_user_var_available_in_session_variables ... ok
test terminal::sequences::osc::tests::test_set_user_var_basic ... ok
test terminal::sequences::osc::tests::test_set_user_var_empty_name ... ok
test terminal::sequences::osc::tests::test_set_user_var_event_emitted ... ok
test terminal::sequences::osc::tests::test_set_user_var_invalid_base64 ... ok
test terminal::sequences::osc::tests::test_set_user_var_missing_separator ... ok
test terminal::sequences::osc::tests::test_set_user_var_multiple_variables ... ok
test terminal::sequences::osc::tests::test_set_user_var_no_event_when_same_value ... ok
test terminal::sequences::osc::tests::test_set_user_var_update_with_old_value ... ok
test terminal::sequences::osc::tests::test_set_window_title ... ok
test terminal::sequences::osc::tests::test_shell_integration_markers ... ok
test terminal::sequences::osc::tests::test_title_with_special_chars ... ok
test terminal::sequences::osc::tests::test_zone_closed_on_transition ... ok
test terminal::sequences::osc::tests::test_zone_closed_with_exit_code ... ok
test terminal::sequences::osc::tests::test_zone_get_zone_at ... ok
test terminal::sequences::osc::tests::test_zone_ids_monotonically_increase ... ok
test terminal::sequences::osc::tests::test_zone_opened_events_emitted ... ok
test terminal::sequences::osc::tests::test_zones_cleared_on_reset ... ok
test terminal::sequences::osc::tests::test_zones_created_by_osc_133 ... ok
test terminal::sequences::osc::tests::test_zones_evicted_on_scrollback_wrap ... ok
test terminal::sequences::osc::tests::test_zones_multiple_commands ... ok
test terminal::sequences::osc::tests::test_zones_not_created_on_alt_screen ... ok
test terminal::sequences::osc::tests::unsupported_osc_log_message_never_contains_command_or_payload ... ok
test terminal::sequences::osc::tests::xterm_legacy_icon_alias_does_not_mutate_window_title ... ok
test terminal::sequences::osc::tests::xterm_legacy_title_alias_accepts_bel_st_fragmentation_and_semicolons ... ok
test terminal::sequences::osc::title::tests::icon_text_rejects_invalid_utf8_and_is_control_free_and_scalar_bounded ... ok
test terminal::sequences::osc::title::tests::numeric_title_preserves_semicolons ... ok
test terminal::sequences::osc::title::tests::title_hex_mode_is_strict_and_applies_to_both_channels ... ok
test terminal::sequences::osc::title::tests::title_text_strips_controls_and_is_scalar_bounded ... ok
test terminal::shell_integration::tests::command_debug_output_reports_only_metadata ... ok
test terminal::snapshot::tests::test_command_info_minimal ... ok
test terminal::snapshot::tests::test_command_info_serialization ... ok
test terminal::snapshot::tests::test_cwd_change_info_minimal ... ok
test terminal::snapshot::tests::test_cwd_change_info_serialization ... ok
test terminal::snapshot::tests::test_semantic_snapshot_serialization_roundtrip ... ok
test terminal::snapshot::tests::test_semantic_snapshot_skip_serializing_none_fields ... ok
test terminal::snapshot::tests::test_snapshot_scope_clone ... ok
test terminal::snapshot::tests::test_snapshot_scope_debug ... ok
test terminal::snapshot::tests::test_snapshot_scope_variants ... ok
test terminal::snapshot::tests::test_terminal_full_snapshot ... ok
test terminal::snapshot::tests::test_terminal_recent_snapshot ... ok
test terminal::snapshot::tests::test_terminal_snapshot_json ... ok
test terminal::snapshot::tests::test_terminal_visible_snapshot ... ok
test terminal::snapshot::tests::test_zone_info_serialization ... ok
test terminal::snapshot::tests::test_zone_info_with_optional_fields ... ok
test terminal::snapshot_manager::tests::isolated_reconstruction_uses_historical_osc633_nonce_without_exposing_it ... ok
test terminal::snapshot_manager::tests::isolated_reconstruction_uses_historical_policy_for_split_osc ... ok
test terminal::snapshot_manager::tests::test_clear ... ok
test terminal::snapshot_manager::tests::test_creation ... ok
test terminal::snapshot_manager::tests::test_disabled_manager ... ok
test terminal::snapshot_manager::tests::test_eviction_keeps_at_least_one ... ok
test terminal::snapshot_manager::tests::test_eviction_reduces_memory ... ok
test terminal::snapshot_manager::tests::test_find_entry_for_timestamp_after_all ... ok
test terminal::snapshot_manager::tests::test_find_entry_for_timestamp_before_all ... ok
test terminal::snapshot_manager::tests::test_find_entry_for_timestamp_between ... ok
test terminal::snapshot_manager::tests::test_find_entry_for_timestamp_empty ... ok
test terminal::snapshot_manager::tests::test_find_entry_for_timestamp_exact_match ... ok
test terminal::snapshot_manager::tests::test_multiple_snapshots ... ok
test terminal::snapshot_manager::tests::test_push_entry ... ok
test terminal::snapshot_manager::tests::test_reconstruct_at_entry_start ... ok
test terminal::snapshot_manager::tests::test_reconstruct_clamps_byte_offset ... ok
test terminal::snapshot_manager::tests::test_reconstruct_invalid_index ... ok
test terminal::snapshot_manager::tests::test_reconstruct_with_full_input_replay ... ok
test terminal::snapshot_manager::tests::test_reconstruct_with_partial_replay ... ok
test terminal::snapshot_manager::tests::test_record_input ... ok
test terminal::snapshot_manager::tests::test_record_input_no_entry ... ok
test terminal::snapshot_manager::tests::test_set_max_memory_triggers_eviction ... ok
test terminal::snapshot_manager::tests::test_should_snapshot_false_after_recent ... ok
test terminal::snapshot_manager::tests::test_should_snapshot_initially_true ... ok
test terminal::snapshot_manager::tests::test_snapshot_entry_size_bytes ... ok
test terminal::snapshot_manager::tests::test_take_snapshot ... ok
test terminal::snapshot_manager::tests::test_time_range ... ok
test terminal::snapshot_manager::tests::test_with_defaults ... ok
test terminal::terminal_snapshot::tests::restore_continues_inline_iterm_multipart_image_without_restoring_file_transfer ... ok
test terminal::terminal_snapshot::tests::restore_continues_split_osc_and_passthrough_without_changing_policy ... ok
test terminal::terminal_snapshot::tests::restore_mid_output_accepts_finish_and_keeps_zone_ids_unique ... ok
test terminal::terminal_snapshot::tests::restore_nested_pending_lifecycle_finishes_outer_command ... ok
test terminal::terminal_snapshot::tests::restore_preserves_badge_user_variables_and_remote_transition_identity ... ok
test terminal::terminal_snapshot::tests::restore_preserves_hyperlink_identity_and_progress_state ... ok
test terminal::terminal_snapshot::tests::restore_preserves_iterm_cursor_guide_state_and_color ... ok
test terminal::terminal_snapshot::tests::restore_preserves_runtime_colors_baselines_palette_and_default_provenance ... ok
test terminal::terminal_snapshot::tests::restore_preserves_unicode_version_stack_and_saved_cursor_version ... ok
test terminal::terminal_snapshot::tests::restore_preserves_xterm_title_channels_modes_and_stack ... ok
test terminal::terminal_snapshot::tests::restore_rejects_legacy_oversized_synchronized_update_buffer ... ok
test terminal::terminal_snapshot::tests::terminal_and_snapshot_debug_output_redact_terminal_content ... ok
test terminal::terminal_snapshot::tests::test_grid_snapshot_creation ... ok
test terminal::terminal_snapshot::tests::test_grid_snapshot_with_zones ... ok
test terminal::terminal_snapshot::tests::test_terminal_snapshot_clone ... ok
test terminal::terminal_snapshot::tests::test_terminal_snapshot_creation ... ok
test terminal::terminal_snapshot::tests::test_terminal_snapshot_size_estimation ... ok
test terminal::terminal_snapshot::tests::test_terminal_snapshot_with_colored_cells ... ok
test terminal::terminal_snapshot::tests::test_terminal_snapshot_with_scrollback ... ok
test terminal::tests::alternate_screen_switches_drain_full_repaint_damage ... ok
test terminal::tests::enq_answerback_uses_the_atomic_response_budget ... ok
test terminal::tests::font_cell_height_change_reflows_iterm_rows_without_resizing_pixels ... ok
test terminal::tests::paste_input_bytes_preserves_content_when_bracketed_paste_is_disabled ... ok
test terminal::tests::paste_input_bytes_treats_marker_only_bracketed_paste_as_noop ... ok
test terminal::tests::paste_input_bytes_wraps_sanitized_bracketed_paste_content ... ok
test terminal::tests::pending_terminal_event_count_is_bounded_without_polling ... ok
test terminal::tests::pending_terminal_event_payload_bytes_are_bounded_without_logging_content ... ok
test terminal::tests::pending_tmux_notifications_are_bounded_without_a_consumer ... ok
test terminal::tests::plain_ascii_fast_path_does_not_consume_split_osc_payload ... ok
test terminal::tests::plain_ascii_fast_path_handles_safe_chunks ... ok
test terminal::tests::process_debug_stats_track_escape_or_control_bytes ... ok
test terminal::tests::process_debug_stats_track_plain_text_and_scroll_costs ... ok
test terminal::tests::resize_drains_full_repaint_damage ... ok
test terminal::tests::resize_height_shrink_keeps_inline_graphic_near_cursor_visible ... ok
test terminal::tests::restore_from_snapshot_drains_full_repaint_damage ... ok
test terminal::tests::ris_preserves_host_policy_profile_and_resource_configuration ... ok
test terminal::tests::ris_restores_default_tab_stops_instead_of_session_customization ... ok
test terminal::tests::sanitize_bracketed_paste_content_preserves_non_marker_csi_and_unicode ... ok
test terminal::tests::sanitize_bracketed_paste_content_removes_embedded_markers ... ok
test terminal::tests::screenshot_view_includes_scrollback_graphics_at_requested_offset ... ok
test terminal::tests::screenshot_view_keeps_active_graphic_scroll_crop ... ok
test terminal::trigger::tests::all_frontend_action_variants_share_the_configured_queue_limit ... ok
test terminal::trigger::tests::permanent_trigger_highlights_are_bounded ... ok
test terminal::trigger::tests::test_build_char_to_grid_col_map_no_spacers ... ok
test terminal::trigger::tests::test_build_char_to_grid_col_map_wide_and_combining ... ok
test terminal::trigger::tests::test_build_char_to_grid_col_map_with_combining ... ok
test terminal::trigger::tests::test_build_char_to_grid_col_map_with_spacer ... ok
test terminal::trigger::tests::test_byte_offsets_to_grid_cols_multibyte_no_mapping ... ok
test terminal::trigger::tests::test_byte_offsets_to_grid_cols_multibyte_with_mapping ... ok
test terminal::trigger::tests::test_byte_offsets_to_grid_cols_multibyte_with_wide_and_mapping ... ok
test terminal::trigger::tests::test_byte_offsets_to_grid_cols_no_mapping ... ok
test terminal::trigger::tests::test_byte_offsets_to_grid_cols_with_mapping_ascii ... ok
test terminal::trigger::tests::test_byte_offsets_to_grid_cols_with_wide_chars ... ok
test terminal::trigger::tests::test_max_matches ... ok
test terminal::trigger::tests::test_no_active_triggers ... ok
test terminal::trigger::tests::test_poll_matches ... ok
test terminal::trigger::tests::test_scan_line_with_multibyte_chars_returns_grid_cols ... ok
test terminal::trigger::tests::test_scan_line_with_wide_char_mapping ... ok
test terminal::trigger::tests::test_substitute_captures ... ok
test terminal::trigger::tests::test_trigger_add_remove ... ok
test terminal::trigger::tests::test_trigger_capture_groups ... ok
test terminal::trigger::tests::test_trigger_enable_disable ... ok
test terminal::trigger::tests::test_trigger_fire_once_per_line ... ok
test terminal::trigger::tests::test_trigger_invalid_regex ... ok
test terminal::trigger::tests::test_trigger_multi_pattern ... ok
test terminal::trigger::tests::test_trigger_scan_match ... ok
test terminal::write::tests::test_write_char_backspace ... ok
test terminal::write::tests::test_write_char_backspace_at_start ... ok
test terminal::write::tests::test_write_char_basic ... ok
test terminal::write::tests::test_write_char_carriage_return ... ok
test terminal::write::tests::test_write_char_carriage_return_with_lr_margins ... ok
test terminal::write::tests::test_write_char_cjk_characters ... ok
test terminal::write::tests::test_write_char_combining_mark_uses_pending_wrap_cell ... ok
test terminal::write::tests::test_write_char_control_chars_ignored ... ok
test terminal::write::tests::test_write_char_emoji_tag_sequence_stays_one_wide_cell ... ok
test terminal::write::tests::test_write_char_guarded ... ok
test terminal::write::tests::test_write_char_insert_mode ... ok
test terminal::write::tests::test_write_char_insert_mode_wide_char ... ok
test terminal::write::tests::test_write_char_keycap_cluster_advances_cursor_once ... ok
test terminal::write::tests::test_write_char_lf_with_lr_margins_outside ... ok
test terminal::write::tests::test_write_char_line_feed ... ok
test terminal::write::tests::test_write_char_line_feed_at_scroll_bottom ... ok
test terminal::write::tests::test_write_char_line_feed_new_line_mode ... ok
test terminal::write::tests::test_write_char_line_wrapping_marks ... ok
test terminal::write::tests::test_write_char_no_auto_wrap ... ok
test terminal::write::tests::test_write_char_pending_wrap ... ok
test terminal::write::tests::test_write_char_pending_wrap_clears_on_backspace ... ok
test terminal::write::tests::test_write_char_pending_wrap_clears_on_cr ... ok
test terminal::write::tests::test_write_char_pending_wrap_clears_on_lf ... ok
test terminal::write::tests::test_write_char_pending_wrap_clears_on_tab ... ok
test terminal::write::tests::test_write_char_pending_wrap_with_lr_margins ... ok
test terminal::write::tests::test_write_char_plain_text_zwj_stays_narrow ... ok
test terminal::write::tests::test_write_char_regional_indicator_pair_uses_pending_wrap_cell ... ok
test terminal::write::tests::test_write_char_tab ... ok
test terminal::write::tests::test_write_char_tab_at_end ... ok
test terminal::write::tests::test_write_char_text_presentation_selector_keeps_narrow_cursor ... ok
test terminal::write::tests::test_write_char_variation_selector_supplement_attaches_to_base ... ok
test terminal::write::tests::test_write_char_variation_selector_uses_pending_wrap_cell ... ok
test terminal::write::tests::test_write_char_variation_selector_width_growth_advances_cursor ... ok
test terminal::write::tests::test_write_char_variation_selector_width_growth_at_right_edge_wraps_next ... ok
test terminal::write::tests::test_write_char_wide_at_scroll_bottom ... ok
test terminal::write::tests::test_write_char_wide_character ... ok
test terminal::write::tests::test_write_char_wide_character_ending_at_right_edge_wraps_next ... ok
test terminal::write::tests::test_write_char_wide_character_wrap ... ok
test terminal::write::tests::test_write_char_with_attributes ... ok
test terminal::write::tests::test_write_char_with_hyperlink ... ok
test terminal::write::tests::test_write_char_zwj_sequence_uses_pending_wrap_cell ... ok
test text_utils::tests::test_find_matching_bracket_angle ... ok
test text_utils::tests::test_find_matching_bracket_curly ... ok
test text_utils::tests::test_find_matching_bracket_invalid_position ... ok
test text_utils::tests::test_find_matching_bracket_nested ... ok
test text_utils::tests::test_find_matching_bracket_non_bracket ... ok
test text_utils::tests::test_find_matching_bracket_not_found ... ok
test text_utils::tests::test_find_matching_bracket_parentheses ... ok
test text_utils::tests::test_find_matching_bracket_square ... ok
test text_utils::tests::test_get_line_unwrapped_invalid_row ... ok
test text_utils::tests::test_get_line_unwrapped_no_wrapping ... ok
test text_utils::tests::test_get_line_unwrapped_with_wrapping ... ok
test text_utils::tests::test_get_url_at ... ok
test text_utils::tests::test_get_url_at_ftp ... ok
test text_utils::tests::test_get_url_at_http ... ok
test text_utils::tests::test_get_url_at_mailto ... ok
test text_utils::tests::test_get_url_at_no_url ... ok
test text_utils::tests::test_get_word_at ... ok
test text_utils::tests::test_get_word_at_invalid_position ... ok
test text_utils::tests::test_is_word_char_custom ... ok
test text_utils::tests::test_is_word_char_defaults ... ok
test text_utils::tests::test_select_semantic_region_brackets ... ok
test text_utils::tests::test_select_semantic_region_curly ... ok
test text_utils::tests::test_select_semantic_region_invalid_position ... ok
test text_utils::tests::test_select_semantic_region_nested ... ok
test text_utils::tests::test_select_semantic_region_not_found ... ok
test text_utils::tests::test_select_semantic_region_parentheses ... ok
test text_utils::tests::test_select_semantic_region_quotes ... ok
test text_utils::tests::test_select_word_boundaries ... ok
test text_utils::tests::test_select_word_invalid_position ... ok
test text_utils::tests::test_select_word_on_space ... ok
test tmux_control::tests::test_auto_detect_default ... ok
test tmux_control::tests::test_auto_detect_disabled ... ok
test tmux_control::tests::test_auto_detect_finds_begin_after_terminal_output ... ok
test tmux_control::tests::test_auto_detect_finds_begin_at_start ... ok
test tmux_control::tests::test_auto_detect_handles_race_condition ... ok
test tmux_control::tests::test_auto_detect_without_begin ... ok
test tmux_control::tests::test_clear_buffer ... ok
test tmux_control::tests::test_control_line_limit_discards_single_chunk_and_recovers_same_chunk ... ok
test tmux_control::tests::test_control_line_limit_discards_split_line_without_retaining_prefix ... ok
test tmux_control::tests::test_control_line_limit_recovers_after_discard_terminator ... ok
test tmux_control::tests::test_control_line_limit_stays_bounded_while_discarding_without_newline ... ok
test tmux_control::tests::test_find_control_mode_start_after_newline ... ok
test tmux_control::tests::test_find_control_mode_start_at_beginning ... ok
test tmux_control::tests::test_find_control_mode_start_not_found ... ok
test tmux_control::tests::test_notification_type ... ok
test tmux_control::tests::test_parse_begin ... ok
test tmux_control::tests::test_parse_empty_line ... ok
test tmux_control::tests::test_parse_end ... ok
test tmux_control::tests::test_parse_exit ... ok
test tmux_control::tests::test_parse_incomplete_line ... ok
test tmux_control::tests::test_parse_layout_change ... ok
test tmux_control::tests::test_parse_multiple_lines ... ok
test tmux_control::tests::test_parse_non_control_mode ... ok
test tmux_control::tests::test_parse_output ... ok
test tmux_control::tests::test_parse_output_crlf_line_ending ... ok
test tmux_control::tests::test_parse_output_single_space ... ok
test tmux_control::tests::test_parse_output_single_space_crlf ... ok
test tmux_control::tests::test_parse_output_trailing_spaces ... ok
test tmux_control::tests::test_parse_pane_mode_changed ... ok
test tmux_control::tests::test_parse_paste_buffer_changed ... ok
test tmux_control::tests::test_parse_paste_buffer_deleted ... ok
test tmux_control::tests::test_parse_session_changed ... ok
test tmux_control::tests::test_parse_sessions_changed ... ok
test tmux_control::tests::test_parse_terminal_output_in_control_mode ... ok
test tmux_control::tests::test_parse_unknown_notification ... ok
test tmux_control::tests::test_parse_window_pane_changed ... ok
test tmux_control::tests::test_parse_window_renamed ... ok
test tmux_control::tests::test_parser_new ... ok
test tmux_control::tests::test_set_auto_detect ... ok
test tmux_control::tests::test_set_control_mode ... ok
test tmux_control::tests::test_set_control_mode_enables_auto_detect ... ok
test tmux_control::tests::test_unescape_output ... ok
test unicode_normalization_config::tests::test_ascii_unchanged ... ok
test unicode_normalization_config::tests::test_default_is_nfc ... ok
test unicode_normalization_config::tests::test_hangul_normalization ... ok
test unicode_normalization_config::tests::test_is_none ... ok
test unicode_normalization_config::tests::test_is_normalized ... ok
test unicode_normalization_config::tests::test_multiple_combining_marks ... ok
test unicode_normalization_config::tests::test_name ... ok
test unicode_normalization_config::tests::test_nfc_composes ... ok
test unicode_normalization_config::tests::test_nfd_decomposes ... ok
test unicode_normalization_config::tests::test_nfkc_compatibility ... ok
test unicode_normalization_config::tests::test_nfkd_compatibility ... ok
test unicode_normalization_config::tests::test_none_passthrough ... ok
test unicode_normalization_config::tests::test_normalize_char_nfc ... ok
test unicode_normalization_config::tests::test_normalize_char_nfd ... ok
test unicode_normalization_config::tests::test_normalize_char_none ... ok
test unicode_normalization_config::tests::test_serde_roundtrip ... ok
test unicode_normalization_config::tests::test_serde_values ... ok
test unicode_width_config::tests::test_ambiguous_width_box_drawing ... ok
test unicode_width_config::tests::test_ambiguous_width_cyrillic ... ok
test unicode_width_config::tests::test_ambiguous_width_default ... ok
test unicode_width_config::tests::test_ambiguous_width_greek ... ok
test unicode_width_config::tests::test_ambiguous_width_wide ... ok
test unicode_width_config::tests::test_char_width_ascii ... ok
test unicode_width_config::tests::test_char_width_cjk_characters ... ok
test unicode_width_config::tests::test_char_width_cjk_function ... ok
test unicode_width_config::tests::test_char_width_combining_characters ... ok
test unicode_width_config::tests::test_char_width_control_characters ... ok
test unicode_width_config::tests::test_char_width_emoji ... ok
test unicode_width_config::tests::test_char_width_private_use_nerd_font_icons_are_narrow ... ok
test unicode_width_config::tests::test_char_width_zero_width_format_characters ... ok
test unicode_width_config::tests::test_is_east_asian_ambiguous ... ok
test unicode_width_config::tests::test_serde_default_values ... ok
test unicode_width_config::tests::test_serde_roundtrip ... ok
test unicode_width_config::tests::test_str_width_ascii ... ok
test unicode_width_config::tests::test_str_width_cjk_function ... ok
test unicode_width_config::tests::test_str_width_grapheme_clusters ... ok
test unicode_width_config::tests::test_str_width_mixed ... ok
test unicode_width_config::tests::test_unicode8_and_unicode9_emoji_width_contract ... ok
test unicode_width_config::tests::test_unicode8_composed_emoji_uses_base_width_unless_vs16_forces_emoji ... ok
test unicode_width_config::tests::test_unicode_version_default ... ok
test unicode_width_config::tests::test_unicode_version_string ... ok
test unicode_width_config::tests::test_unicode_version_tuple ... ok
test unicode_width_config::tests::test_width_config_cjk ... ok
test unicode_width_config::tests::test_width_config_default ... ok
test unicode_width_config::tests::test_width_config_western ... ok
test zone::tests::test_zone_close ... ok
test zone::tests::test_zone_close_clamps_to_start ... ok
test zone::tests::test_zone_close_same_row ... ok
test zone::tests::test_zone_contains_row ... ok
test zone::tests::test_zone_new ... ok
test zone::tests::test_zone_type_display ... ok

test result: ok. 1741 passed; 0 failed; 1 ignored; 0 measured; 0 filtered out; finished in 4.50s

   Doc-tests par_term_emu_core_rust

running 12 tests
test src/badge.rs - badge::evaluate_badge_format (line 409) ... ok
test src/color_utils.rs - color_utils::Color::with_min_contrast (line 439) ... ok
test src/color_utils.rs - color_utils::adjust_contrast_rgb (line 107) ... ok
test src/macros.rs - macros (line 8) ... ok
test src/pty_session.rs - pty_session::PtySession::set_output_callback (line 113) - compile ... ok
test src/pty_session.rs - pty_session::PtySession::spawn_shell_with_env (line 159) - compile ... ok
test src/pty_session.rs - pty_session::PtySession::spawn_with_env (line 192) - compile ... ok
test src/streaming/mod.rs - streaming (line 24) - compile ... ok
test src/terminal/mod.rs - terminal::Terminal::evaluate_badge (line 1913) ... ignored
test src/unicode_normalization_config.rs - unicode_normalization_config (line 19) ... ok
test src/unicode_width_config.rs - unicode_width_config (line 22) ... ok
test src/unicode_width_config.rs - unicode_width_config::char_width (line 618) ... ok

test result: ok. 11 passed; 0 failed; 1 ignored; 0 measured; 0 filtered out; finished in 4.14s

    Checking zmodem2 v0.7.2 (/Users/robinfai/flutter_projects/ianvs-terminal/native/vendor/zmodem2)
    Finished `dev` profile [unoptimized + debuginfo] target(s) in 0.42s
    Checking zmodem2 v0.7.2 (/Users/robinfai/flutter_projects/ianvs-terminal/native/vendor/zmodem2)
    Finished `dev` profile [unoptimized + debuginfo] target(s) in 0.18s
    Finished `test` profile [unoptimized + debuginfo] target(s) in 0.04s
     Running unittests src/lib.rs (target/debug/deps/zmodem2-bb74e41e75820c31)

running 108 tests
test file::tests::parse_empty_file_size_as_unknown ... ok
test file::tests::parse_octal_file_modification_time ... ok
test file::tests::reject_bad_file_size ... ok
test file::tests::reject_bad_file_modification_time ... ok
test tests::test_binary_header_escape_continuations_ignore_split_raw_flow_control ... ok
test tests::test_abort_event ... ok
test tests::test_active_duplicate_zfile_must_match_original_metadata::case_3 ... ok
test tests::test_active_duplicate_zfile_must_match_original_metadata::case_2 ... ok
test tests::test_active_duplicate_zfile_reissues_zrpos_without_second_file_event ... ok
test tests::test_bare_cancel_sequence_aborts_across_submit_chunks ... ok
test tests::test_active_duplicate_zfile_must_match_original_metadata::case_1 ... ok
test tests::test_abort_events ... ok
test tests::test_challenge_is_acknowledged_with_identical_count_bytewise ... ok
test tests::test_bare_cancel_run_crosses_crc_resync_and_submit_boundaries ... ok
test tests::test_corrupt_header_is_recoverable_and_preserves_progress ... ok
test tests::test_corrupt_metadata_has_finite_retry_budget ... ok
test tests::test_corrupt_subpacket_triggers_zrpos_and_recovers ... ok
test tests::test_corrupt_zfile_metadata_znaks_then_recovers ... ok
test tests::test_corrupt_zsinit_data_znaks_then_recovers ... ok
test tests::test_empty_file_list_completes_the_session_handshake ... ok
test tests::test_escape8_quotes_gnu_decodable_parity_controls_only ... ok
test tests::test_empty_file_transfer_completes ... ok
test tests::test_escape_ctrl_quotes_all_control_bytes ... ok
test tests::test_escape8_receiver_capability_fails_closed ... ok
test tests::test_escaped_can_payload_is_not_mistaken_for_cancel ... ok
test tests::test_final_zhex_trailer_can_cross_submit_boundaries ... ok
test tests::test_header_read::case_1 ... ok
test tests::test_header_read::case_2 ... ok
test tests::test_header_resync_reconsiders_overlapping_zpad_inside_bad_crc_candidate ... ok
test tests::test_header_read::case_3 ... ok
test tests::test_header_read::case_4 ... ok
test tests::test_header_write::case_1 ... ok
test tests::test_header_write::case_2 ... ok
test tests::test_header_write::case_3 ... ok
test tests::test_header_write::case_4 ... ok
test tests::test_manual_accept_at_eof_completes ... ok
test tests::test_manual_accept_can_skip_a_file ... ok
test tests::test_manual_accept_resumes_from_offset ... ok
test tests::test_offset_overflow_is_refused ... ok
test tests::test_pending_file_zfin_and_oo_abort_instead_of_completing ... ok
test tests::test_receive_malformed_header ... ok
test tests::test_mid_file_zfin_and_oo_abort_instead_of_completing ... ok
test tests::test_receive_zfile_with_non_utf8_name ... ok
test tests::test_receiver_accepts_gnu_large_subpackets::case_3 ... ok
test tests::test_receiver_incomplete_crc_timeout_recovers_from_current_zrpos ... ok
test tests::test_receiver_accepts_gnu_large_subpackets::case_2 ... ok
test tests::test_receiver_completes_only_after_final_oo ... ok
test tests::test_receiver_accepts_gnu_large_subpackets::case_4 ... ok
test tests::test_receiver_incomplete_metadata_timeout_znaks_with_a_bounded_budget ... ok
test tests::test_receiver_incomplete_subpacket_timeout_zrpos_is_bounded ... ok
test tests::test_receiver_preserves_plain_text_until_trustworthy_eof ... ok
test tests::test_receiver_missing_oo_completes_after_bounded_zfin_retries ... ok
test tests::test_receiver_timeout_budget_is_bounded_and_resets_after_persisted_progress ... ok
test tests::test_receiver_discards_raw_flow_control_but_preserves_escaped_payload ... ok
test tests::test_receiver_escape_continuations_ignore_split_raw_flow_control ... ok
test tests::test_receiver_accepts_gnu_large_subpackets::case_1 ... ok
test tests::test_receiver_waiting_subpacket_timeout_reissues_current_zrpos ... ok
test tests::test_receiver_timeout_requeues_active_zrpos_then_zrinit_between_files ... ok
test tests::test_receiver_final_zfin_accepts_lf_or_crlf_and_optional_xon ... ok
test tests::test_first_zrpos_loss_recovers_full_transfer ... ok
test tests::test_receiver_zcrcq_and_zcrce ... ok
test tests::test_nonempty_file_transfer_roundtrips ... ok
test tests::test_receiver_timeout_requeues_zrinit ... ok
test tests::test_receiver_znak_replay_has_finite_budget ... ok
test tests::test_receiver_znak_replays_zack_and_zfin ... ok
test tests::test_repeated_corruption_eventually_fails ... ok
test tests::test_sender_recovers_from_corrupt_header_with_znak ... ok
test tests::test_repeated_znak_has_finite_retry_budget ... ok
test tests::test_sender_rejects_zrpos_beyond_file_size ... ok
test tests::test_sender_respects_canfc32_for_file_frames::case_2 ... ok
test tests::test_sender_respects_canfc32_for_file_frames::case_1 ... ok
test tests::test_sender_skips_file_on_zskip ... ok
test tests::test_sender_retransmits_lost_zfile_on_zrinit_and_timeout ... ok
test tests::test_reverse_header_corruption_recovers_through_receiver_znak_replay ... ok
test tests::test_sender_honours_escape_ctrl_from_zrinit ... ok
test tests::test_sender_consumes_zfin_trailer_and_preserves_shell_text ... ok
test tests::test_receiver_accepts_gnu_large_subpackets::case_7 ... ok
test tests::test_sender_rejects_escape8_when_full_7_bit_encoding_is_unavailable ... ok
test tests::test_sender_resumes_from_zrpos ... ok
test tests::test_receiver_accepts_gnu_large_subpackets::case_8 ... ok
test tests::test_recovery_budget_replenishes_on_progress ... ok
test tests::test_sender_timeout_rebuilds_lost_data_frame_and_retransmits_zeof ... ok
test tests::test_sender_timeout_retransmits_zfin_with_a_bounded_budget ... ok
test tests::test_sender_wait_finish_ignores_duplicate_zrinit_until_zfin ... ok
test tests::test_start_file_rejects_unknown_size ... ok
test tests::test_receiver_accepts_gnu_large_subpackets::case_6 ... ok
test tests::test_sender_zfin_trailer_and_optional_xon_cross_submit_boundaries ... ok
test tests::test_skipped_file_ignores_late_zdata ... ok
test tests::test_zfile_zero_size_remains_known ... ok
test tests::test_zhex_metadata_trailer_is_exact_and_preserves_payload_lf ... ok
test tests::test_sender_timeout_budget_is_bounded_and_resets_after_forward_ack ... ok
test tests::test_znak_retransmits_handshake_headers ... ok
test tests::test_znak_retransmits_zfile_data_and_zeof_by_phase ... ok
test tests::test_receiver_accepts_gnu_large_subpackets::case_5 ... ok
test tests::test_zrinit_advertises_configured_flow_control ... ok
test tests::test_trustworthy_transport_eof_completes_only_after_zfin_reply ... ok
test tests::test_wait_final_oo_handles_cancel_atomically ... ok
test tests::test_zhex_header_ignores_parity_but_binary_body_does_not ... ok
test tests::test_zsinit_hex_header_from_lrzsz_is_acknowledged ... ok
test tests::test_zhex_zfile_trailer_and_unknown_size_are_parsed ... ok
test tests::test_wait_final_oo_headers_preserve_trailing_terminal_text ... ok
test wire::tests::decode_zbin32_bad_crc ... ok
test wire::tests::decode_zbin32_header ... ok
test tests::test_zsinit_is_acknowledged ... ok
test tests::test_znak_is_honoured_while_file_read_is_pending ... ok
test tests::test_streaming_window_applies_after_zrinit ... ok
test tests::test_streaming_window_controls_ack_cadence ... ok
test tests::test_thirteen_mib_transfer_crosses_thousands_of_ack_windows ... ok

test result: ok. 108 passed; 0 failed; 0 ignored; 0 measured; 0 filtered out; finished in 5.45s

    Finished `test` profile [unoptimized + debuginfo] target(s) in 0.06s
     Running unittests src/lib.rs (target/debug/deps/zmodem2-a3df0d9f9ebe8a2d)

running 108 tests
test file::tests::parse_octal_file_modification_time ... ok
test file::tests::reject_bad_file_modification_time ... ok
test file::tests::reject_bad_file_size ... ok
test tests::test_binary_header_escape_continuations_ignore_split_raw_flow_control ... ok
test file::tests::parse_empty_file_size_as_unknown ... ok
test tests::test_active_duplicate_zfile_must_match_original_metadata::case_3 ... ok
test tests::test_active_duplicate_zfile_must_match_original_metadata::case_1 ... ok
test tests::test_active_duplicate_zfile_must_match_original_metadata::case_2 ... ok
test tests::test_challenge_is_acknowledged_with_identical_count_bytewise ... ok
test tests::test_active_duplicate_zfile_reissues_zrpos_without_second_file_event ... ok
test tests::test_bare_cancel_sequence_aborts_across_submit_chunks ... ok
test tests::test_bare_cancel_run_crosses_crc_resync_and_submit_boundaries ... ok
test tests::test_abort_events ... ok
test tests::test_corrupt_header_is_recoverable_and_preserves_progress ... ok
test tests::test_abort_event ... ok
test tests::test_corrupt_metadata_has_finite_retry_budget ... ok
test tests::test_corrupt_subpacket_triggers_zrpos_and_recovers ... ok
test tests::test_corrupt_zfile_metadata_znaks_then_recovers ... ok
test tests::test_corrupt_zsinit_data_znaks_then_recovers ... ok
test tests::test_escape8_quotes_gnu_decodable_parity_controls_only ... ok
test tests::test_escape8_receiver_capability_fails_closed ... ok
test tests::test_empty_file_list_completes_the_session_handshake ... ok
test tests::test_empty_file_transfer_completes ... ok
test tests::test_escape_ctrl_quotes_all_control_bytes ... ok
test tests::test_escaped_can_payload_is_not_mistaken_for_cancel ... ok
test tests::test_final_zhex_trailer_can_cross_submit_boundaries ... ok
test tests::test_header_read::case_1 ... ok
test tests::test_header_read::case_2 ... ok
test tests::test_header_read::case_3 ... ok
test tests::test_header_read::case_4 ... ok
test tests::test_header_resync_reconsiders_overlapping_zpad_inside_bad_crc_candidate ... ok
test tests::test_header_write::case_1 ... ok
test tests::test_header_write::case_2 ... ok
test tests::test_header_write::case_3 ... ok
test tests::test_header_write::case_4 ... ok
test tests::test_manual_accept_at_eof_completes ... ok
test tests::test_manual_accept_resumes_from_offset ... ok
test tests::test_manual_accept_can_skip_a_file ... ok
test tests::test_mid_file_zfin_and_oo_abort_instead_of_completing ... ok
test tests::test_offset_overflow_is_refused ... ok
test tests::test_pending_file_zfin_and_oo_abort_instead_of_completing ... ok
test tests::test_receive_malformed_header ... ok
test tests::test_receive_zfile_with_non_utf8_name ... ok
test tests::test_receiver_completes_only_after_final_oo ... ok
test tests::test_receiver_discards_raw_flow_control_but_preserves_escaped_payload ... ok
test tests::test_receiver_incomplete_crc_timeout_recovers_from_current_zrpos ... ok
test tests::test_receiver_escape_continuations_ignore_split_raw_flow_control ... ok
test tests::test_receiver_final_zfin_accepts_lf_or_crlf_and_optional_xon ... ok
test tests::test_receiver_accepts_gnu_large_subpackets::case_3 ... ok
test tests::test_receiver_incomplete_metadata_timeout_znaks_with_a_bounded_budget ... ok
test tests::test_receiver_incomplete_subpacket_timeout_zrpos_is_bounded ... ok
test tests::test_receiver_accepts_gnu_large_subpackets::case_2 ... ok
test tests::test_receiver_preserves_plain_text_until_trustworthy_eof ... ok
test tests::test_receiver_timeout_requeues_active_zrpos_then_zrinit_between_files ... ok
test tests::test_receiver_accepts_gnu_large_subpackets::case_1 ... ok
test tests::test_receiver_timeout_requeues_zrinit ... ok
test tests::test_receiver_missing_oo_completes_after_bounded_zfin_retries ... ok
test tests::test_receiver_waiting_subpacket_timeout_reissues_current_zrpos ... ok
test tests::test_receiver_timeout_budget_is_bounded_and_resets_after_persisted_progress ... ok
test tests::test_receiver_zcrcq_and_zcrce ... ok
test tests::test_receiver_znak_replay_has_finite_budget ... ok
test tests::test_receiver_znak_replays_zack_and_zfin ... ok
test tests::test_repeated_znak_has_finite_retry_budget ... ok
test tests::test_reverse_header_corruption_recovers_through_receiver_znak_replay ... ok
test tests::test_sender_honours_escape_ctrl_from_zrinit ... ok
test tests::test_repeated_corruption_eventually_fails ... ok
test tests::test_sender_consumes_zfin_trailer_and_preserves_shell_text ... ok
test tests::test_sender_recovers_from_corrupt_header_with_znak ... ok
test tests::test_sender_rejects_escape8_when_full_7_bit_encoding_is_unavailable ... ok
test tests::test_sender_rejects_zrpos_beyond_file_size ... ok
test tests::test_sender_respects_canfc32_for_file_frames::case_1 ... ok
test tests::test_sender_respects_canfc32_for_file_frames::case_2 ... ok
test tests::test_nonempty_file_transfer_roundtrips ... ok
test tests::test_sender_resumes_from_zrpos ... ok
test tests::test_sender_retransmits_lost_zfile_on_zrinit_and_timeout ... ok
test tests::test_sender_skips_file_on_zskip ... ok
test tests::test_sender_timeout_rebuilds_lost_data_frame_and_retransmits_zeof ... ok
test tests::test_sender_timeout_retransmits_zfin_with_a_bounded_budget ... ok
test tests::test_sender_zfin_trailer_and_optional_xon_cross_submit_boundaries ... ok
test tests::test_sender_wait_finish_ignores_duplicate_zrinit_until_zfin ... ok
test tests::test_start_file_rejects_unknown_size ... ok
test tests::test_skipped_file_ignores_late_zdata ... ok
test tests::test_receiver_accepts_gnu_large_subpackets::case_5 ... ok
test tests::test_trustworthy_transport_eof_completes_only_after_zfin_reply ... ok
test tests::test_wait_final_oo_handles_cancel_atomically ... ok
test tests::test_receiver_accepts_gnu_large_subpackets::case_8 ... ok
test tests::test_wait_final_oo_headers_preserve_trailing_terminal_text ... ok
test tests::test_receiver_accepts_gnu_large_subpackets::case_4 ... ok
test tests::test_sender_timeout_budget_is_bounded_and_resets_after_forward_ack ... ok
test tests::test_zfile_zero_size_remains_known ... ok
test tests::test_receiver_accepts_gnu_large_subpackets::case_6 ... ok
test tests::test_receiver_accepts_gnu_large_subpackets::case_7 ... ok
test tests::test_zhex_header_ignores_parity_but_binary_body_does_not ... ok
test tests::test_zhex_metadata_trailer_is_exact_and_preserves_payload_lf ... ok
test tests::test_znak_is_honoured_while_file_read_is_pending ... ok
test tests::test_zhex_zfile_trailer_and_unknown_size_are_parsed ... ok
test tests::test_znak_retransmits_handshake_headers ... ok
test tests::test_recovery_budget_replenishes_on_progress ... ok
test tests::test_zrinit_advertises_configured_flow_control ... ok
test tests::test_znak_retransmits_zfile_data_and_zeof_by_phase ... ok
test tests::test_zsinit_hex_header_from_lrzsz_is_acknowledged ... ok
test wire::tests::decode_zbin32_bad_crc ... ok
test wire::tests::decode_zbin32_header ... ok
test tests::test_zsinit_is_acknowledged ... ok
test tests::test_first_zrpos_loss_recovers_full_transfer ... ok
test tests::test_streaming_window_applies_after_zrinit ... ok
test tests::test_streaming_window_controls_ack_cadence ... ok
test tests::test_thirteen_mib_transfer_crosses_thousands_of_ack_windows ... ok

test result: ok. 108 passed; 0 failed; 0 ignored; 0 measured; 0 filtered out; finished in 5.47s

    Checking ianvs_core v0.1.0 (/Users/robinfai/flutter_projects/ianvs-terminal/native/core)
    Finished `dev` profile [unoptimized + debuginfo] target(s) in 8.00s
    Finished `test` profile [unoptimized + debuginfo] target(s) in 0.50s
     Running unittests src/lib.rs (target/debug/deps/ianvs_core-aace0d3be1a44b38)

running 448 tests
test command_inventory::tests::names_are_atomic_bounded_and_prompt_scoped ... ok
test completion_host::tests::files_keep_quoting_filters_and_cancellation ... ok
test completion_host::tests::parent_absolute_home_and_literal_tilde_paths_complete ... ok
test completion_host::tests::script_contents_never_execute_and_policy_is_required ... ok
test composer_bridge::tests::deadline_prevents_a_late_wakeup ... ok
test composer_bridge::tests::history_is_atomic_and_optional_controls_are_ignored ... ok
test composer_bridge::tests::oversized_history_snapshot_revokes_the_channel ... ok
test composer_bridge::tests::prepared_wakes_at_most_once_and_raw_race_revokes ... ok
test composer_bridge::tests::stale_lease_does_not_consume_the_current_lease ... ok
test ffi::session_close_status_tests::distinguishes_retryable_zmodem_close_from_permanent_failure ... ok
test frame_diff_proto::tests::graphic_identities_preserve_values_above_u32_range ... ok
test host_request::tests::clipboard_response_requires_canonical_bounded_utf8_base64 ... ok
test pty::tests::bash_shell_hook_integration_eligible_profile_sets_rcfile_proxy ... ok
test pty::tests::command_plan_advertises_kitty_graphics_by_default_and_for_auto ... ok
test pty::tests::command_plan_advertises_kitty_graphics_when_requested ... ok
test pty::tests::command_plan_skips_graphics_advertisement_when_unsupported_or_disabled ... ok
test pty::tests::fish_shell_hook_integration_eligible_profile_sets_init_command_proxy ... ok
test pty::tests::post_spawn_setup_failure_kills_and_reaps_the_child ... ok
test pty::tests::reader_poll_handle_duplication_failure_is_not_degraded ... ok
test pty::tests::shell_hook_integration_degrades_for_unsupported_profiles ... ok
test pty::tests::shell_hook_integration_degrades_when_helpers_are_missing ... ok
test pty::tests::shell_hook_integration_degrades_when_proxy_creation_fails ... ok
test pty::tests::shell_hook_integration_disabled_keeps_original_launch_plan ... ok
test pty::tests::zsh_login_shell_hook_integration_remains_eligible ... ok
test pty::tests::zsh_proxy_preserves_custom_histfile_before_user_zshrc ... ok
test pty::tests::zsh_proxy_repairs_proxy_derived_histfile_before_user_zshrc ... ok
test pty::tests::zsh_shell_hook_integration_eligible_profile_sets_zdotdir_proxy ... ok
test remote_composer::tests::aliases_are_bounded_authenticated_and_never_follow_another_node ... ok
test remote_composer::tests::command_names_require_the_current_nodes_secret_and_prompt ... ok
test remote_composer::tests::literal_payload_receipts_timeouts_and_raw_input_fail_closed ... ok
test remote_composer::tests::only_active_authenticated_fresh_prompt_grants_a_lease ... ok
test remote_composer::tests::remote_composer_real_zsh_memory_bootstrap ... ok
test runtime_contract::tests::current_features_are_sorted_and_unique ... ok
test runtime_contract::tests::runtime_message_class_taxonomy_has_stable_wire_names ... ok
test session::command_blocks::tests::ancestor_resume_only_assigns_known_direct_child_exit_code ... ok
test session::command_blocks::tests::boundaries_exclude_prompt_and_preserve_unterminated_output ... ok
test session::command_blocks::tests::child_cell_moves_invalidate_parent_fragments_instead_of_leaking_child_text ... ok
test session::command_blocks::tests::child_context_restores_parent_output_exit_codes_and_sparse_source_indices ... ok
test session::command_blocks::tests::child_cursor_rewind_never_references_rows_before_parent_source_base ... ok
test session::command_blocks::tests::child_repaint_inside_parent_portion_invalidates_that_portion ... ok
test session::command_blocks::tests::composer_limit_preserves_literal_command_after_json_and_hex_encoding ... ok
test session::command_blocks::tests::confirmed_child_bootstrap_discards_installation_prompts_at_original_boundary ... ok
test session::command_blocks::tests::display_clear_retention_obeys_history_limit_and_explicit_history_clear ... ok
test session::command_blocks::tests::empty_output_and_multiline_command_are_not_guessed_from_screen ... ok
test session::command_blocks::tests::failed_child_bootstrap_diagnostics_remain_in_parent_command ... ok
test session::command_blocks::tests::filtering_is_reversible_with_context_and_invalid_regex ... ok
test session::command_blocks::tests::main_screen_tui_clear_preserves_completed_blocks_without_repeating_history ... ok
test session::command_blocks::tests::oversized_command_and_hook_are_rejected_without_poisoning_next_block ... ok
test session::command_blocks::tests::overwritten_parent_boundary_is_evicted_instead_of_becoming_child_output ... ok
test session::command_blocks::tests::pages_search_and_eviction_report_the_retained_source ... ok
test session::command_blocks::tests::parent_segments_on_one_physical_row_merge_without_child_cells ... ok
test session::command_blocks::tests::partial_top_scroll_invalidates_parent_below_the_scroll_region ... ok
test session::command_blocks::tests::repeated_child_launches_bound_segments_and_shared_row_ownership ... ok
test session::command_blocks::tests::repeated_failed_bootstrap_does_not_retain_temporary_boundary_rows ... ok
test session::command_blocks::tests::replay_preserves_execution_identity_and_elapsed_metadata ... ok
test session::command_blocks::tests::resumed_parent_cr_keeps_its_own_tail_but_not_child_residue ... ok
test session::command_blocks::tests::segmented_output_paging_survives_child_scrollback_eviction ... ok
test session::command_blocks::tests::split_hook_and_alternate_screen_are_safe ... ok
test session::command_blocks::tests::wrapping_carriage_return_ansi_and_links_preserve_terminal_cells ... ok
test session::frame::damage::tests::compatible_frame_metadata_preserves_viewport_row_shift ... ok
test session::frame::damage::tests::dirty_rows_merge_into_stable_half_open_ranges ... ok
test session::frame::damage::tests::incompatible_frame_metadata_forces_snapshot_and_zero_shift ... ok
test session::frame::damage::tests::snapshot_fallback_preserves_the_first_full_repaint_reason ... ok
test session::frame::delta::tests::delta_emits_only_a_changed_candidate_row_and_updates_its_cache ... ok
test session::frame::delta::tests::unchanged_candidate_is_scanned_without_emitting_damage ... ok
test session::frame::graphics::tests::folded_source_range_hides_intersecting_graphic ... ok
test session::frame::graphics::tests::identity_projection_preserves_graphic_placement ... ok
test session::frame::projection::tests::identity_projection_preserves_source_indexes_and_viewport_span ... ok
test session::frame::projection::tests::nested_fold_projection_keeps_the_outer_summary_mapping ... ok
test session::frame::snapshot::tests::contiguous_snapshot_emits_and_caches_the_full_viewport ... ok
test session::frame::snapshot::tests::zero_height_snapshot_has_no_rows_or_damage ... ok
test session::product_requests::live_screen_tests::live_screen_excludes_scrollback_and_observes_carriage_return_rewrites ... ok
test session::product_requests::live_screen_tests::live_screen_uses_active_buffer_and_preserves_primary ... ok
test session::protocol_callbacks::tests::disabled_callback_policy_still_reports_scrollback_clear_without_host_events ... ok
test session::protocol_callbacks::tests::fragmented_full_composer_command_reaches_host_hook_without_truncation ... ok
test session::protocol_callbacks::tests::oversized_shell_hook_is_bounded_and_next_host_event_survives ... ok
test session::protocol_callbacks::tests::split_csi_dcs_and_osc_callbacks_preserve_wire_order ... ok
test session::recording::tests::capacity_overflow_never_returns_a_partial_recording ... ok
test session::recording::tests::capture_orders_raw_output_redacted_input_resize_and_exit ... ok
test session::recording::tests::concurrent_finalize_admission_never_exceeds_the_in_flight_limit ... ok
test session::recording::tests::consume_and_complete_race_never_removes_a_running_job ... ok
test session::recording::tests::finalize_capacity_failure_preserves_active_recording_for_retry ... ok
test session::recording::tests::finalize_prepare_rejects_an_invalid_preallocated_job_id ... ok
test session::recording::tests::finalize_prepare_rejects_and_does_not_chmod_shared_directory ... ok
test session::recording::tests::finalize_prepare_rejects_relative_handoff_directories ... ok
test session::recording::tests::finalize_prepare_rejects_symlink_handoff_directory ... ok
test session::recording::tests::finalize_prepare_returns_before_worker_handoff_and_releases_recording ... ok
test session::recording::tests::finalize_prepare_uses_a_preallocated_lowercase_job_id ... ok
test session::recording::tests::finalize_registry_bounds_terminal_entries_without_evicting_running_jobs ... ok
test session::recording::tests::finalize_status_is_failed_when_handoff_and_error_marker_writes_both_fail ... ok
test session::recording::tests::finalize_worker_spawn_failure_rolls_back_status_and_preserves_active_recording ... ok
test session::recording::tests::running_finalize_status_cannot_be_consumed_and_unknown_does_not_create_a_job ... ok
test session::recording::tests::stale_error_or_partial_file_is_a_collision_and_is_never_reused ... ok
test session::recording::tests::total_registry_limit_evicts_only_terminal_status_for_new_admission ... ok
test session::tests::active_graphic_rows_are_relative_to_visible_scrollback_base ... ok
test session::tests::alternate_screen_clear_does_not_clear_primary_graphics ... ok
test session::tests::async_writer_failure_preserves_only_its_originating_effects ... ok
test session::tests::asynchronous_accept_wire_failure_is_ordered_after_started ... ok
test session::tests::asynchronous_wire_failure_is_ordered_after_detection ... ok
test session::tests::blocked_manager_io_watchdog_does_not_wait_for_the_sequence_gate ... ok
test session::tests::blocked_ordinary_write_does_not_block_pty_output_drain ... ok
test session::tests::blocked_writer_actor_does_not_retain_the_terminal_session ... ok
test session::tests::cached_graphic_assets_survive_kitty_placement_retransmit ... ok
test session::tests::cancel_does_not_wait_for_a_blocked_zmodem_pty_write ... ok
test session::tests::cancel_never_reports_success_after_receive_publication_starts ... ok
test session::tests::cancellation_does_not_suppress_later_shell_output_or_transfer_detection ... ok
test session::tests::cancelled_generation_discards_queued_protocol_jobs_before_ordered_can ... ok
test session::tests::close_cannot_cross_manager_idle_to_terminal_event_publication ... ok
test session::tests::close_detaches_an_unfinished_reader_instead_of_waiting_forever ... ok
test session::tests::close_during_receive_publication_retains_session_and_event_authority ... ok
test session::tests::close_readiness_is_a_non_destructive_snapshot_of_retryable_gates ... ok
test session::tests::close_rejects_native_zmodem_before_detection_event_is_polled ... ok
test session::tests::close_returns_busy_promptly_while_receive_publication_has_not_returned ... ok
test session::tests::close_session_releases_background_worker_references_promptly ... ok
test session::tests::close_waits_for_a_queued_zmodem_recovery_result_to_be_polled ... ok
test session::tests::color_to_hex_handles_named_and_rgb_colors ... ok
test session::tests::concurrent_child_exit_observers_publish_exactly_once_without_hint_gap ... ok
test session::tests::custom_iterm_button_releases_terminal_state_before_pty_write ... ok
test session::tests::cwd_protocol_inputs_emit_one_authoritative_product_context_each ... ok
test session::tests::deferred_actor_write_failure_does_not_reenter_held_queue_lock ... ok
test session::tests::deferred_pty_bytes_follow_queued_final_protocol_bytes ... ok
test session::tests::delta_candidates_include_rows_exposed_by_negative_viewport_shift ... ok
test session::tests::delta_candidates_include_rows_exposed_by_positive_viewport_shift ... ok
test session::tests::diagnostic_event_payload_summarizes_shell_privacy_fields ... ok
test session::tests::diagnostic_notification_payload_redacts_osc99_identity_and_text ... ok
test session::tests::diagnostic_progress_payload_hashes_private_identity ... ok
test session::tests::diagnostic_terminal_context_payload_redacts_all_private_text ... ok
test session::tests::diagnostics_summary_labels_high_direct_child_cpu ... ok
test session::tests::diagnostics_summary_marks_missing_pid_as_insufficient_evidence ... ok
test session::tests::direct_transport_termination_reports_deferred_input_failure ... ok
test session::tests::duplicate_native_terminal_outcomes_are_suppressed_per_transfer ... ok
test session::tests::dynamic_defaults_repaint_existing_default_glyphs_without_recoloring_explicit_same_rgb ... ok
test session::tests::event_envelope_path_correlates_and_consumes_clipboard_host_response_once ... ok
test session::tests::explicit_cell_metrics_drive_graphic_display_geometry ... ok
test session::tests::extended_osc_palette_updates_renderer_visible_indexed_color ... ok
test session::tests::extract_row_hides_kitty_placeholder_cells ... ok
test session::tests::extract_row_omits_default_colors_from_style_runs ... ok
test session::tests::extract_row_tracks_style_runs_in_terminal_columns ... ok
test session::tests::first_async_writer_io_failure_rejects_every_later_job_before_notification ... ok
test session::tests::fold_summary_respects_grapheme_width_and_column_budget ... ok
test session::tests::forced_transport_allows_close_while_stale_transition_is_still_blocked ... ok
test session::tests::forced_transport_keeps_exit_hint_live_until_child_exit_is_observed ... ok
test session::tests::forced_transport_publishes_exit_after_failure_without_reader_barrier ... ok
test session::tests::graphic_placement_applies_kitty_source_rectangle_before_viewport_crop ... ok
test session::tests::graphic_placement_cell_span_includes_kitty_cell_offsets ... ok
test session::tests::graphic_placement_crops_bottom_edge_to_viewport_height ... ok
test session::tests::graphic_placement_crops_right_edge_to_viewport_width ... ok
test session::tests::graphic_placement_crops_scrolled_top_rows ... ok
test session::tests::graphic_placement_crops_when_viewport_starts_inside_graphic ... ok
test session::tests::graphic_placement_drops_graphics_starting_past_right_edge ... ok
test session::tests::graphic_placement_drops_kitty_offset_gap_before_image ... ok
test session::tests::graphic_placement_keeps_kitty_offset_tail_visible_at_viewport_top ... ok
test session::tests::graphic_placements_are_scoped_to_alternate_screen_lifecycle ... ok
test session::tests::host_protocol_assembles_osc5522_binary_mime_write_and_aliases ... ok
test session::tests::host_protocol_bounds_and_resets_iterm_clipboard_capture ... ok
test session::tests::host_protocol_captures_split_iterm_clipboard_stream_without_hiding_output ... ok
test session::tests::host_protocol_emits_osc5522_read_list_and_mime_requests ... ok
test session::tests::host_protocol_maps_iterm_named_pasteboards_and_direct_base64_copy ... ok
test session::tests::host_protocol_observe_emits_split_shell_hook_dcs ... ok
test session::tests::host_protocol_observe_fast_path_keeps_plain_chunks_unbuffered ... ok
test session::tests::host_protocol_observe_keeps_split_osc_sequences_working ... ok
test session::tests::host_protocol_osc5522_write_failure_ignores_packets_until_restart ... ok
test session::tests::host_protocol_parses_osc5522_across_every_byte_boundary ... ok
test session::tests::host_protocol_rejects_invalid_osc5522_password_metadata ... ok
test session::tests::host_protocol_rejects_osc5522_nonempty_start_and_oversized_chunk ... ok
test session::tests::host_protocol_ris_clears_native_keypad_state ... ok
test session::tests::iterm_block_projection_collapses_to_a_mapped_summary_and_pads_the_viewport ... ok
test session::tests::iterm_inline_buttons_project_to_viewport_and_hide_inside_folded_content ... ok
test session::tests::iterm_set_colors_exports_bold_underline_and_frame_resource_overrides ... ok
test session::tests::kitty_default_placement_uses_stable_frame_identity ... ok
test session::tests::kitty_replacement_across_image_ids_can_move_with_stable_placement_identity ... ok
test session::tests::kitty_replacement_across_image_ids_keeps_stable_placement_identity ... ok
test session::tests::kitty_replacement_across_image_ids_requires_matching_placement_id ... ok
test session::tests::kitty_retransmit_keeps_stable_render_id_and_content_version ... ok
test session::tests::local_cwd_context_explicitly_clears_remote_identity ... ok
test session::tests::nested_fold_projection_uses_outer_summary_and_unfold_restores_identity_rows ... ok
test session::tests::non_zmodem_host_writes_are_deferred_until_transfer_is_inactive ... ok
test session::tests::opted_out_client_keeps_zmodem_header_as_raw_terminal_output ... ok
test session::tests::ordinary_actor_failure_terminalizes_a_transfer_queued_behind_it_once ... ok
test session::tests::ordinary_write_fails_before_a_terminated_sequence_owner_releases ... ok
test session::tests::osc1337_attention_is_closed_set_and_privacy_safe_before_product_routing ... ok
test session::tests::osc1337_clear_captured_output_maps_to_a_payload_free_product_action ... ok
test session::tests::osc1337_current_dir_rejects_malformed_percent_utf8_and_controls ... ok
test session::tests::osc1337_download_moves_bytes_to_one_shot_session_storage ... ok
test session::tests::osc1337_download_rejects_size_mismatch_without_retaining_bytes ... ok
test session::tests::osc1337_open_url_is_revalidated_and_redacted_before_product_routing ... ok
test session::tests::osc1337_report_variable_bridge_resolves_only_session_owned_values ... ok
test session::tests::osc1337_request_upload_is_cancelled_without_exposing_host_data ... ok
test session::tests::osc72_parser_event_maps_to_bounded_product_command_only_when_enabled ... ok
test session::tests::osc934_product_events_preserve_full_distinct_protocol_ids ... ok
test session::tests::oversized_ordinary_write_uses_exclusive_queue_reservation ... ok
test session::tests::parser_annotations_resolve_terminal_text_and_redact_diagnostics ... ok
test session::tests::pending_event_queue_assigns_sequences_before_loss_and_reports_empty_batch ... ok
test session::tests::pending_event_queue_bounds_bell_spam_and_emits_one_bodyless_diagnostic ... ok
test session::tests::pending_event_queue_bounds_protected_zmodem_events_under_flood ... ok
test session::tests::pending_event_queue_coalesces_zmodem_progress_by_transfer_id ... ok
test session::tests::pending_event_queue_enforces_aggregate_bytes_by_evicting_oldest_coalescible ... ok
test session::tests::pending_event_queue_enforces_count_and_retains_critical_events ... ok
test session::tests::pending_event_queue_never_coalesces_progress_across_file_transitions ... ok
test session::tests::pending_exit_is_published_after_zmodem_finalization_clears ... ok
test session::tests::pending_file_download_budget_does_not_evict_an_earlier_user_choice ... ok
test session::tests::pending_frame_signal_allows_only_one_concurrent_taker_to_consume_work ... ok
test session::tests::pending_frame_signal_clears_dirty_after_consuming_a_concurrent_mark ... ok
test session::tests::pending_frame_signal_local_mutation_does_not_publish_a_refresh_hint ... ok
test session::tests::pending_frame_signal_restore_preserves_deferred_and_concurrent_damage ... ok
test session::tests::pending_host_request_queue_is_bounded_and_evicts_the_oldest_identity ... ok
test session::tests::pollable_reader_barrier_keeps_exit_last_and_accepts_tail_output ... ok
test session::tests::profile_blank_cells_created_after_scroll_use_default_colors ... ok
test session::tests::profile_default_colors_update_current_sgr_defaults ... ok
test session::tests::pty_eio_is_treated_as_a_trusted_transport_eof ... ok
test session::tests::public_user_write_cannot_overtake_queued_terminal_protocol_wire ... ok
test session::tests::raw_event_drain_is_isolated_from_current_host_request_registration ... ok
test session::tests::receive_publication_releases_only_after_ordered_effects_are_queued ... ok
test session::tests::receive_publish_watchdog_abandons_bounded_worker_and_allows_close ... ok
test session::tests::receive_publish_watchdog_cannot_abandon_a_linearized_result ... ok
test session::tests::recording_initial_screen_is_atomic_and_round_trips_visible_state ... ok
test session::tests::recovery_resolution_does_not_wait_for_the_protocol_manager ... ok
test session::tests::refresh_hint_covers_pending_and_queued_exit_without_an_idle_gap ... ok
test session::tests::rendered_single_line_block_is_exposed_without_becoming_foldable ... ok
test session::tests::repeated_cancel_during_drain_is_idempotent_and_preserves_the_shell ... ok
test session::tests::resize_pixel_metrics_drive_graphic_display_geometry ... ok
test session::tests::resize_restore_keeps_iterm_graphic_attached_to_its_scrollback_rows ... ok
test session::tests::resize_updates_existing_graphic_cell_geometry ... ok
test session::tests::resolved_graphic_cell_span_includes_kitty_cell_offsets ... ok
test session::tests::resource_sampler_releases_scanner_prefix_within_the_protocol_deadline ... ok
test session::tests::resource_sampler_survives_child_exit_until_receive_publication_is_reaped ... ok
test session::tests::ris_maps_to_one_dedicated_product_reset_event ... ok
test session::tests::scanner_timeout_cannot_overtake_reader_passthrough_commit ... ok
test session::tests::scrollback_export_max_lines_request_is_bounded ... ok
test session::tests::sftp_paths_require_bounded_absolute_utf8_without_nul ... ok
test session::tests::sized_text_placements_clip_blocks_crossing_the_viewport_top ... ok
test session::tests::spawned_zmodem_writer_keeps_the_pty_reader_path_nonblocking ... ok
test session::tests::stale_cancel_during_busy_transport_cannot_invalidate_the_active_transfer ... ok
test session::tests::tab_status_bridge_preserves_incremental_presence_and_privacy ... ok
test session::tests::tail_vec_returns_recent_entries_in_order ... ok
test session::tests::terminal_filtered_bridge_applies_policy_and_size_before_host_observer ... ok
test session::tests::terminal_filtered_bridge_denies_iterm_clipboard_but_keeps_stream_text_visible ... ok
test session::tests::terminal_filtered_bridge_reassembles_bounded_osc52_for_host_policy ... ok
test session::tests::terminal_profile_deserialization_clamps_scrollback_lines ... ok
test session::tests::terminal_protocol_wire_is_confirmed_before_completion_can_be_published ... ok
test session::tests::terminal_reply_before_detection_precedes_the_first_zmodem_wire ... ok
test session::tests::timeout_pump_does_not_overtake_a_blocked_zmodem_pty_write ... ok
test session::tests::unpollable_platform_does_not_wait_for_a_close_driven_reader_eof ... ok
test session::tests::vt220_response_normalization_rewrites_da_sequences ... ok
test session::tests::writer_actor_cancel_does_not_wait_for_a_blocked_protocol_write ... ok
test session::tests::writer_actor_stall_is_watched_even_after_transport_gate_is_released ... ok
test session::tests::writer_thread_spawn_failure_kills_the_unpublished_child_session ... ok
test session::tests::xterm_attribute_colors_repaint_default_sourced_attributes_only ... ok
test session::tests::zmodem_cancel_terminal_event_and_deferred_input_wait_for_drain_boundary ... ok
test session::tests::zmodem_command_failure_effects_preserve_safe_passthrough ... ok
test session::tests::zmodem_hard_drain_deadline_terminates_transport_without_releasing_payload ... ok
test session::tests::zmodem_idle_transition_flushes_deferred_writes_before_later_writes ... ok
test session::tests::zmodem_missing_writer_reports_deferred_failure_before_terminal_event ... ok
test session::tests::zmodem_partial_deferred_write_reports_failure_and_terminates_transport ... ok
test session::tests::zmodem_protocol_output_releases_state_locks_before_pty_io ... ok
test session::tests::zmodem_pty_reader_error_fails_active_transfer_immediately ... ok
test session::tests::zmodem_writer_queue_is_bounded_by_bytes_not_job_count ... ok
test session_config::tests::decodes_advanced_ssh_forwarding_configuration ... ok
test session_config::tests::decodes_explicit_zmodem_client_opt_in ... ok
test session_config::tests::decodes_independent_proxy_jump_profiles ... ok
test session_config::tests::decodes_inline_private_key_contents ... ok
test session_config::tests::decodes_ssh_connection_without_a_local_launch_program ... ok
test session_config::tests::rejects_every_shared_invalid_value_without_normalization ... ok
test session_config::tests::rejects_every_shared_missing_unknown_and_case_shape_mutation ... ok
test session_config::tests::rejects_invalid_dynamic_and_incomplete_x11_forwards ... ok
test session_config::tests::rejects_unknown_schema_before_runtime_creation ... ok
test session_config::tests::rejects_zero_scrollback_instead_of_normalizing_it ... ok
test session_request::tests::decode_rejects_an_operation_that_starts_with_a_digit ... ok
test session_request::tests::decode_rejects_cross_session_identity ... ok
test session_request::tests::malformed_request_returns_a_bounded_structured_response ... ok
test session_request::tests::operation_inventory_is_explicit ... ok
test session_request::tests::unsupported_platform_zmodem_error_survives_the_public_contract ... ok
test shell_bootstrap::acceptance::local_bash_conflict_does_not_record_prompt_commands ... ok
test shell_bootstrap::acceptance::local_registration_detects_login_hook_removal ... ok
test shell_bootstrap::acceptance::local_registration_is_reported_without_a_user_command ... ok
test shell_bootstrap::acceptance::local_shell_switch_keeps_tracking_without_ssh_wrapping ... ok
test shell_bootstrap::acceptance::product_ssh_bootstrap_acceptance ... ignored, requires disposable OpenSSH fixtures from tools/ssh_boundary_lab/product.py
test shell_bootstrap::bash_preexec_tests::bash_preexec_repair_preserves_sparse_array_and_unknown_prompt_prefix ... ok
test shell_bootstrap::bash_preexec_tests::bash_preexec_status_survives_legacy_and_modern_prompt_dispatch ... FAILED
test shell_bootstrap::ssh_wrapper_tests::wrapped_ssh_and_profile_connections_use_the_same_initialization ... ok
test shell_bootstrap::tests::a_child_cannot_forge_its_parents_control_frames ... ok
test shell_bootstrap::tests::bash_keeps_foreign_debug_trap ... ok
test shell_bootstrap::tests::bash_memory_bootstrap ... ok
test shell_bootstrap::tests::bash_rejects_ambiguous_prompt_chains_without_reinstalling ... ok
test shell_bootstrap::tests::bash_repairs_stale_flag ... ok
test shell_bootstrap::tests::bash_reuses_server_hooks ... ok
test shell_bootstrap::tests::child_shell_reuses_host_route_and_does_not_authorize_other_hosts ... ok
test shell_bootstrap::tests::nested_routes_resume_the_parent ... ok
test shell_bootstrap::tests::split_frames_reject_foreign_duplicate_and_late_init ... ok
test shell_bootstrap::tests::ssh_without_a_socket_initializes_but_cannot_route_files ... ok
test shell_bootstrap::tests::stale_ready_cycles_and_closed_endpoints_are_rejected ... ok
test shell_bootstrap::tests::zsh_memory_bootstrap ... ok
test ssh::tests::a_reset_during_the_socks_success_reply_is_connection_scoped ... ok
test ssh::tests::a_slow_socks_client_does_not_block_later_handshakes ... ok
test ssh::tests::cancelling_proxy_command_terminates_the_child_process ... ok
test ssh::tests::close_interrupts_a_hanging_ssh_handshake ... ok
test ssh::tests::common_session_teardown_reaps_proxy_command_without_child_kill ... ok
test ssh::tests::direct_ssh_handshake_accepts_host_key_after_connect_timeout ... ok
test ssh::tests::direct_ssh_handshake_cancels_during_host_key_confirmation ... ok
test ssh::tests::direct_ssh_handshake_rejects_delayed_host_key ... ok
test ssh::tests::direct_ssh_handshake_times_out_without_server_response ... ok
test ssh::tests::dropping_forward_listeners_releases_the_bound_port ... ok
test ssh::tests::dropping_sftp_operation_receiver_cancels_queued_work ... ok
test ssh::tests::dropping_sftp_receiver_cancels_queued_directory_work ... ok
test ssh::tests::dynamic_listeners_share_one_handshake_cap_and_recover_after_rejection ... ok
test ssh::tests::generated_x11_cookie_is_a_fresh_hex_token ... ok
test ssh::tests::host_key_policy_accepts_new_and_prompts_for_strict_or_changed ... ok
test ssh::tests::identity_tokens_are_expanded ... ok
test ssh::tests::keyboard_interactive_timeout_matches_openssh_default_login_grace_time ... ok
test ssh::tests::proxy_command_placeholders_cannot_inject_additional_arguments ... ok
test ssh::tests::proxy_jump_defaults_user_and_port_and_parses_chains ... ok
test ssh::tests::proxy_jump_handshake_accepts_host_key_after_connect_timeout ... ok
test ssh::tests::proxy_jump_handshake_cancels_during_host_key_confirmation ... ok
test ssh::tests::proxy_jump_handshake_rejects_delayed_host_key ... ok
test ssh::tests::proxy_jump_handshake_times_out_without_server_response ... ok
test ssh::tests::proxy_jump_rejects_implicit_destination_secrets ... ok
test ssh::tests::proxy_jump_uses_only_its_independent_credentials ... ok
test ssh::tests::relay_cap_exhaustion_is_isolated_and_cancellation_cleans_up ... ok
test ssh::tests::sftp_client_enqueues_directory_work_without_blocking_the_caller ... ok
test ssh::tests::sftp_directory_wire_budget_rejects_escape_amplification ... ok
test ssh::tests::sftp_entry_names_cannot_escape_a_local_edit_directory ... ok
test ssh::tests::sftp_file_transfer_round_trips_through_the_protocol ... ok
test ssh::tests::sftp_operation_cancellation_interrupts_a_pending_step ... ok
test ssh::tests::sftp_scope_errors_still_cancel_and_drain_running_operations ... ok
test ssh::tests::sftp_session_cancellation_reaches_running_child_operations ... ok
test ssh::tests::sftp_stream_preserves_a_frame_within_the_inbound_limit ... ok
test ssh::tests::sftp_stream_rejects_oversized_frame_before_reading_its_payload ... ok
test ssh::tests::ssh_disconnect_diagnostics_classify_real_transport_termination ... ok
test ssh::tests::ssh_disconnect_diagnostics_preserve_remote_exit_status_and_local_close ... ok
test ssh::tests::ssh_setup_still_times_out_without_an_interactive_prompt ... ok
test ssh::tests::ssh_setup_timeout_restarts_after_an_interactive_prompt ... ok
test ssh::tests::unresolved_network_teardown_is_bounded_and_drops_its_future ... ok
test ssh::tests::x11_display_resolves_tcp_and_unix_targets_like_tabby ... ok
test ssh::tests::x11_forwarding_fails_closed_without_an_explicit_real_cookie ... ok
test ssh::tests::x11_setup_proxy_rejects_invalid_order_lengths_protocol_and_cookie ... ok
test ssh::tests::x11_setup_proxy_times_out_a_silent_remote_before_forwarding ... ok
test ssh::tests::x11_setup_proxy_validates_fake_and_substitutes_real_cookie ... ok
test ssh_config::tests::imported_proxy_command_preserves_quoted_argument_boundaries ... ok
test ssh_config::tests::imports_includes_and_computes_wildcard_defaults ... ok
test ssh_config::tests::imports_independent_settings_for_every_proxy_jump_hop ... ok
test ssh_config::tests::include_cycles_are_bounded ... ok
test ssh_config::tests::negated_patterns_do_not_apply ... ok
test ssh_config::tests::unsupported_match_blocks_fail_closed_and_emit_a_warning ... ok
test zmodem::tests::abandoned_publish_failure_revokes_its_unreachable_recovery_token ... ok
test zmodem::tests::announced_receive_size_is_an_estimate_for_a_growing_file ... ok
test zmodem::tests::atomic_publish_removes_staging_without_a_separate_unlink ... ok
test zmodem::tests::authorization_deadline_is_not_renewed_by_peer_traffic ... ok
test zmodem::tests::authorized_send_uses_an_immutable_pathless_snapshot ... ok
test zmodem::tests::backup_creation_failure_keeps_original_complete_staging_authority ... ok
test zmodem::tests::backup_verification_failure_keeps_the_created_alias_in_cleanup_authority ... ok
test zmodem::tests::cancel_cleans_partial_even_when_can_write_fails ... ok
test zmodem::tests::cancellation_claiming_idle_prevents_receive_publication ... ok
test zmodem::tests::cancellation_during_commit_metadata_never_publishes_the_file ... ok
test zmodem::tests::cancelling_send_preparation_signals_the_snapshot_worker ... ok
test zmodem::tests::capacity_full_registration_replaces_only_the_now_orphaned_tombstone ... ok
test zmodem::tests::completed_remainder_is_rescanned_for_a_contiguous_transfer_header ... ok
test zmodem::tests::concurrent_destination_claim_is_retried_atomically ... ok
test zmodem::tests::detector_accepts_mark_parity_without_rewriting_original_wire_bytes ... ok
test zmodem::tests::detector_accepts_uppercase_hex_headers ... ok
test zmodem::tests::detector_ignores_split_xon_xoff_without_rewriting_original_wire_bytes ... ok
test zmodem::tests::detector_requires_a_crc_valid_initial_header ... ok
test zmodem::tests::directory_sync_failure_prevents_completion_and_preserves_recovery ... ok
test zmodem::tests::dismissing_recovery_deletes_the_hidden_staging_file ... ok
test zmodem::tests::draining_sustained_payload_hits_a_non_refreshable_hard_deadline ... ok
test zmodem::tests::duplicate_receive_offer_drops_staging_and_preserves_original_offer ... ok
test zmodem::tests::failed_mtime_update_preserves_complete_staging_file_for_recovery ... ok
test zmodem::tests::failed_publish_preserves_complete_staging_file_for_recovery ... ok
test zmodem::tests::failed_recovery_candidate_clone_does_not_extend_reveal_lease ... ok
test zmodem::tests::failed_recovery_registration_schedules_complete_staging_cleanup ... ok
test zmodem::tests::failed_recovery_sweeper_start_remains_retryable ... ok
test zmodem::tests::final_mode_restore_rejects_same_size_mutation_with_restored_mtime ... ok
test zmodem::tests::final_oo_is_filtered_but_same_chunk_terminal_marker_is_preserved ... ok
test zmodem::tests::ingest_preserves_file_completion_when_transport_closes_during_publication ... ok
test zmodem::tests::invalid_candidate_is_returned_byte_for_byte ... ok
test zmodem::tests::invalid_parity_marked_candidate_passes_through_byte_for_byte ... ok
test zmodem::tests::invalid_raw_receive_basename_is_rejected_before_offer ... ok
test zmodem::tests::late_finished_snapshot_cannot_revive_an_expired_send_preparation ... ok
test zmodem::tests::late_receive_preparation_cannot_revive_an_expired_deadline ... ok
test zmodem::tests::late_zskip_and_zrpos_rewind_keep_send_progress_monotonic ... ok
test zmodem::tests::long_windowed_send_accepts_near_deadline_acks_without_spurious_retries ... ok
test zmodem::tests::mid_file_zfin_never_completes_and_transport_eof_cleans_partial ... ok
test zmodem::tests::open_send_files_assigns_unique_wire_names_to_casefold_collisions ... ok
test zmodem::tests::open_send_files_assigns_unique_wire_names_to_sanitization_collisions ... ok
test zmodem::tests::ordinary_session_closes_cannot_evict_a_live_recovery_tombstone ... ok
test zmodem::tests::partial_cleanup_never_unlinks_a_replacement_staging_entry ... ok
test zmodem::tests::partial_cleanup_stays_bound_to_selected_directory_after_path_replacement ... ok
test zmodem::tests::peer_noise_cannot_extend_the_send_no_progress_deadline ... ok
test zmodem::tests::peer_skip_emits_file_event_continues_batch_and_reports_statistics ... ok
test zmodem::tests::pending_transfer_times_out_and_returns_to_scanning ... ok
test zmodem::tests::postpublish_backup_failure_explicitly_removes_the_final_alias ... ok
test zmodem::tests::postpublish_backup_failure_never_moves_a_replacement_final_name ... ok
test zmodem::tests::prepublication_cleanup_never_touches_an_unowned_intended_name ... ok
test zmodem::tests::protocol_failure_preserves_plain_bytes_before_the_detection_boundary ... ok
test zmodem::tests::protocol_failure_quarantines_residual_payload_until_drain_boundary ... ok
test zmodem::tests::protocol_failure_reaps_inflight_receive_publication_before_terminal_failure ... ok
test zmodem::tests::publish_backup_is_a_read_only_prepublication_hard_link ... ok
test zmodem::tests::publish_collision_retry_does_not_require_hard_links ... ok
test zmodem::tests::publish_failure_event_reports_only_a_bounded_recoverable_basename ... ok
test zmodem::tests::publish_failure_holds_close_phase_until_recovery_event_publication ... ok
test zmodem::tests::published_inode_sync_failure_prevents_completion_and_preserves_recovery ... ok
test zmodem::tests::queued_finished_snapshot_is_not_rejected_by_an_authorization_deadline ... ok
test zmodem::tests::raw_subpacket_activity_rearms_retry_without_extending_hard_progress_deadline ... ok
test zmodem::tests::receive_accept_failure_is_transactional ... ok
test zmodem::tests::receive_offer_limit_is_independent_of_completed_file_count ... ok
test zmodem::tests::receive_publication_claims_phase_and_watchdog_before_worker_acquisition ... ok
test zmodem::tests::receive_publish_stays_bound_to_selected_directory_after_path_replacement ... ok
test zmodem::tests::receive_resource_pool_enforces_file_byte_and_fd_limits_until_drop ... ok
test zmodem::tests::received_file_is_published_without_overwriting ... ok
test zmodem::tests::received_names_are_flattened_and_sanitized ... ok
test zmodem::tests::received_names_revalidate_after_utf8_byte_truncation_and_strip_bidi_controls ... ok
test zmodem::tests::receiver_missing_final_oo_completes_after_bounded_retry_wait ... ok
test zmodem::tests::receiver_protocol_retry_pump_recovers_a_dropped_handshake_without_renewing_idle ... ok
test zmodem::tests::recoverable_staging_path_tracks_a_renamed_selected_directory ... ok
test zmodem::tests::recovery_capacity_eviction_deletes_the_oldest_hidden_file ... ok
test zmodem::tests::recovery_fallback_authority_remains_owner_bound_and_expires ... ok
test zmodem::tests::recovery_registration_after_session_close_is_tombstoned_atomically ... ok
test zmodem::tests::recovery_registration_fails_closed_when_sweeper_cannot_start ... ok
test zmodem::tests::recovery_reveal_lease_prevents_ttl_and_capacity_eviction ... ok
test zmodem::tests::recovery_token_rejects_replaced_or_symlinked_staging_entry ... ok
test zmodem::tests::repeated_zrpos_rewinds_cannot_extend_the_send_progress_deadline ... ok
test zmodem::tests::replaced_staging_entry_is_never_published_as_received_content ... ok
test zmodem::tests::replacement_after_initial_verification_uses_independent_recovery_backup ... ok
test zmodem::tests::scanner_flushes_a_stale_partial_prefix ... ok
test zmodem::tests::scanner_preserves_split_prefix_and_flushes_plain_bytes ... ok
test zmodem::tests::send_authorization_defers_filesystem_validation_to_the_cancelable_worker ... ok
test zmodem::tests::send_batch_names_remain_unique_after_sanitization_and_utf8_truncation ... ok
test zmodem::tests::send_batch_wire_names_are_ascii_case_insensitively_unique ... ok
test zmodem::tests::send_batch_wire_names_normalize_unicode_before_casefolding ... ok
test zmodem::tests::send_files_capture_modification_time ... ok
test zmodem::tests::send_preparation_keeps_the_peer_handshake_moving ... ok
test zmodem::tests::send_preparation_obeys_the_hard_no_progress_deadline ... ok
test zmodem::tests::send_preparation_retries_protocol_without_waiting_for_snapshot_completion ... ok
test zmodem::tests::send_rejects_fifo_without_waiting_for_a_writer_and_rejects_devices ... ok
test zmodem::tests::send_rejects_symbolic_links ... ok
test zmodem::tests::send_snapshot_rejects_same_size_rewrite_even_when_mtime_is_restored ... ok
test zmodem::tests::sender_ack_rearms_retry_deadline_before_the_same_sampler_tick ... ok
test zmodem::tests::sender_protocol_retries_remain_bounded_without_peer_or_file_progress ... ok
test zmodem::tests::sender_protocol_retry_pump_recovers_a_dropped_file_offer_without_renewing_idle ... ok
test zmodem::tests::snapshot_resource_pool_is_process_wide_and_leased_until_last_owner_drops ... ok
test zmodem::tests::staging_replacement_race_never_deletes_unrelated_content ... ok
test zmodem::tests::successful_receive_publish_linearizes_result_before_event_publication ... ok
test zmodem::tests::sustained_terminal_output_cannot_postpone_missing_final_oo_completion ... ok
test zmodem::tests::timeout_winning_after_rename_removes_the_unlinearized_final_file ... ok
test zmodem::tests::transport_close_waits_for_bounded_receive_publication_result ... ok
test zmodem::tests::trusted_eof_after_receiver_zfin_completes_without_final_oo ... ok
test zmodem::tests::trusted_eof_mid_receive_fails_and_schedules_partial_removal ... ok
test zmodem::tests::trusted_eof_recovers_plain_terminal_output_while_waiting_for_oo ... ok
test zmodem::tests::unknown_receive_size_is_limited_dynamically_and_can_commit ... ok

failures:

---- shell_bootstrap::bash_preexec_tests::bash_preexec_status_survives_legacy_and_modern_prompt_dispatch stdout ----

thread 'shell_bootstrap::bash_preexec_tests::bash_preexec_status_survives_legacy_and_modern_prompt_dispatch' panicked at src/shell_bootstrap/bash_preexec_tests.rs:147:13:
assertion `left == right` failed: /opt/homebrew/bin/bash legacy-deferred-string: [Object {"command": String("/bin/false"), "context_id": String("root"), "hook": String("preexec"), "shell": String("bash"), "submission_id": String("status-3")}, Object {"command": String("/bin/false"), "context_id": String("root"), "exit_code": Number(127), "hook": String("command_finished"), "shell": String("bash")}, Object {"context_id": String("root"), "hook": String("precmd"), "shell": String("bash")}, Object {"context_id": String("root"), "hook": String("precmd.pwd"), "pwd": String("/private/var/folders/k2/8qbf3nrs7t1749d198rw0df40000gn/T/.tmp0Vnzak"), "shell": String("bash")}]
  left: Number(127)
 right: 1
note: run with `RUST_BACKTRACE=1` environment variable to display a backtrace


failures:
    shell_bootstrap::bash_preexec_tests::bash_preexec_status_survives_legacy_and_modern_prompt_dispatch

test result: FAILED. 446 passed; 1 failed; 1 ignored; 0 measured; 0 filtered out; finished in 34.09s

error: test failed, to rerun pass `--lib`
make: *** [verify] Error 101
