package:ianvs_design has `uses-material-design: true` set but the primary pubspec contains `uses-material-design: false`. If the application needs material icons, then `uses-material-design`  must be set to true.
00:00 +0: loading /Users/robinfai/flutter_projects/ianvs-terminal/example/test/ai/terminal_ai_recovery_test.dart
00:00 +0: /Users/robinfai/flutter_projects/ianvs-terminal/example/test/ai/terminal_ai_recovery_test.dart: disconnect revokes approval; recovery keeps task, draft and attachments
00:00 +1: /Users/robinfai/flutter_projects/ianvs-terminal/example/test/ai/terminal_ai_recovery_test.dart: disconnect cancels inference and ignores its late proposal
00:00 +2: /Users/robinfai/flutter_projects/ianvs-terminal/example/test/ai/terminal_ai_recovery_test.dart: terminal recovery cannot erase an independent authentication error
00:00 +3: /Users/robinfai/flutter_projects/ianvs-terminal/example/test/ai/terminal_ai_recovery_test.dart: unknown receipt blocks continuation until the original submission is checked
00:00 +4: /Users/robinfai/flutter_projects/ianvs-terminal/example/test/ai/terminal_ai_recovery_test.dart: disconnected native receipts can resolve acceptance without resuming
00:00 +5: /Users/robinfai/flutter_projects/ianvs-terminal/example/test/ai/terminal_ai_recovery_test.dart: simultaneous terminal checks share one read and do not send input
00:00 +6: /Users/robinfai/flutter_projects/ianvs-terminal/example/test/ai/terminal_ai_recovery_test.dart: terminal failure during explicit interrupt can be checked without retry
00:00 +7: /Users/robinfai/flutter_projects/ianvs-terminal/example/test/ai/terminal_ai_recovery_test.dart: late failed check cannot change the newly selected task
00:00 +8: /Users/robinfai/flutter_projects/ianvs-terminal/example/test/ai/terminal_ai_recovery_test.dart: takeover closes tool history and continues only after checking receipt
00:00 +9: /Users/robinfai/flutter_projects/ianvs-terminal/example/test/ai/terminal_ai_widgets_test.dart: task status and resume remain reachable while reading history
00:00 +10: /Users/robinfai/flutter_projects/ianvs-terminal/example/test/ai/terminal_ai_widgets_test.dart: task status and resume remain reachable while reading history
00:00 +11: /Users/robinfai/flutter_projects/ianvs-terminal/example/test/ai/terminal_ai_widgets_test.dart: task status and resume remain reachable while reading history
00:00 +12: /Users/robinfai/flutter_projects/ianvs-terminal/example/test/ai/terminal_ai_widgets_test.dart: task status and resume remain reachable while reading history
00:00 +13: /Users/robinfai/flutter_projects/ianvs-terminal/example/test/ai/terminal_ai_widgets_test.dart: task status and resume remain reachable while reading history
00:00 +14: /Users/robinfai/flutter_projects/ianvs-terminal/example/test/ai/terminal_ai_widgets_test.dart: task status and resume remain reachable while reading history
00:00 +15: /Users/robinfai/flutter_projects/ianvs-terminal/example/test/ai/terminal_ai_widgets_test.dart: task status and resume remain reachable while reading history
00:00 +16: /Users/robinfai/flutter_projects/ianvs-terminal/example/test/ai/terminal_ai_widgets_test.dart: task status and resume remain reachable while reading history
00:00 +17: /Users/robinfai/flutter_projects/ianvs-terminal/example/test/ai/terminal_ai_widgets_test.dart: task status and resume remain reachable while reading history
00:00 +18: /Users/robinfai/flutter_projects/ianvs-terminal/example/test/ai/terminal_ai_widgets_test.dart: task status and resume remain reachable while reading history
00:00 +19: /Users/robinfai/flutter_projects/ianvs-terminal/example/test/ai/terminal_ai_widgets_test.dart: task status and resume remain reachable while reading history
00:00 +20: /Users/robinfai/flutter_projects/ianvs-terminal/example/test/ai/terminal_ai_widgets_test.dart: task status and resume remain reachable while reading history
00:00 +21: /Users/robinfai/flutter_projects/ianvs-terminal/example/test/ai/terminal_ai_widgets_test.dart: task status and resume remain reachable while reading history
00:00 +22: /Users/robinfai/flutter_projects/ianvs-terminal/example/test/ai/terminal_ai_widgets_test.dart: task status and resume remain reachable while reading history
00:00 +23: /Users/robinfai/flutter_projects/ianvs-terminal/example/test/ai/terminal_ai_widgets_test.dart: task status and resume remain reachable while reading history
00:00 +24: /Users/robinfai/flutter_projects/ianvs-terminal/example/test/ai/terminal_ai_widgets_test.dart: task status and resume remain reachable while reading history
00:00 +25: /Users/robinfai/flutter_projects/ianvs-terminal/example/test/ai/terminal_ai_widgets_test.dart: task status and resume remain reachable while reading history
00:00 +26: /Users/robinfai/flutter_projects/ianvs-terminal/example/test/ai/terminal_ai_widgets_test.dart: task status and resume remain reachable while reading history
00:00 +27: /Users/robinfai/flutter_projects/ianvs-terminal/example/test/ai/terminal_ai_widgets_test.dart: task status and resume remain reachable while reading history
00:00 +28: /Users/robinfai/flutter_projects/ianvs-terminal/example/test/ai/terminal_ai_widgets_test.dart: task status and resume remain reachable while reading history
00:00 +29: /Users/robinfai/flutter_projects/ianvs-terminal/example/test/ai/terminal_ai_widgets_test.dart: task status and resume remain reachable while reading history
00:00 +30: /Users/robinfai/flutter_projects/ianvs-terminal/example/test/ai/terminal_ai_widgets_test.dart: task status and resume remain reachable while reading history
00:00 +31: /Users/robinfai/flutter_projects/ianvs-terminal/example/test/ai/terminal_ai_widgets_test.dart: task status and resume remain reachable while reading history
00:00 +32: /Users/robinfai/flutter_projects/ianvs-terminal/example/test/ai/terminal_ai_widgets_test.dart: task status and resume remain reachable while reading history
00:00 +33: /Users/robinfai/flutter_projects/ianvs-terminal/example/test/ai/terminal_ai_widgets_test.dart: task status and resume remain reachable while reading history
00:00 +34: /Users/robinfai/flutter_projects/ianvs-terminal/example/test/ai/terminal_ai_widgets_test.dart: task status and resume remain reachable while reading history
00:00 +35: /Users/robinfai/flutter_projects/ianvs-terminal/example/test/ai/terminal_ai_widgets_test.dart: task status and resume remain reachable while reading history
00:00 +36: /Users/robinfai/flutter_projects/ianvs-terminal/example/test/ai/terminal_ai_widgets_test.dart: task status and resume remain reachable while reading history
00:00 +37: /Users/robinfai/flutter_projects/ianvs-terminal/example/test/ai/terminal_ai_widgets_test.dart: task status and resume remain reachable while reading history
00:00 +38: /Users/robinfai/flutter_projects/ianvs-terminal/example/test/ai/terminal_ai_widgets_test.dart: task status and resume remain reachable while reading history
00:00 +39: /Users/robinfai/flutter_projects/ianvs-terminal/example/test/ai/terminal_ai_widgets_test.dart: task status and resume remain reachable while reading history
00:01 +40: /Users/robinfai/flutter_projects/ianvs-terminal/example/test/ai/terminal_ai_widgets_test.dart: task status and resume remain reachable while reading history
00:01 +41: /Users/robinfai/flutter_projects/ianvs-terminal/example/test/ai/terminal_ai_widgets_test.dart: task status and resume remain reachable while reading history
00:01 +42: /Users/robinfai/flutter_projects/ianvs-terminal/example/test/ai/terminal_ai_focus_test.dart: approved desktop result restores input for a same-task follow-up
00:01 +43: /Users/robinfai/flutter_projects/ianvs-terminal/example/test/ai/terminal_ai_focus_test.dart: approved desktop result restores input for a same-task follow-up
00:01 +44: /Users/robinfai/flutter_projects/ianvs-terminal/example/test/ai/terminal_ai_focus_test.dart: approved desktop result restores input for a same-task follow-up
00:01 +45: /Users/robinfai/flutter_projects/ianvs-terminal/example/test/ai/terminal_ai_focus_test.dart: approved desktop result restores input for a same-task follow-up
00:01 +46: /Users/robinfai/flutter_projects/ianvs-terminal/example/test/ai/terminal_ai_focus_test.dart: approved desktop result restores input for a same-task follow-up
00:01 +47: /Users/robinfai/flutter_projects/ianvs-terminal/example/test/ai/terminal_ai_focus_test.dart: approved desktop result restores input for a same-task follow-up
00:01 +48: /Users/robinfai/flutter_projects/ianvs-terminal/example/test/ai/terminal_ai_focus_test.dart: approved desktop result restores input for a same-task follow-up
00:01 +49: /Users/robinfai/flutter_projects/ianvs-terminal/example/test/ai/terminal_ai_focus_test.dart: approved desktop result restores input for a same-task follow-up
00:01 +50: /Users/robinfai/flutter_projects/ianvs-terminal/example/test/ai/terminal_ai_focus_test.dart: approved desktop result restores input for a same-task follow-up
00:01 +51: /Users/robinfai/flutter_projects/ianvs-terminal/example/test/ai/terminal_ai_focus_test.dart: approved desktop result restores input for a same-task follow-up
00:01 +52: /Users/robinfai/flutter_projects/ianvs-terminal/example/test/ai/terminal_ai_focus_test.dart: approved desktop result restores input for a same-task follow-up
00:01 +53: /Users/robinfai/flutter_projects/ianvs-terminal/example/test/ai/terminal_ai_focus_test.dart: approved desktop result restores input for a same-task follow-up
00:01 +54: /Users/robinfai/flutter_projects/ianvs-terminal/example/test/ai/terminal_ai_focus_test.dart: approved desktop result restores input for a same-task follow-up
00:01 +55: /Users/robinfai/flutter_projects/ianvs-terminal/example/test/ai/terminal_ai_focus_test.dart: approved desktop result restores input for a same-task follow-up
00:01 +56: /Users/robinfai/flutter_projects/ianvs-terminal/example/test/ai/terminal_ai_focus_test.dart: approved desktop result restores input for a same-task follow-up
00:01 +57: /Users/robinfai/flutter_projects/ianvs-terminal/example/test/ai/terminal_ai_focus_test.dart: approved desktop result restores input for a same-task follow-up
00:01 +58: /Users/robinfai/flutter_projects/ianvs-terminal/example/test/ai/terminal_ai_focus_test.dart: approved desktop result restores input for a same-task follow-up
00:01 +59: /Users/robinfai/flutter_projects/ianvs-terminal/example/test/ai/terminal_ai_focus_test.dart: approved desktop result restores input for a same-task follow-up
00:01 +60: /Users/robinfai/flutter_projects/ianvs-terminal/example/test/ai/terminal_ai_focus_test.dart: approved desktop result restores input for a same-task follow-up
00:01 +61: /Users/robinfai/flutter_projects/ianvs-terminal/example/test/ai/terminal_ai_focus_test.dart: approved desktop result restores input for a same-task follow-up
00:01 +62: /Users/robinfai/flutter_projects/ianvs-terminal/example/test/ai/terminal_ai_focus_test.dart: approved desktop result restores input for a same-task follow-up
00:01 +63: /Users/robinfai/flutter_projects/ianvs-terminal/example/test/ai/terminal_ai_focus_test.dart: approved desktop result restores input for a same-task follow-up
00:01 +64: /Users/robinfai/flutter_projects/ianvs-terminal/example/test/ai/terminal_ai_focus_test.dart: approved desktop result restores input for a same-task follow-up
00:01 +65: /Users/robinfai/flutter_projects/ianvs-terminal/example/test/ai/terminal_ai_focus_test.dart: approved desktop result restores input for a same-task follow-up
00:01 +66: /Users/robinfai/flutter_projects/ianvs-terminal/example/test/ai/terminal_ai_focus_test.dart: approved desktop result restores input for a same-task follow-up
00:01 +67: /Users/robinfai/flutter_projects/ianvs-terminal/example/test/ai/terminal_ai_focus_test.dart: approved desktop result restores input for a same-task follow-up
00:01 +68: /Users/robinfai/flutter_projects/ianvs-terminal/example/test/ai/terminal_ai_focus_test.dart: approved desktop result restores input for a same-task follow-up
00:01 +69: /Users/robinfai/flutter_projects/ianvs-terminal/example/test/ai/terminal_ai_focus_test.dart: approved desktop result restores input for a same-task follow-up
00:01 +70: /Users/robinfai/flutter_projects/ianvs-terminal/example/test/ai/terminal_ai_focus_test.dart: approved desktop result restores input for a same-task follow-up
00:01 +71: /Users/robinfai/flutter_projects/ianvs-terminal/example/test/ai/terminal_ai_focus_test.dart: approved desktop result restores input for a same-task follow-up
00:01 +72: /Users/robinfai/flutter_projects/ianvs-terminal/example/test/ai/terminal_ai_focus_test.dart: approved desktop result restores input for a same-task follow-up
00:01 +73: /Users/robinfai/flutter_projects/ianvs-terminal/example/test/ai/terminal_ai_focus_test.dart: approved desktop result restores input for a same-task follow-up
00:01 +74: /Users/robinfai/flutter_projects/ianvs-terminal/example/test/ai/terminal_ai_focus_test.dart: approved desktop result restores input for a same-task follow-up
00:01 +75: /Users/robinfai/flutter_projects/ianvs-terminal/example/test/ai/terminal_ai_focus_test.dart: approved desktop result restores input for a same-task follow-up
00:01 +76: /Users/robinfai/flutter_projects/ianvs-terminal/example/test/ai/terminal_ai_focus_test.dart: approved desktop result restores input for a same-task follow-up
00:01 +77: /Users/robinfai/flutter_projects/ianvs-terminal/example/test/ai/terminal_ai_focus_test.dart: approved desktop result restores input for a same-task follow-up
00:01 +78: /Users/robinfai/flutter_projects/ianvs-terminal/example/test/ai/terminal_ai_focus_test.dart: approved desktop result restores input for a same-task follow-up
00:01 +79: /Users/robinfai/flutter_projects/ianvs-terminal/example/test/ai/terminal_ai_focus_test.dart: approved desktop result restores input for a same-task follow-up
00:01 +80: /Users/robinfai/flutter_projects/ianvs-terminal/example/test/ai/terminal_ai_focus_test.dart: approved desktop result restores input for a same-task follow-up
00:01 +81: /Users/robinfai/flutter_projects/ianvs-terminal/example/test/ai/terminal_ai_focus_test.dart: approved desktop result restores input for a same-task follow-up
00:01 +82: /Users/robinfai/flutter_projects/ianvs-terminal/example/test/ai/terminal_ai_focus_test.dart: approved desktop result restores input for a same-task follow-up
00:01 +83: /Users/robinfai/flutter_projects/ianvs-terminal/example/test/ai/terminal_ai_focus_test.dart: approved desktop result restores input for a same-task follow-up
00:01 +84: /Users/robinfai/flutter_projects/ianvs-terminal/example/test/ai/terminal_ai_focus_test.dart: approved desktop result restores input for a same-task follow-up
00:01 +85: /Users/robinfai/flutter_projects/ianvs-terminal/example/test/ai/terminal_ai_focus_test.dart: approved desktop result restores input for a same-task follow-up
00:01 +86: /Users/robinfai/flutter_projects/ianvs-terminal/example/test/ai/terminal_ai_focus_test.dart: approved desktop result restores input for a same-task follow-up
00:01 +87: /Users/robinfai/flutter_projects/ianvs-terminal/example/test/ai/terminal_ai_focus_test.dart: approved desktop result restores input for a same-task follow-up
00:01 +88: /Users/robinfai/flutter_projects/ianvs-terminal/example/test/ai/terminal_ai_widgets_test.dart: Composer Enter routes natural language to AI without shell execution
00:01 +89: /Users/robinfai/flutter_projects/ianvs-terminal/example/test/ai/terminal_ai_workspace_test.dart: workspace layout dark Size(960.0, 700.0) scale 1.0
00:01 +90: /Users/robinfai/flutter_projects/ianvs-terminal/example/test/ai/terminal_ai_focus_test.dart: finished result preserves historical reading and keyboard owner
00:01 +91: /Users/robinfai/flutter_projects/ianvs-terminal/example/test/ai/terminal_ai_focus_test.dart: finished result preserves historical reading and keyboard owner
00:01 +92: /Users/robinfai/flutter_projects/ianvs-terminal/example/test/ai/terminal_ai_focus_test.dart: finished result preserves historical reading and keyboard owner
00:01 +93: /Users/robinfai/flutter_projects/ianvs-terminal/example/test/ai/terminal_ai_focus_test.dart: finished result preserves historical reading and keyboard owner
00:01 +94: /Users/robinfai/flutter_projects/ianvs-terminal/example/test/ai/terminal_ai_focus_test.dart: finished result preserves historical reading and keyboard owner
00:01 +95: /Users/robinfai/flutter_projects/ianvs-terminal/example/test/ai/terminal_ai_focus_test.dart: finished result preserves historical reading and keyboard owner
00:01 +96: /Users/robinfai/flutter_projects/ianvs-terminal/example/test/ai/terminal_ai_widgets_test.dart: AI panel iOS dark at narrow width and large text
00:01 +97: /Users/robinfai/flutter_projects/ianvs-terminal/example/test/ai/terminal_ai_widgets_test.dart: AI panel iOS dark at narrow width and large text
00:01 +98: /Users/robinfai/flutter_projects/ianvs-terminal/example/test/ai/terminal_ai_focus_test.dart: finished result preserves selected assistant text
00:01 +99: /Users/robinfai/flutter_projects/ianvs-terminal/example/test/ai/terminal_ai_focus_test.dart: finished result preserves selected assistant text
00:01 +100: /Users/robinfai/flutter_projects/ianvs-terminal/example/test/ai/terminal_ai_focus_test.dart: finished result preserves selected assistant text
00:01 +101: /Users/robinfai/flutter_projects/ianvs-terminal/example/test/ai/terminal_ai_focus_test.dart: finished result preserves selected assistant text
00:01 +102: /Users/robinfai/flutter_projects/ianvs-terminal/example/test/ai/terminal_ai_focus_test.dart: finished result preserves selected assistant text
00:01 +103: /Users/robinfai/flutter_projects/ianvs-terminal/example/test/ai/terminal_ai_evidence_navigation_test.dart: citation retains source row and bypasses saved filter (phone false)
00:01 +104: /Users/robinfai/flutter_projects/ianvs-terminal/example/test/ai/terminal_ai_evidence_navigation_test.dart: citation retains source row and bypasses saved filter (phone false)
00:02 +105: /Users/robinfai/flutter_projects/ianvs-terminal/example/test/ai/terminal_ai_evidence_navigation_test.dart: citation retains source row and bypasses saved filter (phone false)
00:02 +106: /Users/robinfai/flutter_projects/ianvs-terminal/example/test/ai/terminal_ai_evidence_navigation_test.dart: citation retains source row and bypasses saved filter (phone false)
00:02 +107: /Users/robinfai/flutter_projects/ianvs-terminal/example/test/ai/terminal_ai_evidence_navigation_test.dart: citation retains source row and bypasses saved filter (phone false)
00:02 +108: /Users/robinfai/flutter_projects/ianvs-terminal/example/test/ai/terminal_ai_evidence_navigation_test.dart: citation retains source row and bypasses saved filter (phone false)
00:02 +109: /Users/robinfai/flutter_projects/ianvs-terminal/example/test/ai/terminal_ai_evidence_navigation_test.dart: citation retains source row and bypasses saved filter (phone false)
00:02 +110: /Users/robinfai/flutter_projects/ianvs-terminal/example/test/ai/terminal_ai_evidence_navigation_test.dart: citation retains source row and bypasses saved filter (phone false)
00:02 +111: /Users/robinfai/flutter_projects/ianvs-terminal/example/test/ai/terminal_ai_evidence_navigation_test.dart: citation retains source row and bypasses saved filter (phone false)
00:02 +112: /Users/robinfai/flutter_projects/ianvs-terminal/example/test/ai/terminal_ai_evidence_navigation_test.dart: citation retains source row and bypasses saved filter (phone false)
00:02 +113: /Users/robinfai/flutter_projects/ianvs-terminal/example/test/ai/terminal_ai_evidence_navigation_test.dart: citation retains source row and bypasses saved filter (phone false)
00:02 +114: /Users/robinfai/flutter_projects/ianvs-terminal/example/test/ai/terminal_ai_evidence_navigation_test.dart: citation retains source row and bypasses saved filter (phone false)
00:02 +115: /Users/robinfai/flutter_projects/ianvs-terminal/example/test/ai/terminal_ai_evidence_navigation_test.dart: citation retains source row and bypasses saved filter (phone false)
00:02 +116: /Users/robinfai/flutter_projects/ianvs-terminal/example/test/ai/terminal_ai_workspace_test.dart: navigation labels fit and preserve pending reading wide-en
00:02 +117: /Users/robinfai/flutter_projects/ianvs-terminal/example/test/ai/terminal_ai_focus_test.dart: reply preserves an active draft and composition phone=true
00:02 +118: /Users/robinfai/flutter_projects/ianvs-terminal/example/test/ai/terminal_ai_focus_test.dart: reply preserves an active draft and composition phone=true
00:02 +119: /Users/robinfai/flutter_projects/ianvs-terminal/example/test/ai/terminal_ai_focus_test.dart: reply preserves an active draft and composition phone=true
00:02 +120: /Users/robinfai/flutter_projects/ianvs-terminal/example/test/ai/terminal_ai_evidence_navigation_test.dart: citation retains source row and bypasses saved filter (phone true)
00:02 +121: /Users/robinfai/flutter_projects/ianvs-terminal/example/test/ai/terminal_ai_evidence_navigation_test.dart: citation retains source row and bypasses saved filter (phone true)
00:03 +122: /Users/robinfai/flutter_projects/ianvs-terminal/example/test/ai/terminal_ai_evidence_navigation_test.dart: citation retains source row and bypasses saved filter (phone true)
00:03 +123: /Users/robinfai/flutter_projects/ianvs-terminal/example/test/ai/terminal_ai_evidence_navigation_test.dart: citation retains source row and bypasses saved filter (phone true)
00:03 +124: /Users/robinfai/flutter_projects/ianvs-terminal/example/test/ai/terminal_ai_workspace_test.dart: navigation labels fit and preserve pending reading wide-zh-dark
00:03 +125: /Users/robinfai/flutter_projects/ianvs-terminal/example/test/ai/terminal_ai_workspace_test.dart: navigation labels fit and preserve pending reading wide-zh-dark
00:03 +126: /Users/robinfai/flutter_projects/ianvs-terminal/example/test/shell/session_sidebar_chrome_test.dart: sidebar resizing clamps, preserves width and keeps the terminal alive (variant: TargetPlatform.macOS)
00:03 +127: /Users/robinfai/flutter_projects/ianvs-terminal/example/test/shell/session_sidebar_chrome_test.dart: sidebar resizing clamps, preserves width and keeps the terminal alive (variant: TargetPlatform.macOS)
00:03 +128: /Users/robinfai/flutter_projects/ianvs-terminal/example/test/shell/session_sidebar_chrome_test.dart: sidebar resizing clamps, preserves width and keeps the terminal alive (variant: TargetPlatform.macOS)
00:03 +129: /Users/robinfai/flutter_projects/ianvs-terminal/example/test/shell/session_sidebar_chrome_test.dart: sidebar resizing clamps, preserves width and keeps the terminal alive (variant: TargetPlatform.macOS)
00:03 +130: /Users/robinfai/flutter_projects/ianvs-terminal/example/test/shell/session_sidebar_chrome_test.dart: sidebar resizing clamps, preserves width and keeps the terminal alive (variant: TargetPlatform.macOS)
00:03 +131: /Users/robinfai/flutter_projects/ianvs-terminal/example/test/shell/session_sidebar_chrome_test.dart: sidebar resizing clamps, preserves width and keeps the terminal alive (variant: TargetPlatform.macOS)
00:03 +132: /Users/robinfai/flutter_projects/ianvs-terminal/example/test/shell/session_sidebar_chrome_test.dart: sidebar resizing clamps, preserves width and keeps the terminal alive (variant: TargetPlatform.macOS)
00:03 +133: /Users/robinfai/flutter_projects/ianvs-terminal/example/test/shell/session_sidebar_chrome_test.dart: sidebar resizing clamps, preserves width and keeps the terminal alive (variant: TargetPlatform.macOS)
00:03 +134: /Users/robinfai/flutter_projects/ianvs-terminal/example/test/shell/session_sidebar_chrome_test.dart: sidebar resizing clamps, preserves width and keeps the terminal alive (variant: TargetPlatform.macOS)
00:03 +135: /Users/robinfai/flutter_projects/ianvs-terminal/example/test/shell/session_sidebar_chrome_test.dart: sidebar resizing clamps, preserves width and keeps the terminal alive (variant: TargetPlatform.macOS)
00:03 +136: /Users/robinfai/flutter_projects/ianvs-terminal/example/test/shell/session_sidebar_chrome_test.dart: sidebar resizing clamps, preserves width and keeps the terminal alive (variant: TargetPlatform.macOS)
00:03 +137: /Users/robinfai/flutter_projects/ianvs-terminal/example/test/shell/session_sidebar_chrome_test.dart: sidebar resizing clamps, preserves width and keeps the terminal alive (variant: TargetPlatform.macOS)
00:03 +138: /Users/robinfai/flutter_projects/ianvs-terminal/example/test/shell/session_sidebar_chrome_test.dart: sidebar resizing clamps, preserves width and keeps the terminal alive (variant: TargetPlatform.macOS)
00:03 +139: /Users/robinfai/flutter_projects/ianvs-terminal/example/test/shell/session_sidebar_chrome_test.dart: sidebar resizing clamps, preserves width and keeps the terminal alive (variant: TargetPlatform.macOS)
00:03 +140: /Users/robinfai/flutter_projects/ianvs-terminal/example/test/shell/session_sidebar_chrome_test.dart: sidebar resizing clamps, preserves width and keeps the terminal alive (variant: TargetPlatform.macOS)
00:03 +141: /Users/robinfai/flutter_projects/ianvs-terminal/example/test/shell/session_sidebar_chrome_test.dart: sidebar resizing clamps, preserves width and keeps the terminal alive (variant: TargetPlatform.macOS)
00:03 +142: /Users/robinfai/flutter_projects/ianvs-terminal/example/test/shell/session_sidebar_chrome_test.dart: sidebar resizing clamps, preserves width and keeps the terminal alive (variant: TargetPlatform.macOS)
00:03 +143: /Users/robinfai/flutter_projects/ianvs-terminal/example/test/shell/session_sidebar_chrome_test.dart: sidebar resizing clamps, preserves width and keeps the terminal alive (variant: TargetPlatform.macOS)
00:03 +144: /Users/robinfai/flutter_projects/ianvs-terminal/example/test/shell/session_sidebar_chrome_test.dart: sidebar resizing clamps, preserves width and keeps the terminal alive (variant: TargetPlatform.macOS)
00:03 +145: /Users/robinfai/flutter_projects/ianvs-terminal/example/test/shell/session_sidebar_chrome_test.dart: sidebar resizing clamps, preserves width and keeps the terminal alive (variant: TargetPlatform.macOS)
00:03 +146: /Users/robinfai/flutter_projects/ianvs-terminal/example/test/shell/session_sidebar_chrome_test.dart: sidebar resizing clamps, preserves width and keeps the terminal alive (variant: TargetPlatform.macOS)
00:03 +147: /Users/robinfai/flutter_projects/ianvs-terminal/example/test/shell/session_sidebar_chrome_test.dart: sidebar resizing clamps, preserves width and keeps the terminal alive (variant: TargetPlatform.macOS)
00:03 +148: /Users/robinfai/flutter_projects/ianvs-terminal/example/test/shell/session_sidebar_chrome_test.dart: sidebar resizing clamps, preserves width and keeps the terminal alive (variant: TargetPlatform.macOS)
00:03 +149: /Users/robinfai/flutter_projects/ianvs-terminal/example/test/shell/session_sidebar_chrome_test.dart: sidebar resizing clamps, preserves width and keeps the terminal alive (variant: TargetPlatform.macOS)
00:04 +150: /Users/robinfai/flutter_projects/ianvs-terminal/example/test/shell/shell_screen_phase1b_test.dart: tab accessibility actions activate and close the named tab (variant: TargetPlatform.macOS)
00:04 +151: /Users/robinfai/flutter_projects/ianvs-terminal/example/test/ai/terminal_ai_workspace_test.dart: live status announces phase changes without elapsed time or output (phone false)
00:04 +152: /Users/robinfai/flutter_projects/ianvs-terminal/example/test/ai/terminal_ai_workspace_test.dart: live status announces phase changes without elapsed time or output (phone false)
00:04 +153: /Users/robinfai/flutter_projects/ianvs-terminal/example/test/ai/terminal_ai_workspace_test.dart: live status announces phase changes without elapsed time or output (phone false)
00:04 +154: /Users/robinfai/flutter_projects/ianvs-terminal/example/test/ai/terminal_ai_workspace_test.dart: live status announces phase changes without elapsed time or output (phone false)
00:04 +155: /Users/robinfai/flutter_projects/ianvs-terminal/example/test/ai/terminal_ai_workspace_test.dart: live status announces phase changes without elapsed time or output (phone false)
00:04 +156: /Users/robinfai/flutter_projects/ianvs-terminal/example/test/ai/terminal_ai_workspace_test.dart: live status announces phase changes without elapsed time or output (phone false)
00:04 +157: /Users/robinfai/flutter_projects/ianvs-terminal/example/test/ai/terminal_ai_workspace_test.dart: live status announces phase changes without elapsed time or output (phone false)
00:04 +158: /Users/robinfai/flutter_projects/ianvs-terminal/example/test/ai/terminal_ai_workspace_test.dart: live status announces phase changes without elapsed time or output (phone false)
00:04 +159: /Users/robinfai/flutter_projects/ianvs-terminal/example/test/ai/terminal_ai_workspace_test.dart: live status announces phase changes without elapsed time or output (phone false)
00:04 +160: /Users/robinfai/flutter_projects/ianvs-terminal/example/test/ai/terminal_ai_workspace_test.dart: live status announces phase changes without elapsed time or output (phone false)
00:04 +161: /Users/robinfai/flutter_projects/ianvs-terminal/example/test/ai/terminal_ai_workspace_test.dart: live status announces phase changes without elapsed time or output (phone false)
00:04 +162: /Users/robinfai/flutter_projects/ianvs-terminal/example/test/ai/terminal_ai_workspace_test.dart: live status announces phase changes without elapsed time or output (phone false)
00:04 +163: /Users/robinfai/flutter_projects/ianvs-terminal/example/test/ai/terminal_ai_workspace_test.dart: live status announces phase changes without elapsed time or output (phone false)
00:04 +164: /Users/robinfai/flutter_projects/ianvs-terminal/example/test/ai/terminal_ai_workspace_test.dart: live status announces phase changes without elapsed time or output (phone false)
00:04 +165: /Users/robinfai/flutter_projects/ianvs-terminal/example/test/ai/terminal_ai_workspace_test.dart: live status announces phase changes without elapsed time or output (phone false)
00:04 +166: /Users/robinfai/flutter_projects/ianvs-terminal/example/test/ai/terminal_ai_workspace_test.dart: live status announces phase changes without elapsed time or output (phone false)
00:05 +167: /Users/robinfai/flutter_projects/ianvs-terminal/example/test/ai/terminal_ai_workspace_test.dart: live status announces phase changes without elapsed time or output (phone false)
00:05 +168: /Users/robinfai/flutter_projects/ianvs-terminal/example/test/ai/terminal_ai_workspace_test.dart: live status announces phase changes without elapsed time or output (phone false)
00:05 +169: /Users/robinfai/flutter_projects/ianvs-terminal/example/test/shell/shell_screen_phase1b_test.dart: shell chrome background follows the application theme
00:05 +170: /Users/robinfai/flutter_projects/ianvs-terminal/example/test/shell/shell_screen_phase1b_test.dart: shell chrome background follows the application theme
00:05 +171: /Users/robinfai/flutter_projects/ianvs-terminal/example/test/shell/shell_screen_phase1b_test.dart: shell chrome background follows the application theme
00:05 +172: /Users/robinfai/flutter_projects/ianvs-terminal/example/test/shell/shell_screen_phase1b_test.dart: shell chrome background follows the application theme
00:05 +173: /Users/robinfai/flutter_projects/ianvs-terminal/example/test/shell/shell_screen_phase1b_test.dart: shell chrome background follows the application theme
00:05 +174: /Users/robinfai/flutter_projects/ianvs-terminal/example/test/shell/shell_screen_phase1b_test.dart: shell chrome background follows the application theme
00:05 +175: /Users/robinfai/flutter_projects/ianvs-terminal/example/test/shell/shell_screen_phase1b_test.dart: shell chrome background follows the application theme
00:05 +176: /Users/robinfai/flutter_projects/ianvs-terminal/example/test/shell/shell_screen_phase1b_test.dart: shell chrome background follows the application theme
00:05 +177: /Users/robinfai/flutter_projects/ianvs-terminal/example/test/shell/shell_screen_phase1b_test.dart: shell chrome background follows the application theme
00:05 +178: /Users/robinfai/flutter_projects/ianvs-terminal/example/test/shell/shell_screen_phase1b_test.dart: shell chrome background follows the application theme
00:05 +179: /Users/robinfai/flutter_projects/ianvs-terminal/example/test/shell/shell_screen_phase1b_test.dart: shell chrome background follows the application theme
00:05 +180: /Users/robinfai/flutter_projects/ianvs-terminal/example/test/shell/shell_screen_phase1b_test.dart: shell chrome background follows the application theme
00:05 +181: /Users/robinfai/flutter_projects/ianvs-terminal/example/test/ai/terminal_ai_workspace_test.dart: each consecutive proposal needs its own UI approval (phone false)
00:05 +182: /Users/robinfai/flutter_projects/ianvs-terminal/example/test/shell/shell_screen_phase2a_test.dart: shell screen opens and closes the hyper command menu
00:05 +183: /Users/robinfai/flutter_projects/ianvs-terminal/example/test/shell/shell_screen_phase2a_test.dart: shell screen opens and closes the hyper command menu
00:05 +184: /Users/robinfai/flutter_projects/ianvs-terminal/example/test/shell/shell_screen_phase2a_test.dart: shell screen opens and closes the hyper command menu
00:05 +185: /Users/robinfai/flutter_projects/ianvs-terminal/example/test/shell/shell_screen_phase2a_test.dart: shell screen opens and closes the hyper command menu
00:05 +186: /Users/robinfai/flutter_projects/ianvs-terminal/example/test/shell/shell_screen_phase2a_test.dart: shell screen opens and closes the hyper command menu
00:05 +187: /Users/robinfai/flutter_projects/ianvs-terminal/example/test/shell/shell_screen_phase2a_test.dart: shell screen opens and closes the hyper command menu
00:05 +188: /Users/robinfai/flutter_projects/ianvs-terminal/example/test/shell/shell_screen_phase2a_test.dart: shell screen opens and closes the hyper command menu
00:05 +189: /Users/robinfai/flutter_projects/ianvs-terminal/example/test/shell/shell_screen_phase2a_test.dart: shell screen opens and closes the hyper command menu
00:05 +190: /Users/robinfai/flutter_projects/ianvs-terminal/example/test/shell/shell_screen_phase2a_test.dart: shell screen opens and closes the hyper command menu
00:05 +191: /Users/robinfai/flutter_projects/ianvs-terminal/example/test/shell/shell_screen_phase2a_test.dart: shell screen opens and closes the hyper command menu
00:05 +192: /Users/robinfai/flutter_projects/ianvs-terminal/example/test/shell/shell_screen_phase2a_test.dart: shell screen opens and closes the hyper command menu
00:05 +193: /Users/robinfai/flutter_projects/ianvs-terminal/example/test/shell/shell_screen_phase2a_test.dart: shell screen opens and closes the hyper command menu
00:05 +194: /Users/robinfai/flutter_projects/ianvs-terminal/example/test/shell/shell_screen_phase2a_test.dart: shell screen opens and closes the hyper command menu
00:05 +195: /Users/robinfai/flutter_projects/ianvs-terminal/example/test/shell/shell_screen_phase2a_test.dart: shell screen opens and closes the hyper command menu
00:05 +196: /Users/robinfai/flutter_projects/ianvs-terminal/example/test/shell/shell_screen_phase2a_test.dart: shell screen opens and closes the hyper command menu
00:05 +197: /Users/robinfai/flutter_projects/ianvs-terminal/example/test/shell/shell_screen_phase2a_test.dart: shell screen opens and closes the hyper command menu
00:05 +198: /Users/robinfai/flutter_projects/ianvs-terminal/example/test/shell/shell_screen_phase2a_test.dart: shell screen opens and closes the hyper command menu
00:05 +199: /Users/robinfai/flutter_projects/ianvs-terminal/example/test/shell/shell_screen_phase2a_test.dart: shell screen opens and closes the hyper command menu
00:06 +200: /Users/robinfai/flutter_projects/ianvs-terminal/example/test/shell/shell_screen_phase2a_test.dart: shell screen opens and closes the hyper command menu
00:06 +201: /Users/robinfai/flutter_projects/ianvs-terminal/example/test/shell/shell_screen_phase2a_test.dart: shell screen opens and closes the hyper command menu
00:06 +202: /Users/robinfai/flutter_projects/ianvs-terminal/example/test/shell/shell_screen_phase2a_test.dart: shell screen opens and closes the hyper command menu
00:06 +203: /Users/robinfai/flutter_projects/ianvs-terminal/example/test/shell/shell_screen_phase1b_test.dart: shell tabs overflow into a selector at readable widths
00:06 +204: /Users/robinfai/flutter_projects/ianvs-terminal/example/test/shell/shell_screen_phase1b_test.dart: shell tabs overflow into a selector at readable widths
00:06 +205: /Users/robinfai/flutter_projects/ianvs-terminal/example/test/shell/shell_screen_phase1b_test.dart: shell tabs overflow into a selector at readable widths
00:06 +206: /Users/robinfai/flutter_projects/ianvs-terminal/example/test/shell/shell_screen_phase1b_test.dart: shell tabs overflow into a selector at readable widths
00:06 +207: /Users/robinfai/flutter_projects/ianvs-terminal/example/test/shell/shell_screen_phase1b_test.dart: shell tabs overflow into a selector at readable widths
00:06 +208: /Users/robinfai/flutter_projects/ianvs-terminal/example/test/shell/shell_screen_phase1b_test.dart: shell tabs overflow into a selector at readable widths
00:06 +209: /Users/robinfai/flutter_projects/ianvs-terminal/example/test/shell/shell_screen_phase1b_test.dart: shell tabs overflow into a selector at readable widths
00:06 +210: /Users/robinfai/flutter_projects/ianvs-terminal/example/test/shell/shell_screen_phase1b_test.dart: shell tabs overflow into a selector at readable widths
00:06 +211: /Users/robinfai/flutter_projects/ianvs-terminal/example/test/shell/shell_screen_phase1b_test.dart: shell tabs overflow into a selector at readable widths
00:06 +212: /Users/robinfai/flutter_projects/ianvs-terminal/example/test/shell/shell_screen_phase1b_test.dart: shell tabs overflow into a selector at readable widths
00:06 +213: /Users/robinfai/flutter_projects/ianvs-terminal/example/test/shell/shell_screen_phase1b_test.dart: shell tabs overflow into a selector at readable widths
00:06 +214: /Users/robinfai/flutter_projects/ianvs-terminal/example/test/shell/shell_screen_phase1b_test.dart: shell tabs overflow into a selector at readable widths
00:06 +215: /Users/robinfai/flutter_projects/ianvs-terminal/example/test/shell/shell_screen_phase1b_test.dart: shell tabs overflow into a selector at readable widths
00:06 +216: /Users/robinfai/flutter_projects/ianvs-terminal/example/test/shell/shell_screen_phase1b_test.dart: shell tabs overflow into a selector at readable widths
00:06 +217: /Users/robinfai/flutter_projects/ianvs-terminal/example/test/shell/shell_screen_phase1b_test.dart: shell tabs overflow into a selector at readable widths
00:07 +218: /Users/robinfai/flutter_projects/ianvs-terminal/example/test/shell/shell_screen_phase3_test.dart: command menu opens the active session capability view and restores focus on close
00:07 +219: /Users/robinfai/flutter_projects/ianvs-terminal/example/test/shell/shell_screen_phase3_test.dart: command menu opens the active session capability view and restores focus on close
00:07 +220: /Users/robinfai/flutter_projects/ianvs-terminal/example/test/shell/shell_screen_phase3_test.dart: command menu opens the active session capability view and restores focus on close
00:07 +221: /Users/robinfai/flutter_projects/ianvs-terminal/example/test/shell/shell_screen_phase3_test.dart: command menu opens the active session capability view and restores focus on close
00:07 +222: /Users/robinfai/flutter_projects/ianvs-terminal/example/test/shell/shell_screen_phase3_test.dart: command menu opens the active session capability view and restores focus on close
00:07 +223: /Users/robinfai/flutter_projects/ianvs-terminal/example/test/shell/shell_screen_phase3_test.dart: command menu opens the active session capability view and restores focus on close
00:07 +224: /Users/robinfai/flutter_projects/ianvs-terminal/example/test/shell/shell_screen_phase3_test.dart: command menu opens the active session capability view and restores focus on close
00:07 +225: /Users/robinfai/flutter_projects/ianvs-terminal/example/test/shell/shell_screen_phase3_test.dart: command menu opens the active session capability view and restores focus on close
00:07 +226: /Users/robinfai/flutter_projects/ianvs-terminal/example/test/shell/shell_screen_phase3_test.dart: command menu opens the active session capability view and restores focus on close
00:07 +227: /Users/robinfai/flutter_projects/ianvs-terminal/example/test/shell/shell_screen_phase3_test.dart: command menu opens the active session capability view and restores focus on close
00:07 +228: /Users/robinfai/flutter_projects/ianvs-terminal/example/test/shell/shell_screen_phase3_test.dart: command menu opens the active session capability view and restores focus on close
00:07 +229: /Users/robinfai/flutter_projects/ianvs-terminal/example/test/shell/shell_screen_phase3_test.dart: command menu opens the active session capability view and restores focus on close
00:07 +230: /Users/robinfai/flutter_projects/ianvs-terminal/example/test/shell/shell_screen_phase3_test.dart: command menu opens the active session capability view and restores focus on close
00:07 +231: /Users/robinfai/flutter_projects/ianvs-terminal/example/test/shell/shell_screen_phase3_test.dart: command menu opens the active session capability view and restores focus on close
00:07 +232: /Users/robinfai/flutter_projects/ianvs-terminal/example/test/shell/shell_screen_phase3_test.dart: command menu opens the active session capability view and restores focus on close
00:07 +233: /Users/robinfai/flutter_projects/ianvs-terminal/example/test/shell/shell_screen_phase3_test.dart: command menu opens the active session capability view and restores focus on close
00:07 +234: /Users/robinfai/flutter_projects/ianvs-terminal/example/test/shell/shell_screen_phase3_test.dart: command menu opens the active session capability view and restores focus on close
00:07 +235: /Users/robinfai/flutter_projects/ianvs-terminal/example/test/shell/shell_screen_phase3_test.dart: command menu opens the active session capability view and restores focus on close
00:07 +236: /Users/robinfai/flutter_projects/ianvs-terminal/example/test/shell/shell_screen_phase3_test.dart: command menu opens the active session capability view and restores focus on close
00:07 +237: /Users/robinfai/flutter_projects/ianvs-terminal/example/test/shell/shell_screen_phase3_test.dart: command menu opens the active session capability view and restores focus on close
00:07 +238: /Users/robinfai/flutter_projects/ianvs-terminal/example/test/shell/shell_screen_phase3_test.dart: command menu opens the active session capability view and restores focus on close
00:07 +239: /Users/robinfai/flutter_projects/ianvs-terminal/example/test/shell/shell_screen_phase3_test.dart: command menu opens the active session capability view and restores focus on close
00:07 +240: /Users/robinfai/flutter_projects/ianvs-terminal/example/test/shell/shell_screen_phase3_test.dart: command menu opens the active session capability view and restores focus on close
00:07 +241: /Users/robinfai/flutter_projects/ianvs-terminal/example/test/shell/shell_screen_phase3_test.dart: command menu opens the active session capability view and restores focus on close
00:07 +242: /Users/robinfai/flutter_projects/ianvs-terminal/example/test/shell/shell_screen_phase3_test.dart: command menu opens the active session capability view and restores focus on close
00:07 +243: /Users/robinfai/flutter_projects/ianvs-terminal/example/test/shell/shell_screen_phase3_test.dart: command menu opens the active session capability view and restores focus on close
00:07 +244: /Users/robinfai/flutter_projects/ianvs-terminal/example/test/shell/shell_screen_phase3_test.dart: command menu opens the active session capability view and restores focus on close
00:07 +245: /Users/robinfai/flutter_projects/ianvs-terminal/example/test/shell/shell_screen_phase3_test.dart: command menu opens the active session capability view and restores focus on close
00:07 +246: /Users/robinfai/flutter_projects/ianvs-terminal/example/test/shell/shell_screen_phase1b_test.dart: shell tabs keep compact overflow controls inside narrow chrome (variant: TargetPlatform.macOS)
00:07 +247: /Users/robinfai/flutter_projects/ianvs-terminal/example/test/shell/shell_screen_phase1b_test.dart: shell tabs keep compact overflow controls inside narrow chrome (variant: TargetPlatform.macOS)
00:07 +248: /Users/robinfai/flutter_projects/ianvs-terminal/example/test/shell/shell_screen_phase1b_test.dart: shell tabs keep compact overflow controls inside narrow chrome (variant: TargetPlatform.macOS)
00:07 +249: /Users/robinfai/flutter_projects/ianvs-terminal/example/test/shell/shell_screen_phase1b_test.dart: shell tabs keep compact overflow controls inside narrow chrome (variant: TargetPlatform.macOS)
00:07 +250: /Users/robinfai/flutter_projects/ianvs-terminal/example/test/shell/shell_screen_phase1b_test.dart: shell tabs keep compact overflow controls inside narrow chrome (variant: TargetPlatform.macOS)
00:07 +251: /Users/robinfai/flutter_projects/ianvs-terminal/example/test/shell/shell_screen_phase1b_test.dart: shell tabs keep compact overflow controls inside narrow chrome (variant: TargetPlatform.macOS)
00:07 +252: /Users/robinfai/flutter_projects/ianvs-terminal/example/test/shell/shell_screen_phase1b_test.dart: shell tabs keep compact overflow controls inside narrow chrome (variant: TargetPlatform.macOS)
00:07 +253: /Users/robinfai/flutter_projects/ianvs-terminal/example/test/shell/shell_screen_phase1b_test.dart: shell tabs keep compact overflow controls inside narrow chrome (variant: TargetPlatform.macOS)
00:07 +254: /Users/robinfai/flutter_projects/ianvs-terminal/example/test/shell/shell_screen_phase1b_test.dart: shell tabs keep compact overflow controls inside narrow chrome (variant: TargetPlatform.macOS)
00:07 +255: /Users/robinfai/flutter_projects/ianvs-terminal/example/test/shell/shell_screen_phase1b_test.dart: shell tabs keep compact overflow controls inside narrow chrome (variant: TargetPlatform.macOS)
00:07 +256: /Users/robinfai/flutter_projects/ianvs-terminal/example/test/shell/shell_screen_phase1b_test.dart: shell tabs keep compact overflow controls inside narrow chrome (variant: TargetPlatform.macOS)
00:07 +257: /Users/robinfai/flutter_projects/ianvs-terminal/example/test/shell/shell_screen_phase1b_test.dart: shell tabs keep compact overflow controls inside narrow chrome (variant: TargetPlatform.macOS)
00:07 +258: /Users/robinfai/flutter_projects/ianvs-terminal/example/test/shell/shell_screen_phase1b_test.dart: shell tabs keep compact overflow controls inside narrow chrome (variant: TargetPlatform.macOS)
00:08 +259: /Users/robinfai/flutter_projects/ianvs-terminal/example/test/shell/shell_screen_phase1b_test.dart: shell tabs keep compact overflow controls inside narrow chrome (variant: TargetPlatform.macOS)
00:08 +260: /Users/robinfai/flutter_projects/ianvs-terminal/example/test/shell/mobile_terminal_modes_test.dart: SSH failure keeps AI draft and output on macOS
00:08 +261: /Users/robinfai/flutter_projects/ianvs-terminal/example/test/shell/mobile_terminal_modes_test.dart: SSH failure keeps AI draft and output on macOS
00:08 +262: /Users/robinfai/flutter_projects/ianvs-terminal/example/test/shell/mobile_terminal_modes_test.dart: SSH failure keeps AI draft and output on macOS
00:08 +263: /Users/robinfai/flutter_projects/ianvs-terminal/example/test/shell/mobile_terminal_modes_test.dart: SSH failure keeps AI draft and output on macOS
00:08 +264: /Users/robinfai/flutter_projects/ianvs-terminal/example/test/shell/mobile_terminal_modes_test.dart: SSH failure keeps AI draft and output on macOS
00:08 +265: /Users/robinfai/flutter_projects/ianvs-terminal/example/test/shell/mobile_terminal_modes_test.dart: SSH failure keeps AI draft and output on macOS
00:08 +266: /Users/robinfai/flutter_projects/ianvs-terminal/example/test/shell/mobile_terminal_modes_test.dart: SSH failure keeps AI draft and output on macOS
00:08 +267: /Users/robinfai/flutter_projects/ianvs-terminal/example/test/shell/mobile_terminal_modes_test.dart: SSH failure keeps AI draft and output on macOS
00:08 +268: /Users/robinfai/flutter_projects/ianvs-terminal/example/test/shell/mobile_terminal_modes_test.dart: SSH failure keeps AI draft and output on macOS
00:08 +269: /Users/robinfai/flutter_projects/ianvs-terminal/example/test/shell/mobile_terminal_modes_test.dart: SSH failure keeps AI draft and output on macOS
00:08 +270: /Users/robinfai/flutter_projects/ianvs-terminal/example/test/shell/mobile_terminal_modes_test.dart: SSH failure keeps AI draft and output on macOS
00:08 +271: /Users/robinfai/flutter_projects/ianvs-terminal/example/test/shell/mobile_terminal_modes_test.dart: SSH failure keeps AI draft and output on macOS
00:08 +272: /Users/robinfai/flutter_projects/ianvs-terminal/example/test/shell/mobile_terminal_modes_test.dart: SSH failure keeps AI draft and output on macOS
00:08 +273: /Users/robinfai/flutter_projects/ianvs-terminal/example/test/shell/mobile_terminal_modes_test.dart: SSH failure keeps AI draft and output on macOS
00:08 +274: /Users/robinfai/flutter_projects/ianvs-terminal/example/test/shell/mobile_terminal_modes_test.dart: SSH failure keeps AI draft and output on macOS
00:08 +275: /Users/robinfai/flutter_projects/ianvs-terminal/example/test/shell/mobile_terminal_modes_test.dart: SSH failure keeps AI draft and output on macOS
00:08 +276: /Users/robinfai/flutter_projects/ianvs-terminal/example/test/shell/mobile_terminal_modes_test.dart: SSH failure keeps AI draft and output on macOS
00:08 +277: /Users/robinfai/flutter_projects/ianvs-terminal/example/test/shell/mobile_terminal_modes_test.dart: SSH failure keeps AI draft and output on macOS
00:08 +278: /Users/robinfai/flutter_projects/ianvs-terminal/example/test/shell/mobile_terminal_modes_test.dart: SSH failure keeps AI draft and output on macOS
00:08 +279: /Users/robinfai/flutter_projects/ianvs-terminal/example/test/shell/mobile_terminal_modes_test.dart: SSH failure keeps AI draft and output on macOS
00:08 +280: /Users/robinfai/flutter_projects/ianvs-terminal/example/test/shell/mobile_terminal_modes_test.dart: SSH failure keeps AI draft and output on macOS
00:08 +281: /Users/robinfai/flutter_projects/ianvs-terminal/example/test/shell/mobile_terminal_modes_test.dart: SSH failure keeps AI draft and output on macOS
00:08 +282: /Users/robinfai/flutter_projects/ianvs-terminal/example/test/shell/mobile_terminal_modes_test.dart: SSH failure keeps AI draft and output on macOS
00:08 +283: /Users/robinfai/flutter_projects/ianvs-terminal/example/test/shell/mobile_terminal_modes_test.dart: SSH failure keeps AI draft and output on macOS
00:08 +284: /Users/robinfai/flutter_projects/ianvs-terminal/example/test/shell/mobile_terminal_modes_test.dart: SSH failure keeps AI draft and output on macOS
00:08 +285: /Users/robinfai/flutter_projects/ianvs-terminal/example/test/shell/mobile_terminal_modes_test.dart: SSH failure keeps AI draft and output on macOS
00:08 +286: /Users/robinfai/flutter_projects/ianvs-terminal/example/test/shell/mobile_terminal_modes_test.dart: SSH failure keeps AI draft and output on macOS
00:08 +287: /Users/robinfai/flutter_projects/ianvs-terminal/example/test/shell/mobile_terminal_modes_test.dart: SSH failure keeps AI draft and output on macOS
00:08 +288: /Users/robinfai/flutter_projects/ianvs-terminal/example/test/shell/mobile_terminal_modes_test.dart: SSH failure keeps AI draft and output on macOS
00:09 +289: /Users/robinfai/flutter_projects/ianvs-terminal/example/test/shell/mobile_terminal_modes_test.dart: SSH failure keeps AI draft and output on macOS
00:09 +290: /Users/robinfai/flutter_projects/ianvs-terminal/example/test/shell/mobile_terminal_modes_test.dart: SSH failure keeps AI draft and output on macOS

Warning: A call to tap() with finder "Found 1 widget with key [<'ai-terminal-settings'>]: [
  TextButton-[<'ai-terminal-settings'>](dirty, dependencies: [IconTheme, InheritedCupertinoTheme, MediaQuery, _InheritedTheme, _LocalizationsScope-[GlobalKey#8b56b], _ScrollableScope], state: _ButtonStyleState#3f5c7),
]" derived an Offset (Offset(524.0, 349.0)) that would not hit test on the specified widget.
Maybe the widget is actually off-screen, or another widget is obscuring it, or the widget cannot receive pointer events.
The finder corresponds to this RenderBox: RenderSemanticsAnnotations#29123 relayoutBoundary=up8 NEEDS-PAINT
The hit test result at that offset is: HitTestResult(RenderPointerListener#3e7d1@Offset(524.0, 349.0), RenderSemanticsAnnotations#95941@Offset(524.0, 349.0), RenderSemanticsAnnotations#1edc1@Offset(524.0, 349.0), RenderSemanticsAnnotations#a1086@Offset(524.0, 349.0), RenderSemanticsAnnotations#3499e@Offset(524.0, 349.0), RenderTapRegionSurface#76389@Offset(524.0, 349.0), RenderSemanticsAnnotations#4e274@Offset(524.0, 349.0), RenderSemanticsAnnotations#53cfb@Offset(524.0, 349.0), RenderSemanticsAnnotations#13f2e@Offset(524.0, 349.0), RenderRepaintBoundary#295c8@Offset(524.0, 349.0), HitTestEntry<HitTestTarget>#aa471(_ReusableRenderView#fdab2), HitTestEntry<HitTestTarget>#36a38(<ConfigurationCaptureBinding>))
#0      WidgetController._getElementPoint (package:flutter_test/src/controller.dart:2165:25)
#1      WidgetController.getCenter (package:flutter_test/src/controller.dart:1947:12)
#2      WidgetController.tap (package:flutter_test/src/controller.dart:1080:7)
#3      main.<anonymous closure> (file:///Users/robinfai/flutter_projects/ianvs-terminal/example/test/shell/mobile_terminal_modes_test.dart:357:20)
<asynchronous suspension>
#4      testWidgets.<anonymous closure>.<anonymous closure> (package:flutter_test/src/widget_tester.dart:192:15)
<asynchronous suspension>
#5      TestWidgetsFlutterBinding._runTestBody (package:flutter_test/src/binding.dart:1952:5)
<asynchronous suspension>
#6      StackZoneSpecification._registerCallback.<anonymous closure> (package:stack_trace/src/stack_zone_specification.dart:114:42)
<asynchronous suspension>
To silence this warning, pass "warnIfMissed: false" to "tap()".
To make this warning fatal, set WidgetController.hitTestWarningShouldBeFatal to true.

00:09 +291: /Users/robinfai/flutter_projects/ianvs-terminal/example/test/shell/mobile_terminal_modes_test.dart: SSH failure keeps AI draft and output on macOS
00:09 +292: /Users/robinfai/flutter_projects/ianvs-terminal/example/test/shell/mobile_terminal_modes_test.dart: SSH failure keeps AI draft and output on macOS
00:09 +293: /Users/robinfai/flutter_projects/ianvs-terminal/example/test/shell/mobile_terminal_modes_test.dart: SSH failure keeps AI draft and output on macOS
00:09 +294: /Users/robinfai/flutter_projects/ianvs-terminal/example/test/shell/mobile_terminal_modes_test.dart: SSH failure keeps AI draft and output on macOS
00:09 +295: /Users/robinfai/flutter_projects/ianvs-terminal/example/test/shell/mobile_terminal_modes_test.dart: SSH failure keeps AI draft and output on macOS
00:09 +296: /Users/robinfai/flutter_projects/ianvs-terminal/example/test/shell/mobile_terminal_modes_test.dart: SSH failure keeps AI draft and output on macOS
00:09 +297: /Users/robinfai/flutter_projects/ianvs-terminal/example/test/shell/mobile_terminal_modes_test.dart: SSH failure keeps AI draft and output on macOS
00:09 +298: /Users/robinfai/flutter_projects/ianvs-terminal/example/test/shell/mobile_terminal_modes_test.dart: SSH failure keeps AI draft and output on macOS
00:09 +299: /Users/robinfai/flutter_projects/ianvs-terminal/example/test/shell/mobile_terminal_modes_test.dart: SSH failure keeps AI draft and output on macOS
00:09 +300: /Users/robinfai/flutter_projects/ianvs-terminal/example/test/shell/mobile_terminal_modes_test.dart: SSH failure keeps AI draft and output on macOS
00:09 +301: /Users/robinfai/flutter_projects/ianvs-terminal/example/test/shell/mobile_terminal_modes_test.dart: SSH failure keeps AI draft and output on macOS
00:09 +302: /Users/robinfai/flutter_projects/ianvs-terminal/example/test/shell/shell_screen_phase1b_test.dart: overflow menu only dots hidden tabs with new output
00:09 +303: /Users/robinfai/flutter_projects/ianvs-terminal/example/test/shell/shell_screen_phase1b_test.dart: overflow menu only dots hidden tabs with new output
00:09 +304: /Users/robinfai/flutter_projects/ianvs-terminal/example/test/shell/shell_screen_phase1b_test.dart: overflow menu only dots hidden tabs with new output
00:09 +305: /Users/robinfai/flutter_projects/ianvs-terminal/example/test/shell/shell_screen_phase1b_test.dart: overflow menu only dots hidden tabs with new output
00:09 +306: /Users/robinfai/flutter_projects/ianvs-terminal/example/test/shell/shell_screen_phase1b_test.dart: overflow menu only dots hidden tabs with new output
00:09 +307: /Users/robinfai/flutter_projects/ianvs-terminal/example/test/shell/shell_screen_phase1b_test.dart: overflow menu only dots hidden tabs with new output
00:09 +308: /Users/robinfai/flutter_projects/ianvs-terminal/example/test/shell/shell_screen_phase1b_test.dart: overflow menu only dots hidden tabs with new output
00:10 +309: /Users/robinfai/flutter_projects/ianvs-terminal/example/test/shell/shell_screen_phase1b_test.dart: overflow menu only dots hidden tabs with new output
00:10 +310: /Users/robinfai/flutter_projects/ianvs-terminal/example/test/shell/shell_screen_phase1b_test.dart: overflow menu only dots hidden tabs with new output
00:10 +311: /Users/robinfai/flutter_projects/ianvs-terminal/example/test/shell/shell_screen_phase1b_test.dart: overflow menu only dots hidden tabs with new output
00:10 +312: /Users/robinfai/flutter_projects/ianvs-terminal/example/test/shell/shell_screen_phase1b_test.dart: overflow menu only dots hidden tabs with new output
00:10 +313: /Users/robinfai/flutter_projects/ianvs-terminal/example/test/shell/shell_screen_phase1b_test.dart: overflow menu only dots hidden tabs with new output
00:10 +314: /Users/robinfai/flutter_projects/ianvs-terminal/example/test/shell/shell_screen_phase1b_test.dart: overflow menu only dots hidden tabs with new output
00:10 +315: /Users/robinfai/flutter_projects/ianvs-terminal/example/test/shell/shell_screen_phase1b_test.dart: overflow menu only dots hidden tabs with new output
00:10 +316: /Users/robinfai/flutter_projects/ianvs-terminal/example/test/shell/shell_screen_phase1b_test.dart: overflow menu only dots hidden tabs with new output
00:10 +317: /Users/robinfai/flutter_projects/ianvs-terminal/example/test/shell/shell_screen_phase1b_test.dart: overflow menu only dots hidden tabs with new output
00:10 +318: /Users/robinfai/flutter_projects/ianvs-terminal/example/test/shell/shell_screen_phase1b_test.dart: overflow menu only dots hidden tabs with new output
00:10 +319: /Users/robinfai/flutter_projects/ianvs-terminal/example/test/shell/shell_screen_phase4_test.dart: defaults dialog saves OSC 52 ask policy
00:10 +320: /Users/robinfai/flutter_projects/ianvs-terminal/example/test/shell/shell_screen_phase4_test.dart: defaults dialog saves OSC 52 ask policy
00:10 +321: /Users/robinfai/flutter_projects/ianvs-terminal/example/test/shell/shell_screen_phase4_test.dart: defaults dialog saves OSC 52 ask policy
00:10 +322: /Users/robinfai/flutter_projects/ianvs-terminal/example/test/shell/mobile_terminal_modes_test.dart: SSH failure keeps AI draft and output on iOS
00:10 +323: /Users/robinfai/flutter_projects/ianvs-terminal/example/test/shell/mobile_terminal_modes_test.dart: SSH failure keeps AI draft and output on iOS
00:10 +324: /Users/robinfai/flutter_projects/ianvs-terminal/example/test/shell/mobile_terminal_modes_test.dart: SSH failure keeps AI draft and output on iOS

Warning: A call to tap() with finder "Found 1 widget with key [<'ai-terminal-settings'>]: [
  TextButton-[<'ai-terminal-settings'>](dirty, dependencies: [IconTheme, InheritedCupertinoTheme, MediaQuery, _InheritedTheme, _LocalizationsScope-[GlobalKey#9932d], _ScrollableScope], state: _ButtonStyleState#c3eda),
]" derived an Offset (Offset(253.0, 518.0)) that would not hit test on the specified widget.
Maybe the widget is actually off-screen, or another widget is obscuring it, or the widget cannot receive pointer events.
The finder corresponds to this RenderBox: RenderSemanticsAnnotations#8db4d relayoutBoundary=up8 NEEDS-PAINT
The hit test result at that offset is: HitTestResult(RenderPointerListener#4a749@Offset(253.0, 518.0), RenderSemanticsAnnotations#69a91@Offset(253.0, 518.0), RenderSemanticsAnnotations#0032d@Offset(253.0, 518.0), RenderSemanticsAnnotations#6d5ac@Offset(253.0, 518.0), RenderSemanticsAnnotations#46547@Offset(253.0, 518.0), RenderTapRegionSurface#7c56d@Offset(253.0, 518.0), RenderSemanticsAnnotations#f5e94@Offset(253.0, 518.0), RenderSemanticsAnnotations#7729a@Offset(253.0, 518.0), RenderSemanticsAnnotations#82bd4@Offset(253.0, 518.0), RenderRepaintBoundary#45e2a@Offset(253.0, 518.0), HitTestEntry<HitTestTarget>#fb5bb(_ReusableRenderView#fdab2), HitTestEntry<HitTestTarget>#651de(<ConfigurationCaptureBinding>))
#0      WidgetController._getElementPoint (package:flutter_test/src/controller.dart:2165:25)
#1      WidgetController.getCenter (package:flutter_test/src/controller.dart:1947:12)
#2      WidgetController.tap (package:flutter_test/src/controller.dart:1080:7)
#3      main.<anonymous closure> (file:///Users/robinfai/flutter_projects/ianvs-terminal/example/test/shell/mobile_terminal_modes_test.dart:357:20)
<asynchronous suspension>
#4      testWidgets.<anonymous closure>.<anonymous closure> (package:flutter_test/src/widget_tester.dart:192:15)
<asynchronous suspension>
#5      TestWidgetsFlutterBinding._runTestBody (package:flutter_test/src/binding.dart:1952:5)
<asynchronous suspension>
#6      StackZoneSpecification._registerCallback.<anonymous closure> (package:stack_trace/src/stack_zone_specification.dart:114:42)
<asynchronous suspension>
To silence this warning, pass "warnIfMissed: false" to "tap()".
To make this warning fatal, set WidgetController.hitTestWarningShouldBeFatal to true.

00:10 +325: /Users/robinfai/flutter_projects/ianvs-terminal/example/test/shell/mobile_terminal_modes_test.dart: SSH failure keeps AI draft and output on iOS
00:10 +326: /Users/robinfai/flutter_projects/ianvs-terminal/example/test/shell/mobile_terminal_modes_test.dart: SSH failure keeps AI draft and output on iOS
00:10 +327: /Users/robinfai/flutter_projects/ianvs-terminal/example/test/shell/mobile_terminal_modes_test.dart: SSH failure keeps AI draft and output on iOS
00:10 +328: /Users/robinfai/flutter_projects/ianvs-terminal/example/test/shell/mobile_terminal_modes_test.dart: SSH failure keeps AI draft and output on iOS
00:10 +329: /Users/robinfai/flutter_projects/ianvs-terminal/example/test/shell/mobile_terminal_modes_test.dart: SSH failure keeps AI draft and output on iOS
00:11 +330: /Users/robinfai/flutter_projects/ianvs-terminal/example/test/shell/mobile_terminal_modes_test.dart: SSH failure keeps AI draft and output on iOS
00:11 +331: /Users/robinfai/flutter_projects/ianvs-terminal/example/test/shell/mobile_terminal_modes_test.dart: SSH failure keeps AI draft and output on iOS
00:11 +332: /Users/robinfai/flutter_projects/ianvs-terminal/example/test/shell/mobile_terminal_modes_test.dart: SSH failure keeps AI draft and output on iOS
00:11 +333: /Users/robinfai/flutter_projects/ianvs-terminal/example/test/shell/mobile_terminal_modes_test.dart: SSH failure keeps AI draft and output on iOS
00:11 +334: /Users/robinfai/flutter_projects/ianvs-terminal/example/test/shell/mobile_terminal_modes_test.dart: SSH failure keeps AI draft and output on iOS
00:11 +335: /Users/robinfai/flutter_projects/ianvs-terminal/example/test/shell/mobile_terminal_modes_test.dart: SSH failure keeps AI draft and output on iOS
00:11 +336: /Users/robinfai/flutter_projects/ianvs-terminal/example/test/shell/mobile_terminal_modes_test.dart: SSH failure keeps AI draft and output on iOS
00:11 +337: /Users/robinfai/flutter_projects/ianvs-terminal/example/test/shell/shell_profile_save_feedback_test.dart: importing an OpenSSH profile saves without connecting
00:11 +338: /Users/robinfai/flutter_projects/ianvs-terminal/example/test/shell/shell_profile_save_feedback_test.dart: importing an OpenSSH profile saves without connecting
00:11 +339: /Users/robinfai/flutter_projects/ianvs-terminal/example/test/shell/shell_profile_save_feedback_test.dart: importing an OpenSSH profile saves without connecting
00:11 +340: /Users/robinfai/flutter_projects/ianvs-terminal/example/test/shell/shell_profile_save_feedback_test.dart: importing an OpenSSH profile saves without connecting
00:11 +341: /Users/robinfai/flutter_projects/ianvs-terminal/example/test/shell/shell_profile_save_feedback_test.dart: importing an OpenSSH profile saves without connecting
00:11 +342: /Users/robinfai/flutter_projects/ianvs-terminal/example/test/shell/shell_profile_save_feedback_test.dart: importing an OpenSSH profile saves without connecting
00:11 +343: /Users/robinfai/flutter_projects/ianvs-terminal/example/test/shell/shell_profile_save_feedback_test.dart: importing an OpenSSH profile saves without connecting
00:11 +344: /Users/robinfai/flutter_projects/ianvs-terminal/example/test/shell/shell_profile_save_feedback_test.dart: importing an OpenSSH profile saves without connecting
00:11 +345: /Users/robinfai/flutter_projects/ianvs-terminal/example/test/shell/shell_profile_save_feedback_test.dart: importing an OpenSSH profile saves without connecting
00:11 +346: /Users/robinfai/flutter_projects/ianvs-terminal/example/test/shell/shell_profile_save_feedback_test.dart: importing an OpenSSH profile saves without connecting
00:11 +347: /Users/robinfai/flutter_projects/ianvs-terminal/example/test/shell/shell_profile_save_feedback_test.dart: importing an OpenSSH profile saves without connecting
00:12 +348: /Users/robinfai/flutter_projects/ianvs-terminal/example/test/shell/shell_profile_save_feedback_test.dart: importing an OpenSSH profile saves without connecting
00:12 +349: /Users/robinfai/flutter_projects/ianvs-terminal/example/test/shell/shell_profile_save_feedback_test.dart: importing an OpenSSH profile saves without connecting
00:12 +350: /Users/robinfai/flutter_projects/ianvs-terminal/example/test/shell/shell_profile_save_feedback_test.dart: importing an OpenSSH profile saves without connecting
00:12 +351: /Users/robinfai/flutter_projects/ianvs-terminal/example/test/shell/shell_profile_save_feedback_test.dart: importing an OpenSSH profile saves without connecting
00:12 +352: /Users/robinfai/flutter_projects/ianvs-terminal/example/test/shell/shell_profile_save_feedback_test.dart: importing an OpenSSH profile saves without connecting
00:12 +353: /Users/robinfai/flutter_projects/ianvs-terminal/example/test/shell/shell_profile_save_feedback_test.dart: importing an OpenSSH profile saves without connecting
00:12 +354: /Users/robinfai/flutter_projects/ianvs-terminal/example/test/shell/shell_profile_save_feedback_test.dart: importing an OpenSSH profile saves without connecting
00:12 +355: /Users/robinfai/flutter_projects/ianvs-terminal/example/test/shell/shell_profile_save_feedback_test.dart: importing an OpenSSH profile saves without connecting
00:12 +356: /Users/robinfai/flutter_projects/ianvs-terminal/example/test/shell/shell_profile_save_feedback_test.dart: importing an OpenSSH profile saves without connecting
00:12 +357: /Users/robinfai/flutter_projects/ianvs-terminal/example/test/shell/shell_profile_save_feedback_test.dart: importing an OpenSSH profile saves without connecting
00:12 +358: /Users/robinfai/flutter_projects/ianvs-terminal/example/test/shell/shell_profile_save_feedback_test.dart: importing an OpenSSH profile saves without connecting
00:12 +359: /Users/robinfai/flutter_projects/ianvs-terminal/example/test/shell/shell_profile_save_feedback_test.dart: importing an OpenSSH profile saves without connecting
00:12 +360: /Users/robinfai/flutter_projects/ianvs-terminal/example/test/shell/shell_profile_save_feedback_test.dart: importing an OpenSSH profile saves without connecting
00:12 +361: /Users/robinfai/flutter_projects/ianvs-terminal/example/test/shell/shell_profile_save_feedback_test.dart: importing an OpenSSH profile saves without connecting
00:12 +362: /Users/robinfai/flutter_projects/ianvs-terminal/example/test/shell/shell_profile_save_feedback_test.dart: importing an OpenSSH profile saves without connecting
00:12 +363: /Users/robinfai/flutter_projects/ianvs-terminal/example/test/shell/mobile_terminal_modes_test.dart: phone can recheck current support without changing mode or task
00:12 +364: /Users/robinfai/flutter_projects/ianvs-terminal/example/test/shell/mobile_terminal_modes_test.dart: phone can recheck current support without changing mode or task
00:12 +365: /Users/robinfai/flutter_projects/ianvs-terminal/example/test/shell/mobile_terminal_modes_test.dart: phone can recheck current support without changing mode or task
00:12 +366: /Users/robinfai/flutter_projects/ianvs-terminal/example/test/shell/shell_screen_phase3_test.dart: editing a profile in the GUI only affects new sessions
00:12 +367: /Users/robinfai/flutter_projects/ianvs-terminal/example/test/shell/shell_screen_phase3_test.dart: editing a profile in the GUI only affects new sessions
00:12 +368: /Users/robinfai/flutter_projects/ianvs-terminal/example/test/shell/shell_screen_phase3_test.dart: editing a profile in the GUI only affects new sessions
00:12 +369: /Users/robinfai/flutter_projects/ianvs-terminal/example/test/shell/shell_screen_phase3_test.dart: editing a profile in the GUI only affects new sessions
00:12 +370: /Users/robinfai/flutter_projects/ianvs-terminal/example/test/shell/shell_screen_phase3_test.dart: editing a profile in the GUI only affects new sessions
00:12 +371: /Users/robinfai/flutter_projects/ianvs-terminal/example/test/shell/shell_screen_phase3_test.dart: editing a profile in the GUI only affects new sessions
00:12 +372: /Users/robinfai/flutter_projects/ianvs-terminal/example/test/shell/shell_screen_phase3_test.dart: editing a profile in the GUI only affects new sessions
00:12 +373: /Users/robinfai/flutter_projects/ianvs-terminal/example/test/shell/shell_screen_phase3_test.dart: editing a profile in the GUI only affects new sessions
00:13 +374: /Users/robinfai/flutter_projects/ianvs-terminal/example/test/shell/shell_screen_phase3_test.dart: editing a profile in the GUI only affects new sessions
00:13 +375: /Users/robinfai/flutter_projects/ianvs-terminal/example/test/shell/shell_screen_phase3_test.dart: editing a profile in the GUI only affects new sessions
00:13 +376: /Users/robinfai/flutter_projects/ianvs-terminal/example/test/shell/shell_screen_phase3_test.dart: editing a profile in the GUI only affects new sessions
00:13 +377: /Users/robinfai/flutter_projects/ianvs-terminal/example/test/shell/shell_screen_phase3_test.dart: editing a profile in the GUI only affects new sessions
00:13 +378: /Users/robinfai/flutter_projects/ianvs-terminal/example/test/shell/shell_screen_phase3_test.dart: editing a profile in the GUI only affects new sessions
00:13 +379: /Users/robinfai/flutter_projects/ianvs-terminal/example/test/shell/shell_screen_phase3_test.dart: editing a profile in the GUI only affects new sessions
00:13 +380: /Users/robinfai/flutter_projects/ianvs-terminal/example/test/shell/shell_screen_phase3_test.dart: editing a profile in the GUI only affects new sessions
00:13 +381: /Users/robinfai/flutter_projects/ianvs-terminal/example/test/shell/shell_screen_phase3_test.dart: editing a profile in the GUI only affects new sessions
00:13 +382: /Users/robinfai/flutter_projects/ianvs-terminal/example/test/shell/shell_screen_phase3_test.dart: editing a profile in the GUI only affects new sessions
00:13 +383: /Users/robinfai/flutter_projects/ianvs-terminal/example/test/shell/shell_screen_phase3_test.dart: editing a profile in the GUI only affects new sessions
00:13 +384: /Users/robinfai/flutter_projects/ianvs-terminal/example/test/shell/shell_screen_phase3_test.dart: editing a profile in the GUI only affects new sessions
00:13 +385: /Users/robinfai/flutter_projects/ianvs-terminal/example/test/shell/shell_screen_phase3_test.dart: editing a profile in the GUI only affects new sessions
00:13 +386: /Users/robinfai/flutter_projects/ianvs-terminal/example/test/shell/shell_screen_phase3_test.dart: editing a profile in the GUI only affects new sessions
00:13 +387: /Users/robinfai/flutter_projects/ianvs-terminal/example/test/shell/shell_screen_phase3_test.dart: editing a profile in the GUI only affects new sessions
00:13 +388: /Users/robinfai/flutter_projects/ianvs-terminal/example/test/shell/shell_screen_phase3_test.dart: editing a profile in the GUI only affects new sessions
00:13 +389: /Users/robinfai/flutter_projects/ianvs-terminal/example/test/shell/mobile_terminal_modes_test.dart: phone reader touch selection returns to the retained AI task
00:13 +390: /Users/robinfai/flutter_projects/ianvs-terminal/example/test/shell/mobile_terminal_modes_test.dart: phone reader touch selection returns to the retained AI task
00:13 +391: /Users/robinfai/flutter_projects/ianvs-terminal/example/test/shell/mobile_terminal_modes_test.dart: phone reader touch selection returns to the retained AI task
00:13 +392: /Users/robinfai/flutter_projects/ianvs-terminal/example/test/shell/mobile_terminal_modes_test.dart: phone reader touch selection returns to the retained AI task
00:13 +393: /Users/robinfai/flutter_projects/ianvs-terminal/example/test/shell/mobile_terminal_modes_test.dart: phone reader touch selection returns to the retained AI task
00:14 +394: /Users/robinfai/flutter_projects/ianvs-terminal/example/test/shell/mobile_terminal_modes_test.dart: phone reader touch selection returns to the retained AI task
00:14 +395: /Users/robinfai/flutter_projects/ianvs-terminal/example/test/shell/mobile_terminal_modes_test.dart: phone reader touch selection returns to the retained AI task
00:14 +396: /Users/robinfai/flutter_projects/ianvs-terminal/example/test/shell/mobile_terminal_modes_test.dart: phone reader touch selection returns to the retained AI task
00:14 +397: /Users/robinfai/flutter_projects/ianvs-terminal/example/test/shell/mobile_terminal_modes_test.dart: phone reader touch selection returns to the retained AI task
00:14 +398: /Users/robinfai/flutter_projects/ianvs-terminal/example/test/shell/mobile_terminal_modes_test.dart: phone reader touch selection returns to the retained AI task
00:14 +399: /Users/robinfai/flutter_projects/ianvs-terminal/example/test/shell/mobile_terminal_modes_test.dart: phone reader touch selection returns to the retained AI task
00:14 +400: /Users/robinfai/flutter_projects/ianvs-terminal/example/test/shell/mobile_terminal_modes_test.dart: phone reader touch selection returns to the retained AI task
00:14 +401: /Users/robinfai/flutter_projects/ianvs-terminal/example/test/shell/mobile_terminal_modes_test.dart: phone reader touch selection returns to the retained AI task
00:14 +402: /Users/robinfai/flutter_projects/ianvs-terminal/example/test/shell/mobile_terminal_modes_test.dart: phone reader touch selection returns to the retained AI task
00:14 +403: /Users/robinfai/flutter_projects/ianvs-terminal/example/test/shell/mobile_terminal_modes_test.dart: phone reader touch selection returns to the retained AI task
00:14 +404: /Users/robinfai/flutter_projects/ianvs-terminal/example/test/shell/mobile_terminal_modes_test.dart: phone reader touch selection returns to the retained AI task
00:14 +405: /Users/robinfai/flutter_projects/ianvs-terminal/example/test/shell/mobile_terminal_modes_test.dart: phone reader touch selection returns to the retained AI task
00:14 +406: /Users/robinfai/flutter_projects/ianvs-terminal/example/test/shell/mobile_terminal_modes_test.dart: phone reader touch selection returns to the retained AI task
00:14 +407: /Users/robinfai/flutter_projects/ianvs-terminal/example/test/shell/mobile_terminal_modes_test.dart: phone reader touch selection returns to the retained AI task
00:14 +408: /Users/robinfai/flutter_projects/ianvs-terminal/example/test/shell/mobile_terminal_modes_test.dart: phone reader touch selection returns to the retained AI task
00:14 +409: /Users/robinfai/flutter_projects/ianvs-terminal/example/test/shell/mobile_terminal_modes_test.dart: phone reader touch selection returns to the retained AI task
00:14 +410: /Users/robinfai/flutter_projects/ianvs-terminal/example/test/shell/mobile_terminal_modes_test.dart: phone reader touch selection returns to the retained AI task
00:14 +411: /Users/robinfai/flutter_projects/ianvs-terminal/example/test/shell/mobile_terminal_modes_test.dart: phone reader touch selection returns to the retained AI task
00:14 +412: /Users/robinfai/flutter_projects/ianvs-terminal/example/test/shell/mobile_terminal_modes_test.dart: phone reader touch selection returns to the retained AI task
00:14 +413: /Users/robinfai/flutter_projects/ianvs-terminal/example/test/shell/mobile_terminal_modes_test.dart: phone reader touch selection returns to the retained AI task
00:14 +414: /Users/robinfai/flutter_projects/ianvs-terminal/example/test/shell/mobile_terminal_modes_test.dart: phone reader touch selection returns to the retained AI task
00:14 +415: /Users/robinfai/flutter_projects/ianvs-terminal/example/test/shell/mobile_terminal_modes_test.dart: phone reader touch selection returns to the retained AI task
00:14 +416: /Users/robinfai/flutter_projects/ianvs-terminal/example/test/shell/mobile_terminal_modes_test.dart: phone reader touch selection returns to the retained AI task
00:14 +417: /Users/robinfai/flutter_projects/ianvs-terminal/example/test/shell/mobile_terminal_modes_test.dart: phone reader touch selection returns to the retained AI task
00:14 +418: /Users/robinfai/flutter_projects/ianvs-terminal/example/test/shell/mobile_terminal_modes_test.dart: phone reader touch selection returns to the retained AI task
00:14 +419: /Users/robinfai/flutter_projects/ianvs-terminal/example/test/shell/mobile_terminal_modes_test.dart: phone reader touch selection returns to the retained AI task
00:14 +420: /Users/robinfai/flutter_projects/ianvs-terminal/example/test/shell/mobile_terminal_modes_test.dart: phone reader touch selection returns to the retained AI task
00:14 +421: /Users/robinfai/flutter_projects/ianvs-terminal/example/test/shell/mobile_terminal_modes_test.dart: phone reader touch selection returns to the retained AI task
00:14 +422: /Users/robinfai/flutter_projects/ianvs-terminal/example/test/shell/mobile_terminal_modes_test.dart: phone reader touch selection returns to the retained AI task
00:14 +423: /Users/robinfai/flutter_projects/ianvs-terminal/example/test/shell/shell_terminal_at_folder_test.dart: command palette omits the folder-specific new tab action
00:14 +424: /Users/robinfai/flutter_projects/ianvs-terminal/example/test/shell/shell_terminal_at_folder_test.dart: command palette omits the folder-specific new tab action
00:14 +425: /Users/robinfai/flutter_projects/ianvs-terminal/example/test/shell/shell_terminal_at_folder_test.dart: command palette omits the folder-specific new tab action
00:14 +426: /Users/robinfai/flutter_projects/ianvs-terminal/example/test/shell/shell_terminal_at_folder_test.dart: command palette omits the folder-specific new tab action
00:15 +427: /Users/robinfai/flutter_projects/ianvs-terminal/example/test/shell/mobile_terminal_modes_test.dart: phone TUI grid and input ownership portrait
00:15 +428: /Users/robinfai/flutter_projects/ianvs-terminal/example/test/shell/mobile_terminal_modes_test.dart: phone TUI grid and input ownership portrait
00:15 +429: /Users/robinfai/flutter_projects/ianvs-terminal/example/test/shell/mobile_terminal_modes_test.dart: phone TUI grid and input ownership portrait
00:15 +430: /Users/robinfai/flutter_projects/ianvs-terminal/example/test/shell/mobile_terminal_modes_test.dart: phone TUI grid and input ownership portrait
00:15 +431: /Users/robinfai/flutter_projects/ianvs-terminal/example/test/shell/mobile_terminal_modes_test.dart: phone TUI grid and input ownership portrait
00:15 +432: /Users/robinfai/flutter_projects/ianvs-terminal/example/test/shell/mobile_terminal_modes_test.dart: phone TUI grid and input ownership portrait
00:15 +433: /Users/robinfai/flutter_projects/ianvs-terminal/example/test/shell/mobile_terminal_modes_test.dart: phone TUI grid and input ownership portrait
00:15 +434: /Users/robinfai/flutter_projects/ianvs-terminal/example/test/shell/mobile_terminal_modes_test.dart: phone TUI grid and input ownership portrait
00:15 +435: /Users/robinfai/flutter_projects/ianvs-terminal/example/test/shell/mobile_terminal_modes_test.dart: phone TUI grid and input ownership portrait
00:15 +436: /Users/robinfai/flutter_projects/ianvs-terminal/example/test/shell/mobile_terminal_modes_test.dart: phone TUI grid and input ownership portrait
00:15 +437: /Users/robinfai/flutter_projects/ianvs-terminal/example/test/shell/mobile_terminal_modes_test.dart: phone TUI grid and input ownership portrait
00:15 +438: /Users/robinfai/flutter_projects/ianvs-terminal/example/test/shell/mobile_terminal_modes_test.dart: phone TUI grid and input ownership portrait
00:15 +439: /Users/robinfai/flutter_projects/ianvs-terminal/example/test/shell/mobile_terminal_modes_test.dart: phone TUI grid and input ownership portrait
00:15 +440: /Users/robinfai/flutter_projects/ianvs-terminal/example/test/shell/mobile_terminal_modes_test.dart: phone TUI grid and input ownership portrait
00:15 +441: /Users/robinfai/flutter_projects/ianvs-terminal/example/test/shell/mobile_terminal_modes_test.dart: phone TUI grid and input ownership portrait
00:15 +442: /Users/robinfai/flutter_projects/ianvs-terminal/example/test/shell/mobile_terminal_modes_test.dart: phone TUI grid and input ownership portrait
00:15 +443: /Users/robinfai/flutter_projects/ianvs-terminal/example/test/shell/mobile_terminal_modes_test.dart: phone TUI grid and input ownership portrait
00:15 +444: /Users/robinfai/flutter_projects/ianvs-terminal/example/test/shell/shell_screen_phase4_test.dart: ZMODEM does not open a picker for a transfer ended in the same poll
00:15 +445: /Users/robinfai/flutter_projects/ianvs-terminal/example/test/shell/mobile_terminal_modes_test.dart: phone TUI grid and input ownership landscape
00:15 +446: /Users/robinfai/flutter_projects/ianvs-terminal/example/test/shell/mobile_terminal_modes_test.dart: phone TUI grid and input ownership landscape
00:16 +447: /Users/robinfai/flutter_projects/ianvs-terminal/example/test/shell/mobile_terminal_modes_test.dart: phone TUI grid and input ownership landscape
00:16 +448: /Users/robinfai/flutter_projects/ianvs-terminal/example/test/shell/mobile_terminal_modes_test.dart: phone TUI grid and input ownership landscape
00:16 +449: /Users/robinfai/flutter_projects/ianvs-terminal/example/test/shell/mobile_terminal_modes_test.dart: phone TUI grid and input ownership landscape
00:16 +450: /Users/robinfai/flutter_projects/ianvs-terminal/example/test/shell/mobile_terminal_modes_test.dart: phone TUI grid and input ownership landscape
00:16 +451: /Users/robinfai/flutter_projects/ianvs-terminal/example/test/shell/mobile_terminal_modes_test.dart: phone TUI grid and input ownership landscape
00:16 +452: /Users/robinfai/flutter_projects/ianvs-terminal/example/test/shell/mobile_terminal_modes_test.dart: phone TUI grid and input ownership landscape
00:16 +453: /Users/robinfai/flutter_projects/ianvs-terminal/example/test/shell/mobile_terminal_modes_test.dart: phone TUI grid and input ownership landscape
00:16 +454: /Users/robinfai/flutter_projects/ianvs-terminal/example/test/shell/mobile_terminal_modes_test.dart: phone TUI grid and input ownership landscape
00:16 +455: /Users/robinfai/flutter_projects/ianvs-terminal/example/test/shell/mobile_terminal_modes_test.dart: phone TUI grid and input ownership landscape
00:16 +456: /Users/robinfai/flutter_projects/ianvs-terminal/example/test/shell/mobile_terminal_modes_test.dart: phone TUI grid and input ownership landscape
00:16 +457: /Users/robinfai/flutter_projects/ianvs-terminal/example/test/shell/mobile_terminal_modes_test.dart: phone TUI grid and input ownership landscape
00:16 +458: /Users/robinfai/flutter_projects/ianvs-terminal/example/test/shell/mobile_terminal_modes_test.dart: phone TUI grid and input ownership landscape
00:16 +459: /Users/robinfai/flutter_projects/ianvs-terminal/example/test/shell/mobile_terminal_modes_test.dart: phone TUI grid and input ownership landscape
00:16 +460: /Users/robinfai/flutter_projects/ianvs-terminal/example/test/shell/mobile_terminal_modes_test.dart: phone TUI grid and input ownership landscape
00:16 +461: /Users/robinfai/flutter_projects/ianvs-terminal/example/test/shell/mobile_terminal_modes_test.dart: phone TUI grid and input ownership landscape
00:16 +462: /Users/robinfai/flutter_projects/ianvs-terminal/example/test/shell/mobile_terminal_modes_test.dart: phone TUI grid and input ownership landscape
00:16 +463: /Users/robinfai/flutter_projects/ianvs-terminal/example/test/shell/mobile_terminal_modes_test.dart: phone TUI grid and input ownership landscape
00:16 +464: /Users/robinfai/flutter_projects/ianvs-terminal/example/test/shell/mobile_terminal_modes_test.dart: phone TUI grid and input ownership landscape
00:16 +465: /Users/robinfai/flutter_projects/ianvs-terminal/example/test/shell/mobile_terminal_modes_test.dart: phone TUI grid and input ownership landscape
00:16 +466: /Users/robinfai/flutter_projects/ianvs-terminal/example/test/shell/shell_recording_library_test.dart: recording panel opens a saved recording and a picked file
00:16 +467: /Users/robinfai/flutter_projects/ianvs-terminal/example/test/shell/shell_recording_library_test.dart: recording panel opens a saved recording and a picked file
00:16 +468: /Users/robinfai/flutter_projects/ianvs-terminal/example/test/shell/shell_recording_library_test.dart: recording panel opens a saved recording and a picked file
00:16 +469: /Users/robinfai/flutter_projects/ianvs-terminal/example/test/shell/shell_recording_library_test.dart: recording panel opens a saved recording and a picked file
00:16 +470: /Users/robinfai/flutter_projects/ianvs-terminal/example/test/shell/shell_recording_library_test.dart: recording panel opens a saved recording and a picked file
00:16 +471: /Users/robinfai/flutter_projects/ianvs-terminal/example/test/shell/shell_recording_library_test.dart: recording panel opens a saved recording and a picked file
00:16 +472: /Users/robinfai/flutter_projects/ianvs-terminal/example/test/shell/shell_recording_library_test.dart: recording panel opens a saved recording and a picked file
00:16 +473: /Users/robinfai/flutter_projects/ianvs-terminal/example/test/shell/shell_recording_library_test.dart: recording panel opens a saved recording and a picked file
00:16 +474: /Users/robinfai/flutter_projects/ianvs-terminal/example/test/shell/shell_recording_library_test.dart: recording panel opens a saved recording and a picked file
00:16 +475: /Users/robinfai/flutter_projects/ianvs-terminal/example/test/shell/shell_recording_library_test.dart: recording panel opens a saved recording and a picked file
00:16 +476: /Users/robinfai/flutter_projects/ianvs-terminal/example/test/shell/shell_recording_library_test.dart: recording panel opens a saved recording and a picked file
00:16 +477: /Users/robinfai/flutter_projects/ianvs-terminal/example/test/shell/shell_recording_library_test.dart: recording panel opens a saved recording and a picked file
00:16 +478: /Users/robinfai/flutter_projects/ianvs-terminal/example/test/shell/shell_recording_library_test.dart: recording panel opens a saved recording and a picked file
00:16 +479: /Users/robinfai/flutter_projects/ianvs-terminal/example/test/shell/shell_recording_library_test.dart: recording panel opens a saved recording and a picked file
00:16 +480: /Users/robinfai/flutter_projects/ianvs-terminal/example/test/shell/shell_recording_library_test.dart: recording panel opens a saved recording and a picked file
00:16 +481: /Users/robinfai/flutter_projects/ianvs-terminal/example/test/shell/shell_recording_library_test.dart: recording panel opens a saved recording and a picked file
00:17 +482: /Users/robinfai/flutter_projects/ianvs-terminal/example/test/shell/shell_recording_library_test.dart: recording panel opens a saved recording and a picked file
00:17 +483: /Users/robinfai/flutter_projects/ianvs-terminal/example/test/shell/shell_recording_library_test.dart: recording panel opens a saved recording and a picked file
00:17 +484: /Users/robinfai/flutter_projects/ianvs-terminal/example/test/shell/shell_recording_library_test.dart: recording panel opens a saved recording and a picked file
00:17 +485: /Users/robinfai/flutter_projects/ianvs-terminal/example/test/shell/shell_recording_library_test.dart: recording panel opens a saved recording and a picked file
00:17 +486: /Users/robinfai/flutter_projects/ianvs-terminal/example/test/shell/shell_recording_library_test.dart: recording panel opens a saved recording and a picked file
00:17 +487: /Users/robinfai/flutter_projects/ianvs-terminal/example/test/shell/shell_recording_library_test.dart: recording panel opens a saved recording and a picked file
00:17 +488: /Users/robinfai/flutter_projects/ianvs-terminal/example/test/shell/shell_recording_library_test.dart: recording panel opens a saved recording and a picked file
00:17 +489: /Users/robinfai/flutter_projects/ianvs-terminal/example/test/shell/shell_recording_library_test.dart: recording panel opens a saved recording and a picked file
00:17 +490: /Users/robinfai/flutter_projects/ianvs-terminal/example/test/shell/shell_recording_library_test.dart: recording panel opens a saved recording and a picked file
00:17 +491: /Users/robinfai/flutter_projects/ianvs-terminal/example/test/shell/shell_recording_library_test.dart: recording panel opens a saved recording and a picked file
00:17 +492: /Users/robinfai/flutter_projects/ianvs-terminal/example/test/shell/shell_recording_library_test.dart: recording panel opens a saved recording and a picked file
00:17 +493: /Users/robinfai/flutter_projects/ianvs-terminal/example/test/shell/shell_recording_library_test.dart: recording panel opens a saved recording and a picked file
00:17 +494: /Users/robinfai/flutter_projects/ianvs-terminal/example/test/shell/shell_recording_library_test.dart: recording panel opens a saved recording and a picked file
00:17 +495: /Users/robinfai/flutter_projects/ianvs-terminal/example/test/shell/shell_recording_library_test.dart: recording panel opens a saved recording and a picked file
00:17 +496: /Users/robinfai/flutter_projects/ianvs-terminal/example/test/shell/shell_recording_library_test.dart: recording panel opens a saved recording and a picked file
00:17 +497: /Users/robinfai/flutter_projects/ianvs-terminal/example/test/shell/shell_recording_library_test.dart: recording panel opens a saved recording and a picked file
00:17 +498: /Users/robinfai/flutter_projects/ianvs-terminal/example/test/shell/shell_recording_library_test.dart: recording panel opens a saved recording and a picked file
00:17 +499: /Users/robinfai/flutter_projects/ianvs-terminal/example/test/shell/shell_recording_library_test.dart: recording panel opens a saved recording and a picked file
00:17 +500: /Users/robinfai/flutter_projects/ianvs-terminal/example/test/shell/shell_recording_library_test.dart: recording panel opens a saved recording and a picked file
00:17 +501: /Users/robinfai/flutter_projects/ianvs-terminal/example/test/shell/shell_recording_library_test.dart: recording panel opens a saved recording and a picked file
00:17 +502: /Users/robinfai/flutter_projects/ianvs-terminal/example/test/shell/shell_recording_library_test.dart: recording panel opens a saved recording and a picked file
00:17 +503: /Users/robinfai/flutter_projects/ianvs-terminal/example/test/shell/shell_recording_library_test.dart: recording panel opens a saved recording and a picked file
00:17 +504: /Users/robinfai/flutter_projects/ianvs-terminal/example/test/shell/shell_recording_library_test.dart: recording panel opens a saved recording and a picked file
00:17 +505: /Users/robinfai/flutter_projects/ianvs-terminal/example/test/shell/shell_recording_library_test.dart: recording panel opens a saved recording and a picked file
00:17 +506: /Users/robinfai/flutter_projects/ianvs-terminal/example/test/shell/shell_recording_library_test.dart: recording panel opens a saved recording and a picked file
00:17 +507: /Users/robinfai/flutter_projects/ianvs-terminal/example/test/shell/shell_recording_library_test.dart: recording panel opens a saved recording and a picked file
00:18 +508: /Users/robinfai/flutter_projects/ianvs-terminal/example/test/shell/shell_recording_library_test.dart: recording panel opens a saved recording and a picked file
00:18 +509: /Users/robinfai/flutter_projects/ianvs-terminal/example/test/shell/shell_recording_library_test.dart: recording panel opens a saved recording and a picked file
00:18 +510: /Users/robinfai/flutter_projects/ianvs-terminal/example/test/shell/shell_recording_library_test.dart: recording panel opens a saved recording and a picked file
00:18 +511: /Users/robinfai/flutter_projects/ianvs-terminal/example/test/shell/shell_recording_library_test.dart: recording panel opens a saved recording and a picked file
00:18 +512: /Users/robinfai/flutter_projects/ianvs-terminal/example/test/shell/shell_recording_library_test.dart: recording panel opens a saved recording and a picked file
00:18 +513: /Users/robinfai/flutter_projects/ianvs-terminal/example/test/shell/shell_recording_library_test.dart: recording panel opens a saved recording and a picked file
00:18 +514: /Users/robinfai/flutter_projects/ianvs-terminal/example/test/shell/shell_recording_library_test.dart: recording panel opens a saved recording and a picked file
00:18 +515: /Users/robinfai/flutter_projects/ianvs-terminal/example/test/shell/shell_recording_library_test.dart: recording panel opens a saved recording and a picked file
00:18 +516: /Users/robinfai/flutter_projects/ianvs-terminal/example/test/shell/shell_recording_library_test.dart: recording panel opens a saved recording and a picked file
00:18 +517: /Users/robinfai/flutter_projects/ianvs-terminal/example/test/shell/shell_recording_library_test.dart: recording panel opens a saved recording and a picked file
00:18 +518: /Users/robinfai/flutter_projects/ianvs-terminal/example/test/shell/shell_recording_library_test.dart: recording panel opens a saved recording and a picked file
00:18 +519: /Users/robinfai/flutter_projects/ianvs-terminal/example/test/shell/shell_recording_library_test.dart: recording panel opens a saved recording and a picked file
00:18 +520: /Users/robinfai/flutter_projects/ianvs-terminal/example/test/shell/shell_recording_library_test.dart: recording panel opens a saved recording and a picked file
00:18 +521: /Users/robinfai/flutter_projects/ianvs-terminal/example/test/shell/shell_recording_library_test.dart: recording panel opens a saved recording and a picked file
00:18 +522: /Users/robinfai/flutter_projects/ianvs-terminal/example/test/shell/shell_recording_library_test.dart: recording panel opens a saved recording and a picked file
00:18 +523: /Users/robinfai/flutter_projects/ianvs-terminal/example/test/shell/shell_recording_library_test.dart: recording panel opens a saved recording and a picked file
00:18 +524: /Users/robinfai/flutter_projects/ianvs-terminal/example/test/shell/shell_recording_library_test.dart: recording panel opens a saved recording and a picked file
00:18 +525: /Users/robinfai/flutter_projects/ianvs-terminal/example/test/shell/shell_recording_library_test.dart: recording panel opens a saved recording and a picked file
00:18 +526: /Users/robinfai/flutter_projects/ianvs-terminal/example/test/shell/shell_recording_library_test.dart: recording panel opens a saved recording and a picked file
00:18 +527: /Users/robinfai/flutter_projects/ianvs-terminal/example/test/shell/shell_recording_library_test.dart: recording panel opens a saved recording and a picked file
00:18 +528: /Users/robinfai/flutter_projects/ianvs-terminal/example/test/shell/shell_recording_library_test.dart: recording panel opens a saved recording and a picked file
00:19 +529: /Users/robinfai/flutter_projects/ianvs-terminal/example/test/shell/shell_recording_library_test.dart: recording panel opens a saved recording and a picked file
00:19 +530: /Users/robinfai/flutter_projects/ianvs-terminal/example/test/shell/shell_recording_library_test.dart: recording panel opens a saved recording and a picked file
00:19 +531: /Users/robinfai/flutter_projects/ianvs-terminal/example/test/shell/shell_recording_library_test.dart: recording panel opens a saved recording and a picked file
00:19 +532: /Users/robinfai/flutter_projects/ianvs-terminal/example/test/shell/shell_recording_library_test.dart: recording panel opens a saved recording and a picked file
00:19 +533: /Users/robinfai/flutter_projects/ianvs-terminal/example/test/shell/shell_recording_lifecycle_test.dart: command palette starts and stops redacted capture without a title bar action
00:19 +534: /Users/robinfai/flutter_projects/ianvs-terminal/example/test/shell/shell_recording_lifecycle_test.dart: command palette starts and stops redacted capture without a title bar action
00:19 +535: /Users/robinfai/flutter_projects/ianvs-terminal/example/test/shell/shell_recording_lifecycle_test.dart: command palette starts and stops redacted capture without a title bar action
00:19 +536: /Users/robinfai/flutter_projects/ianvs-terminal/example/test/shell/shell_recording_lifecycle_test.dart: command palette starts and stops redacted capture without a title bar action
00:19 +537: /Users/robinfai/flutter_projects/ianvs-terminal/example/test/shell/shell_screen_phase1a_test.dart: gear command palette opens settings and terminal search
00:19 +538: /Users/robinfai/flutter_projects/ianvs-terminal/example/test/shell/shell_screen_phase1a_test.dart: gear command palette opens settings and terminal search
00:19 +539: /Users/robinfai/flutter_projects/ianvs-terminal/example/test/shell/shell_screen_phase1a_test.dart: gear command palette opens settings and terminal search
00:19 +540: /Users/robinfai/flutter_projects/ianvs-terminal/example/test/shell/shell_screen_phase1a_test.dart: gear command palette opens settings and terminal search
00:19 +541: /Users/robinfai/flutter_projects/ianvs-terminal/example/test/shell/shell_screen_phase1a_test.dart: gear command palette opens settings and terminal search
00:19 +542: /Users/robinfai/flutter_projects/ianvs-terminal/example/test/shell/shell_screen_phase1a_test.dart: gear command palette opens settings and terminal search
00:19 +543: /Users/robinfai/flutter_projects/ianvs-terminal/example/test/shell/shell_screen_phase1a_test.dart: gear command palette opens settings and terminal search
00:19 +544: /Users/robinfai/flutter_projects/ianvs-terminal/example/test/shell/shell_screen_phase1a_test.dart: gear command palette opens settings and terminal search
00:19 +545: /Users/robinfai/flutter_projects/ianvs-terminal/example/test/shell/shell_screen_phase1a_test.dart: gear command palette opens settings and terminal search
00:19 +546: /Users/robinfai/flutter_projects/ianvs-terminal/example/test/shell/shell_screen_phase1a_test.dart: gear command palette opens settings and terminal search
00:20 +547: /Users/robinfai/flutter_projects/ianvs-terminal/example/test/shell/terminal_modes_test.dart: reset platform preference affects only new sessions TargetPlatform.macOS
00:20 +548: /Users/robinfai/flutter_projects/ianvs-terminal/example/test/shell/terminal_modes_test.dart: reset platform preference affects only new sessions TargetPlatform.macOS
00:20 +549: /Users/robinfai/flutter_projects/ianvs-terminal/example/test/shell/terminal_modes_test.dart: reset platform preference affects only new sessions TargetPlatform.macOS
00:20 +550: /Users/robinfai/flutter_projects/ianvs-terminal/example/test/shell/terminal_modes_test.dart: reset platform preference affects only new sessions TargetPlatform.macOS
00:20 +551: /Users/robinfai/flutter_projects/ianvs-terminal/example/test/shell/terminal_modes_test.dart: reset platform preference affects only new sessions TargetPlatform.macOS
00:20 +552: /Users/robinfai/flutter_projects/ianvs-terminal/example/test/shell/terminal_modes_test.dart: reset platform preference affects only new sessions TargetPlatform.macOS
00:20 +553: /Users/robinfai/flutter_projects/ianvs-terminal/example/test/shell/terminal_modes_test.dart: reset platform preference affects only new sessions TargetPlatform.macOS
00:20 +554: /Users/robinfai/flutter_projects/ianvs-terminal/example/test/shell/terminal_modes_test.dart: reset platform preference affects only new sessions TargetPlatform.macOS
00:20 +555: /Users/robinfai/flutter_projects/ianvs-terminal/example/test/shell/terminal_modes_test.dart: reset platform preference affects only new sessions TargetPlatform.macOS
00:20 +556: /Users/robinfai/flutter_projects/ianvs-terminal/example/test/shell/terminal_modes_test.dart: reset platform preference affects only new sessions TargetPlatform.macOS
00:20 +557: /Users/robinfai/flutter_projects/ianvs-terminal/example/test/shell/terminal_modes_test.dart: reset platform preference affects only new sessions TargetPlatform.macOS
00:20 +558: /Users/robinfai/flutter_projects/ianvs-terminal/example/test/shell/terminal_modes_test.dart: reset platform preference affects only new sessions TargetPlatform.macOS
00:20 +559: /Users/robinfai/flutter_projects/ianvs-terminal/example/test/shell/terminal_modes_test.dart: reset platform preference affects only new sessions TargetPlatform.macOS
00:20 +560: /Users/robinfai/flutter_projects/ianvs-terminal/example/test/shell/terminal_modes_test.dart: reset platform preference affects only new sessions TargetPlatform.macOS
00:20 +561: /Users/robinfai/flutter_projects/ianvs-terminal/example/test/shell/terminal_modes_test.dart: reset platform preference affects only new sessions TargetPlatform.macOS
00:20 +562: /Users/robinfai/flutter_projects/ianvs-terminal/example/test/shell/terminal_modes_test.dart: reset platform preference affects only new sessions TargetPlatform.macOS
00:20 +563: /Users/robinfai/flutter_projects/ianvs-terminal/example/test/shell/terminal_modes_test.dart: reset platform preference affects only new sessions TargetPlatform.macOS
00:20 +564: /Users/robinfai/flutter_projects/ianvs-terminal/example/test/shell/terminal_modes_test.dart: reset platform preference affects only new sessions TargetPlatform.macOS
00:20 +565: /Users/robinfai/flutter_projects/ianvs-terminal/example/test/shell/terminal_modes_test.dart: reset platform preference affects only new sessions TargetPlatform.macOS
00:21 +566: /Users/robinfai/flutter_projects/ianvs-terminal/example/test/shell/terminal_modes_test.dart: reset platform preference affects only new sessions TargetPlatform.macOS
00:21 +567: /Users/robinfai/flutter_projects/ianvs-terminal/example/test/shell/terminal_modes_test.dart: reset platform preference affects only new sessions TargetPlatform.macOS
00:21 +568: /Users/robinfai/flutter_projects/ianvs-terminal/example/test/shell/terminal_modes_test.dart: reset platform preference affects only new sessions TargetPlatform.macOS
00:21 +569: /Users/robinfai/flutter_projects/ianvs-terminal/example/test/shell/terminal_modes_test.dart: reset platform preference affects only new sessions TargetPlatform.macOS
00:21 +570: /Users/robinfai/flutter_projects/ianvs-terminal/example/test/shell/terminal_modes_test.dart: reset platform preference affects only new sessions TargetPlatform.macOS
00:21 +571: /Users/robinfai/flutter_projects/ianvs-terminal/example/test/shell/terminal_modes_test.dart: reset platform preference affects only new sessions TargetPlatform.macOS
00:21 +572: /Users/robinfai/flutter_projects/ianvs-terminal/example/test/shell/terminal_modes_test.dart: reset platform preference affects only new sessions TargetPlatform.macOS
00:21 +573: /Users/robinfai/flutter_projects/ianvs-terminal/example/test/shell/terminal_modes_test.dart: reset platform preference affects only new sessions TargetPlatform.macOS
00:21 +574: /Users/robinfai/flutter_projects/ianvs-terminal/example/test/shell/terminal_modes_test.dart: reset platform preference affects only new sessions TargetPlatform.macOS
00:21 +575: /Users/robinfai/flutter_projects/ianvs-terminal/example/test/shell/shell_recording_library_test.dart: saved recording survives app rebuild and supports search and copy
00:21 +576: /Users/robinfai/flutter_projects/ianvs-terminal/example/test/shell/shell_recording_library_test.dart: saved recording survives app rebuild and supports search and copy
00:21 +577: /Users/robinfai/flutter_projects/ianvs-terminal/example/test/shell/shell_recording_library_test.dart: saved recording survives app rebuild and supports search and copy
00:21 +578: /Users/robinfai/flutter_projects/ianvs-terminal/example/test/shell/shell_recording_library_test.dart: saved recording survives app rebuild and supports search and copy
00:21 +579: /Users/robinfai/flutter_projects/ianvs-terminal/example/test/shell/shell_recording_library_test.dart: saved recording survives app rebuild and supports search and copy
00:21 +580: /Users/robinfai/flutter_projects/ianvs-terminal/example/test/shell/shell_recording_library_test.dart: saved recording survives app rebuild and supports search and copy
00:21 +581: /Users/robinfai/flutter_projects/ianvs-terminal/example/test/shell/shell_recording_library_test.dart: saved recording survives app rebuild and supports search and copy
00:21 +582: /Users/robinfai/flutter_projects/ianvs-terminal/example/test/shell/shell_recording_library_test.dart: saved recording survives app rebuild and supports search and copy
00:22 +583: /Users/robinfai/flutter_projects/ianvs-terminal/example/test/shell/shell_recording_library_test.dart: saved recording survives app rebuild and supports search and copy
00:22 +584: /Users/robinfai/flutter_projects/ianvs-terminal/example/test/shell/shell_recording_library_test.dart: saved recording survives app rebuild and supports search and copy
00:22 +585: /Users/robinfai/flutter_projects/ianvs-terminal/example/test/shell/shell_recording_library_test.dart: saved recording survives app rebuild and supports search and copy
00:22 +586: /Users/robinfai/flutter_projects/ianvs-terminal/example/test/shell/shell_recording_library_test.dart: saved recording survives app rebuild and supports search and copy
00:22 +587: /Users/robinfai/flutter_projects/ianvs-terminal/example/test/shell/shell_recording_library_test.dart: saved recording survives app rebuild and supports search and copy
00:22 +588: /Users/robinfai/flutter_projects/ianvs-terminal/example/test/shell/shell_recording_library_test.dart: saved recording survives app rebuild and supports search and copy
00:22 +589: /Users/robinfai/flutter_projects/ianvs-terminal/example/test/shell/shell_recording_library_test.dart: saved recording survives app rebuild and supports search and copy
00:22 +590: /Users/robinfai/flutter_projects/ianvs-terminal/example/test/shell/shell_recording_library_test.dart: saved recording survives app rebuild and supports search and copy
00:22 +591: /Users/robinfai/flutter_projects/ianvs-terminal/example/test/shell/shell_recording_library_test.dart: saved recording survives app rebuild and supports search and copy
00:22 +592: /Users/robinfai/flutter_projects/ianvs-terminal/example/test/shell/shell_recording_library_test.dart: saved recording survives app rebuild and supports search and copy
00:22 +593: /Users/robinfai/flutter_projects/ianvs-terminal/example/test/shell/shell_recording_library_test.dart: saved recording survives app rebuild and supports search and copy
00:22 +594: /Users/robinfai/flutter_projects/ianvs-terminal/example/test/shell/shell_recording_library_test.dart: saved recording survives app rebuild and supports search and copy
00:23 +595: /Users/robinfai/flutter_projects/ianvs-terminal/example/test/shell/shell_recording_library_test.dart: saved recording survives app rebuild and supports search and copy
00:23 +596: /Users/robinfai/flutter_projects/ianvs-terminal/example/test/shell/shell_recording_library_test.dart: saved recording survives app rebuild and supports search and copy
00:23 +597: /Users/robinfai/flutter_projects/ianvs-terminal/example/test/shell/shell_recording_library_test.dart: saved recording survives app rebuild and supports search and copy
00:23 +598: /Users/robinfai/flutter_projects/ianvs-terminal/example/test/shell/shell_recording_library_test.dart: saved recording survives app rebuild and supports search and copy
00:23 +599: /Users/robinfai/flutter_projects/ianvs-terminal/example/test/shell/shell_recording_library_test.dart: saved recording survives app rebuild and supports search and copy
00:23 +600: /Users/robinfai/flutter_projects/ianvs-terminal/example/test/shell/shell_recording_library_test.dart: saved recording survives app rebuild and supports search and copy
00:23 +601: /Users/robinfai/flutter_projects/ianvs-terminal/example/test/shell/shell_recording_library_test.dart: saved recording survives app rebuild and supports search and copy
00:23 +602: /Users/robinfai/flutter_projects/ianvs-terminal/example/test/shell/shell_recording_library_test.dart: saved recording survives app rebuild and supports search and copy
00:23 +603: /Users/robinfai/flutter_projects/ianvs-terminal/example/test/shell/shell_recording_library_test.dart: saved recording survives app rebuild and supports search and copy
00:23 +604: /Users/robinfai/flutter_projects/ianvs-terminal/example/test/shell/shell_recording_library_test.dart: saved recording survives app rebuild and supports search and copy
00:23 +605: /Users/robinfai/flutter_projects/ianvs-terminal/example/test/shell/shell_recording_library_test.dart: saved recording survives app rebuild and supports search and copy
00:23 +606: /Users/robinfai/flutter_projects/ianvs-terminal/example/test/shell/shell_recording_library_test.dart: saved recording survives app rebuild and supports search and copy
00:23 +607: /Users/robinfai/flutter_projects/ianvs-terminal/example/test/shell/shell_recording_library_test.dart: saved recording survives app rebuild and supports search and copy
00:23 +608: /Users/robinfai/flutter_projects/ianvs-terminal/example/test/shell/shell_recording_library_test.dart: saved recording survives app rebuild and supports search and copy
00:23 +609: /Users/robinfai/flutter_projects/ianvs-terminal/example/test/shell/shell_recording_library_test.dart: saved recording survives app rebuild and supports search and copy
00:23 +610: /Users/robinfai/flutter_projects/ianvs-terminal/example/test/shell/shell_recording_library_test.dart: saved recording survives app rebuild and supports search and copy
00:23 +611: /Users/robinfai/flutter_projects/ianvs-terminal/example/test/shell/shell_recording_library_test.dart: saved recording survives app rebuild and supports search and copy
00:23 +612: /Users/robinfai/flutter_projects/ianvs-terminal/example/test/shell/terminal_modes_test.dart: desktop tab recheck preserves Normal, draft and the same session
00:23 +613: /Users/robinfai/flutter_projects/ianvs-terminal/example/test/shell/terminal_modes_test.dart: desktop tab recheck preserves Normal, draft and the same session
00:23 +614: /Users/robinfai/flutter_projects/ianvs-terminal/example/test/shell/shell_screen_phase2b_test.dart: command menu hides deferred and tab-context actions
00:23 +615: /Users/robinfai/flutter_projects/ianvs-terminal/example/test/shell/shell_screen_phase2b_test.dart: command menu hides deferred and tab-context actions
00:23 +616: /Users/robinfai/flutter_projects/ianvs-terminal/example/test/shell/defaults_appearance_redesign_test.dart: platform terminal preference stages and saves explicitly
00:23 +617: /Users/robinfai/flutter_projects/ianvs-terminal/example/test/shell/defaults_appearance_redesign_test.dart: platform terminal preference stages and saves explicitly
00:23 +618: /Users/robinfai/flutter_projects/ianvs-terminal/example/test/shell/shell_recording_library_test.dart: closing the panel cancels a pending picked recording
00:23 +619: /Users/robinfai/flutter_projects/ianvs-terminal/example/test/shell/shell_recording_library_test.dart: closing the panel cancels a pending picked recording
00:23 +620: /Users/robinfai/flutter_projects/ianvs-terminal/example/test/shell/shell_recording_library_test.dart: closing the panel cancels a pending picked recording
00:23 +621: /Users/robinfai/flutter_projects/ianvs-terminal/example/test/shell/shell_recording_library_test.dart: closing the panel cancels a pending picked recording
00:23 +622: /Users/robinfai/flutter_projects/ianvs-terminal/example/test/shell/shell_recording_library_test.dart: closing the panel cancels a pending picked recording
00:23 +623: /Users/robinfai/flutter_projects/ianvs-terminal/example/test/shell/shell_recording_library_test.dart: closing the panel cancels a pending picked recording
00:23 +624: /Users/robinfai/flutter_projects/ianvs-terminal/example/test/shell/shell_recording_library_test.dart: closing the panel cancels a pending picked recording
00:23 +625: /Users/robinfai/flutter_projects/ianvs-terminal/example/test/shell/shell_recording_library_test.dart: closing the panel cancels a pending picked recording
00:23 +626: /Users/robinfai/flutter_projects/ianvs-terminal/example/test/shell/shell_recording_library_test.dart: closing the panel cancels a pending picked recording
00:23 +627: /Users/robinfai/flutter_projects/ianvs-terminal/example/test/shell/shell_recording_library_test.dart: closing the panel cancels a pending picked recording
00:23 +628: /Users/robinfai/flutter_projects/ianvs-terminal/example/test/shell/shell_recording_library_test.dart: closing the panel cancels a pending picked recording
00:23 +629: /Users/robinfai/flutter_projects/ianvs-terminal/example/test/shell/shell_recording_library_test.dart: closing the panel cancels a pending picked recording
00:23 +630: /Users/robinfai/flutter_projects/ianvs-terminal/example/test/shell/shell_recording_library_test.dart: closing the panel cancels a pending picked recording
00:23 +631: /Users/robinfai/flutter_projects/ianvs-terminal/example/test/shell/shell_recording_library_test.dart: closing the panel cancels a pending picked recording
00:23 +632: /Users/robinfai/flutter_projects/ianvs-terminal/example/test/shell/shell_recording_library_test.dart: closing the panel cancels a pending picked recording
00:23 +633: /Users/robinfai/flutter_projects/ianvs-terminal/example/test/shell/shell_screen_phase4_test.dart: command-v read-only paste does not read clipboard
00:23 +634: /Users/robinfai/flutter_projects/ianvs-terminal/example/test/shell/terminal_modes_test.dart: tab mode switching follows SSH context and preserves the draft
00:23 +635: /Users/robinfai/flutter_projects/ianvs-terminal/example/test/shell/terminal_modes_test.dart: tab mode switching follows SSH context and preserves the draft
00:23 +636: /Users/robinfai/flutter_projects/ianvs-terminal/example/test/shell/terminal_modes_test.dart: tab mode switching follows SSH context and preserves the draft
00:23 +637: /Users/robinfai/flutter_projects/ianvs-terminal/example/test/shell/terminal_modes_test.dart: tab mode switching follows SSH context and preserves the draft
00:24 +638: /Users/robinfai/flutter_projects/ianvs-terminal/example/test/shell/terminal_modes_test.dart: tab mode switching follows SSH context and preserves the draft
00:24 +639: /Users/robinfai/flutter_projects/ianvs-terminal/example/test/shell/terminal_modes_test.dart: tab mode switching follows SSH context and preserves the draft
00:24 +640: /Users/robinfai/flutter_projects/ianvs-terminal/example/test/shell/terminal_modes_test.dart: tab mode switching follows SSH context and preserves the draft
00:24 +641: /Users/robinfai/flutter_projects/ianvs-terminal/example/test/shell/terminal_modes_test.dart: tab mode switching follows SSH context and preserves the draft
00:24 +642: /Users/robinfai/flutter_projects/ianvs-terminal/example/test/shell/terminal_modes_test.dart: tab mode switching follows SSH context and preserves the draft
00:24 +643: /Users/robinfai/flutter_projects/ianvs-terminal/example/test/shell/shell_recording_library_test.dart: reselecting the same path rebuilds replay with new content
00:24 +644: /Users/robinfai/flutter_projects/ianvs-terminal/example/test/shell/shell_recording_library_test.dart: reselecting the same path rebuilds replay with new content
00:24 +645: /Users/robinfai/flutter_projects/ianvs-terminal/example/test/shell/shell_recording_library_test.dart: reselecting the same path rebuilds replay with new content
00:24 +646: /Users/robinfai/flutter_projects/ianvs-terminal/example/test/shell/shell_recording_library_test.dart: reselecting the same path rebuilds replay with new content
00:24 +647: /Users/robinfai/flutter_projects/ianvs-terminal/example/test/shell/shell_recording_library_test.dart: reselecting the same path rebuilds replay with new content
00:24 +648: /Users/robinfai/flutter_projects/ianvs-terminal/example/test/shell/shell_recording_library_test.dart: reselecting the same path rebuilds replay with new content
00:24 +649: /Users/robinfai/flutter_projects/ianvs-terminal/example/test/shell/terminal_modes_test.dart: new session preference and manual choices survive pane moves
00:24 +650: /Users/robinfai/flutter_projects/ianvs-terminal/example/test/shell/defaults_appearance_redesign_test.dart: all desktop sections reflow at 680 px and 2x text in Brightness.dark
00:24 +651: /Users/robinfai/flutter_projects/ianvs-terminal/example/test/shell/defaults_appearance_redesign_test.dart: all desktop sections reflow at 680 px and 2x text in Brightness.dark
00:24 +652: /Users/robinfai/flutter_projects/ianvs-terminal/example/test/shell/shell_recording_library_test.dart: Escape from the panel restores replay search focus
00:25 +653: /Users/robinfai/flutter_projects/ianvs-terminal/example/test/shell/shell_recording_library_test.dart: Escape from the panel restores replay search focus
00:25 +654: /Users/robinfai/flutter_projects/ianvs-terminal/example/test/shell/shell_recording_library_test.dart: Escape from the panel restores replay search focus
00:25 +655: /Users/robinfai/flutter_projects/ianvs-terminal/example/test/shell/shell_recording_library_test.dart: Escape from the panel restores replay search focus
00:25 +656: /Users/robinfai/flutter_projects/ianvs-terminal/example/test/shell/shell_recording_library_test.dart: Escape from the panel restores replay search focus
00:25 +657: /Users/robinfai/flutter_projects/ianvs-terminal/example/test/shell/shell_recording_library_test.dart: Escape from the panel restores replay search focus
00:25 +658: /Users/robinfai/flutter_projects/ianvs-terminal/example/test/shell/shell_recording_library_test.dart: Escape from the panel restores replay search focus
00:25 +659: /Users/robinfai/flutter_projects/ianvs-terminal/example/test/shell/shell_recording_library_test.dart: Escape from the panel restores replay search focus
00:25 +660: /Users/robinfai/flutter_projects/ianvs-terminal/example/test/shell/defaults_appearance_redesign_test.dart: iPhone settings sections remain reachable at Size(375.0, 667.0) and 3.0x
00:25 +661: /Users/robinfai/flutter_projects/ianvs-terminal/example/test/shell/defaults_appearance_redesign_test.dart: iPhone settings sections remain reachable at Size(375.0, 667.0) and 3.0x
00:25 +662: /Users/robinfai/flutter_projects/ianvs-terminal/example/test/shell/shell_recording_library_test.dart: compact recording replay remains accessible after closing its shelf
00:25 +663: /Users/robinfai/flutter_projects/ianvs-terminal/example/test/shell/shell_recording_library_test.dart: compact recording replay remains accessible after closing its shelf
00:26 +664: /Users/robinfai/flutter_projects/ianvs-terminal/example/test/shell/shell_recording_library_test.dart: compact recording replay remains accessible after closing its shelf
00:26 +665: /Users/robinfai/flutter_projects/ianvs-terminal/example/test/shell/shell_recording_library_test.dart: compact recording replay remains accessible after closing its shelf
00:26 +666: /Users/robinfai/flutter_projects/ianvs-terminal/example/test/shell/shell_recording_library_test.dart: compact recording replay remains accessible after closing its shelf
00:26 +667: /Users/robinfai/flutter_projects/ianvs-terminal/example/test/shell/shell_recording_library_test.dart: compact recording replay remains accessible after closing its shelf
00:26 +668: /Users/robinfai/flutter_projects/ianvs-terminal/example/test/shell/shell_recording_library_test.dart: compact recording replay remains accessible after closing its shelf
00:26 +669: /Users/robinfai/flutter_projects/ianvs-terminal/example/test/shell/shell_recording_library_test.dart: compact recording replay remains accessible after closing its shelf
00:26 +670: /Users/robinfai/flutter_projects/ianvs-terminal/example/test/shell/shell_recording_library_test.dart: compact recording replay remains accessible after closing its shelf
00:26 +671: /Users/robinfai/flutter_projects/ianvs-terminal/example/test/shell/shell_recording_library_test.dart: compact recording replay remains accessible after closing its shelf
00:26 +672: /Users/robinfai/flutter_projects/ianvs-terminal/example/test/shell/shell_recording_library_test.dart: compact recording replay remains accessible after closing its shelf
00:26 +673: /Users/robinfai/flutter_projects/ianvs-terminal/example/test/shell/shell_recording_library_test.dart: compact recording replay remains accessible after closing its shelf
00:26 +674: /Users/robinfai/flutter_projects/ianvs-terminal/example/test/shell/shell_recording_library_test.dart: compact recording replay remains accessible after closing its shelf
00:26 +675: /Users/robinfai/flutter_projects/ianvs-terminal/example/test/shell/shell_recording_library_test.dart: compact recording replay remains accessible after closing its shelf
00:26 +676: /Users/robinfai/flutter_projects/ianvs-terminal/example/test/shell/shell_recording_library_test.dart: compact recording replay remains accessible after closing its shelf
00:26 +677: /Users/robinfai/flutter_projects/ianvs-terminal/example/test/shell/shell_recording_library_test.dart: compact recording replay remains accessible after closing its shelf
00:26 +678: /Users/robinfai/flutter_projects/ianvs-terminal/example/test/shell/shell_recording_library_test.dart: compact recording replay remains accessible after closing its shelf
00:26 +679: /Users/robinfai/flutter_projects/ianvs-terminal/example/test/shell/shell_recording_library_test.dart: compact recording replay remains accessible after closing its shelf
00:26 +680: /Users/robinfai/flutter_projects/ianvs-terminal/example/test/shell/shell_recording_library_test.dart: compact recording replay remains accessible after closing its shelf
00:26 +681: /Users/robinfai/flutter_projects/ianvs-terminal/example/test/shell/shell_recording_library_test.dart: compact recording replay remains accessible after closing its shelf
00:26 +682: /Users/robinfai/flutter_projects/ianvs-terminal/example/test/shell/shell_recording_library_test.dart: compact recording replay remains accessible after closing its shelf
00:26 +683: /Users/robinfai/flutter_projects/ianvs-terminal/example/test/shell/shell_recording_library_test.dart: compact recording replay remains accessible after closing its shelf
00:26 +684: /Users/robinfai/flutter_projects/ianvs-terminal/example/test/shell/shell_recording_library_test.dart: compact recording replay remains accessible after closing its shelf
00:26 +685: /Users/robinfai/flutter_projects/ianvs-terminal/example/test/shell/shell_recording_library_test.dart: compact recording replay remains accessible after closing its shelf
00:26 +686: /Users/robinfai/flutter_projects/ianvs-terminal/example/test/shell/shell_recording_library_test.dart: compact recording replay remains accessible after closing its shelf
00:26 +687: /Users/robinfai/flutter_projects/ianvs-terminal/example/test/shell/shell_recording_library_test.dart: compact recording replay remains accessible after closing its shelf
00:26 +688: /Users/robinfai/flutter_projects/ianvs-terminal/example/test/shell/shell_recording_library_test.dart: compact recording replay remains accessible after closing its shelf
00:26 +689: /Users/robinfai/flutter_projects/ianvs-terminal/example/test/shell/shell_recording_library_test.dart: compact recording replay remains accessible after closing its shelf
00:26 +690: /Users/robinfai/flutter_projects/ianvs-terminal/example/test/shell/shell_recording_library_test.dart: compact recording replay remains accessible after closing its shelf
00:26 +691: /Users/robinfai/flutter_projects/ianvs-terminal/example/test/shell/shell_recording_library_test.dart: compact recording replay remains accessible after closing its shelf
00:26 +692: /Users/robinfai/flutter_projects/ianvs-terminal/example/test/shell/shell_recording_library_test.dart: compact recording replay remains accessible after closing its shelf
00:26 +693: /Users/robinfai/flutter_projects/ianvs-terminal/example/test/shell/shell_recording_library_test.dart: compact recording replay remains accessible after closing its shelf
00:26 +694: /Users/robinfai/flutter_projects/ianvs-terminal/example/test/shell/shell_recording_library_test.dart: compact recording replay remains accessible after closing its shelf
00:26 +695: /Users/robinfai/flutter_projects/ianvs-terminal/example/test/shell/shell_recording_library_test.dart: compact recording replay remains accessible after closing its shelf
00:26 +696: /Users/robinfai/flutter_projects/ianvs-terminal/example/test/shell/shell_recording_library_test.dart: compact recording replay remains accessible after closing its shelf
00:26 +697: /Users/robinfai/flutter_projects/ianvs-terminal/example/test/shell/shell_recording_library_test.dart: compact recording replay remains accessible after closing its shelf
00:26 +698: /Users/robinfai/flutter_projects/ianvs-terminal/example/test/shell/shell_recording_library_test.dart: compact recording replay remains accessible after closing its shelf
00:26 +699: /Users/robinfai/flutter_projects/ianvs-terminal/example/test/shell/shell_recording_library_test.dart: compact recording replay remains accessible after closing its shelf
00:26 +700: /Users/robinfai/flutter_projects/ianvs-terminal/example/test/shell/shell_recording_library_test.dart: compact recording replay remains accessible after closing its shelf
00:26 +701: /Users/robinfai/flutter_projects/ianvs-terminal/example/test/shell/shell_recording_library_test.dart: compact recording replay remains accessible after closing its shelf
00:26 +702: /Users/robinfai/flutter_projects/ianvs-terminal/example/test/shell/shell_recording_library_test.dart: compact recording replay remains accessible after closing its shelf
00:26 +703: /Users/robinfai/flutter_projects/ianvs-terminal/example/test/shell/shell_recording_library_test.dart: compact recording replay remains accessible after closing its shelf
00:26 +704: /Users/robinfai/flutter_projects/ianvs-terminal/example/test/shell/shell_recording_library_test.dart: compact recording replay remains accessible after closing its shelf
00:26 +705: /Users/robinfai/flutter_projects/ianvs-terminal/example/test/shell/shell_recording_library_test.dart: compact recording replay remains accessible after closing its shelf
00:26 +706: /Users/robinfai/flutter_projects/ianvs-terminal/example/test/shell/shell_recording_library_test.dart: compact recording replay remains accessible after closing its shelf
00:26 +707: /Users/robinfai/flutter_projects/ianvs-terminal/example/test/shell/shell_recording_library_test.dart: compact recording replay remains accessible after closing its shelf
00:26 +708: /Users/robinfai/flutter_projects/ianvs-terminal/example/test/shell/shell_recording_library_test.dart: compact recording replay remains accessible after closing its shelf
00:26 +709: /Users/robinfai/flutter_projects/ianvs-terminal/example/test/shell/shell_recording_library_test.dart: compact recording replay remains accessible after closing its shelf
00:26 +710: /Users/robinfai/flutter_projects/ianvs-terminal/example/test/shell/shell_recording_library_test.dart: compact recording replay remains accessible after closing its shelf
00:26 +711: /Users/robinfai/flutter_projects/ianvs-terminal/example/test/shell/shell_recording_library_test.dart: compact recording replay remains accessible after closing its shelf
00:26 +712: /Users/robinfai/flutter_projects/ianvs-terminal/example/test/shell/shell_recording_library_test.dart: compact recording replay remains accessible after closing its shelf
00:26 +713: /Users/robinfai/flutter_projects/ianvs-terminal/example/test/shell/shell_recording_library_test.dart: compact recording replay remains accessible after closing its shelf
00:26 +714: /Users/robinfai/flutter_projects/ianvs-terminal/example/test/shell/shell_recording_library_test.dart: compact recording replay remains accessible after closing its shelf
00:26 +715: /Users/robinfai/flutter_projects/ianvs-terminal/example/test/shell/shell_recording_library_test.dart: compact recording replay remains accessible after closing its shelf
00:26 +716: /Users/robinfai/flutter_projects/ianvs-terminal/example/test/shell/shell_recording_library_test.dart: compact recording replay remains accessible after closing its shelf
00:26 +717: /Users/robinfai/flutter_projects/ianvs-terminal/example/test/shell/shell_recording_library_test.dart: compact recording replay remains accessible after closing its shelf
00:26 +718: /Users/robinfai/flutter_projects/ianvs-terminal/example/test/shell/shell_recording_library_test.dart: compact recording replay remains accessible after closing its shelf
00:26 +719: /Users/robinfai/flutter_projects/ianvs-terminal/example/test/shell/shell_recording_library_test.dart: compact recording replay remains accessible after closing its shelf
00:26 +720: /Users/robinfai/flutter_projects/ianvs-terminal/example/test/shell/shell_recording_library_test.dart: compact recording replay remains accessible after closing its shelf
00:26 +721: /Users/robinfai/flutter_projects/ianvs-terminal/example/test/shell/shell_recording_library_test.dart: compact recording replay remains accessible after closing its shelf
00:26 +722: /Users/robinfai/flutter_projects/ianvs-terminal/example/test/sessions/terminal_event_subscription_architecture_test.dart: all production features have one resolved runtime subscription
00:26 +723: /Users/robinfai/flutter_projects/ianvs-terminal/example/test/sessions/terminal_event_subscription_architecture_test.dart: all production features have one resolved runtime subscription
00:26 +724: /Users/robinfai/flutter_projects/ianvs-terminal/example/test/sessions/terminal_event_subscription_architecture_test.dart: all production features have one resolved runtime subscription
00:26 +725: /Users/robinfai/flutter_projects/ianvs-terminal/example/test/sessions/terminal_event_subscription_architecture_test.dart: all production features have one resolved runtime subscription
00:26 +726: /Users/robinfai/flutter_projects/ianvs-terminal/example/test/sessions/terminal_event_subscription_architecture_test.dart: all production features have one resolved runtime subscription
00:26 +727: /Users/robinfai/flutter_projects/ianvs-terminal/example/test/sessions/terminal_event_subscription_architecture_test.dart: all production features have one resolved runtime subscription
00:26 +728: /Users/robinfai/flutter_projects/ianvs-terminal/example/test/sessions/terminal_event_subscription_architecture_test.dart: all production features have one resolved runtime subscription
00:26 +729: /Users/robinfai/flutter_projects/ianvs-terminal/example/test/sessions/terminal_event_subscription_architecture_test.dart: all production features have one resolved runtime subscription
00:26 +730: /Users/robinfai/flutter_projects/ianvs-terminal/example/test/sessions/terminal_event_subscription_architecture_test.dart: all production features have one resolved runtime subscription
00:26 +731: /Users/robinfai/flutter_projects/ianvs-terminal/example/test/sessions/terminal_event_subscription_architecture_test.dart: all production features have one resolved runtime subscription
00:26 +732: /Users/robinfai/flutter_projects/ianvs-terminal/example/test/sessions/terminal_event_subscription_architecture_test.dart: all production features have one resolved runtime subscription
00:26 +733: /Users/robinfai/flutter_projects/ianvs-terminal/example/test/sessions/terminal_event_subscription_architecture_test.dart: all production features have one resolved runtime subscription
00:26 +734: /Users/robinfai/flutter_projects/ianvs-terminal/example/test/sessions/terminal_event_subscription_architecture_test.dart: all production features have one resolved runtime subscription
00:26 +735: /Users/robinfai/flutter_projects/ianvs-terminal/example/test/sessions/terminal_event_subscription_architecture_test.dart: all production features have one resolved runtime subscription
00:26 +736: /Users/robinfai/flutter_projects/ianvs-terminal/example/test/sessions/terminal_event_subscription_architecture_test.dart: all production features have one resolved runtime subscription
00:26 +737: /Users/robinfai/flutter_projects/ianvs-terminal/example/test/sessions/terminal_event_subscription_architecture_test.dart: all production features have one resolved runtime subscription
00:26 +738: /Users/robinfai/flutter_projects/ianvs-terminal/example/test/sessions/terminal_event_subscription_architecture_test.dart: all production features have one resolved runtime subscription
00:26 +739: /Users/robinfai/flutter_projects/ianvs-terminal/example/test/sessions/terminal_event_subscription_architecture_test.dart: all production features have one resolved runtime subscription
00:26 +740: /Users/robinfai/flutter_projects/ianvs-terminal/example/test/sessions/terminal_event_subscription_architecture_test.dart: all production features have one resolved runtime subscription
00:26 +741: /Users/robinfai/flutter_projects/ianvs-terminal/example/test/sessions/terminal_event_subscription_architecture_test.dart: all production features have one resolved runtime subscription
00:26 +742: /Users/robinfai/flutter_projects/ianvs-terminal/example/test/sessions/terminal_event_subscription_architecture_test.dart: all production features have one resolved runtime subscription
00:26 +743: /Users/robinfai/flutter_projects/ianvs-terminal/example/test/sessions/terminal_event_subscription_architecture_test.dart: all production features have one resolved runtime subscription
00:26 +744: /Users/robinfai/flutter_projects/ianvs-terminal/example/test/sessions/terminal_event_subscription_architecture_test.dart: all production features have one resolved runtime subscription
00:26 +745: /Users/robinfai/flutter_projects/ianvs-terminal/example/test/sessions/terminal_event_subscription_architecture_test.dart: all production features have one resolved runtime subscription
00:26 +746: /Users/robinfai/flutter_projects/ianvs-terminal/example/test/sessions/terminal_event_subscription_architecture_test.dart: all production features have one resolved runtime subscription
00:26 +747: /Users/robinfai/flutter_projects/ianvs-terminal/example/test/sessions/terminal_event_subscription_architecture_test.dart: all production features have one resolved runtime subscription
00:26 +748: /Users/robinfai/flutter_projects/ianvs-terminal/example/test/sessions/terminal_event_subscription_architecture_test.dart: all production features have one resolved runtime subscription
00:26 +749: /Users/robinfai/flutter_projects/ianvs-terminal/example/test/sessions/terminal_event_subscription_architecture_test.dart: all production features have one resolved runtime subscription
00:26 +750: /Users/robinfai/flutter_projects/ianvs-terminal/example/test/sessions/terminal_event_subscription_architecture_test.dart: all production features have one resolved runtime subscription
00:26 +751: /Users/robinfai/flutter_projects/ianvs-terminal/example/test/sessions/terminal_event_subscription_architecture_test.dart: all production features have one resolved runtime subscription
00:26 +752: /Users/robinfai/flutter_projects/ianvs-terminal/example/test/sessions/terminal_event_subscription_architecture_test.dart: all production features have one resolved runtime subscription
00:26 +753: /Users/robinfai/flutter_projects/ianvs-terminal/example/test/sessions/terminal_event_subscription_architecture_test.dart: all production features have one resolved runtime subscription
00:26 +754: /Users/robinfai/flutter_projects/ianvs-terminal/example/test/sessions/terminal_event_subscription_architecture_test.dart: all production features have one resolved runtime subscription
00:26 +755: /Users/robinfai/flutter_projects/ianvs-terminal/example/test/sessions/terminal_event_subscription_architecture_test.dart: all production features have one resolved runtime subscription
00:26 +756: /Users/robinfai/flutter_projects/ianvs-terminal/example/test/sessions/terminal_event_subscription_architecture_test.dart: all production features have one resolved runtime subscription
00:27 +757: /Users/robinfai/flutter_projects/ianvs-terminal/example/test/sessions/terminal_event_subscription_architecture_test.dart: all production features have one resolved runtime subscription
00:27 +758: /Users/robinfai/flutter_projects/ianvs-terminal/example/test/sessions/terminal_event_subscription_architecture_test.dart: all production features have one resolved runtime subscription
00:27 +759: /Users/robinfai/flutter_projects/ianvs-terminal/example/test/sessions/terminal_event_subscription_architecture_test.dart: all production features have one resolved runtime subscription
00:27 +760: /Users/robinfai/flutter_projects/ianvs-terminal/example/test/sessions/terminal_event_subscription_architecture_test.dart: all production features have one resolved runtime subscription
00:27 +761: /Users/robinfai/flutter_projects/ianvs-terminal/example/test/sessions/terminal_event_subscription_architecture_test.dart: all production features have one resolved runtime subscription
00:27 +762: /Users/robinfai/flutter_projects/ianvs-terminal/example/test/sessions/terminal_event_subscription_architecture_test.dart: all production features have one resolved runtime subscription
00:27 +763: /Users/robinfai/flutter_projects/ianvs-terminal/example/test/sessions/terminal_event_subscription_architecture_test.dart: all production features have one resolved runtime subscription
00:27 +764: /Users/robinfai/flutter_projects/ianvs-terminal/example/test/sessions/terminal_event_subscription_architecture_test.dart: all production features have one resolved runtime subscription
00:27 +765: /Users/robinfai/flutter_projects/ianvs-terminal/example/test/sessions/terminal_event_subscription_architecture_test.dart: all production features have one resolved runtime subscription
00:27 +766: /Users/robinfai/flutter_projects/ianvs-terminal/example/test/sessions/terminal_event_subscription_architecture_test.dart: all production features have one resolved runtime subscription
00:27 +767: /Users/robinfai/flutter_projects/ianvs-terminal/example/test/sessions/terminal_event_subscription_architecture_test.dart: all production features have one resolved runtime subscription
00:27 +768: /Users/robinfai/flutter_projects/ianvs-terminal/example/test/sessions/terminal_event_subscription_architecture_test.dart: all production features have one resolved runtime subscription
00:27 +769: /Users/robinfai/flutter_projects/ianvs-terminal/example/test/sessions/terminal_event_subscription_architecture_test.dart: all production features have one resolved runtime subscription
00:27 +770: /Users/robinfai/flutter_projects/ianvs-terminal/example/test/sessions/terminal_event_subscription_architecture_test.dart: all production features have one resolved runtime subscription
00:27 +771: /Users/robinfai/flutter_projects/ianvs-terminal/example/test/sessions/terminal_event_subscription_architecture_test.dart: all production features have one resolved runtime subscription
00:27 +772: /Users/robinfai/flutter_projects/ianvs-terminal/example/test/sessions/terminal_event_subscription_architecture_test.dart: all production features have one resolved runtime subscription
00:27 +773: /Users/robinfai/flutter_projects/ianvs-terminal/example/test/sessions/terminal_event_subscription_architecture_test.dart: all production features have one resolved runtime subscription
00:27 +774: /Users/robinfai/flutter_projects/ianvs-terminal/example/test/sessions/terminal_event_subscription_architecture_test.dart: all production features have one resolved runtime subscription
00:27 +775: /Users/robinfai/flutter_projects/ianvs-terminal/example/test/sessions/terminal_event_subscription_architecture_test.dart: all production features have one resolved runtime subscription
00:27 +776: /Users/robinfai/flutter_projects/ianvs-terminal/example/test/sessions/terminal_event_subscription_architecture_test.dart: all production features have one resolved runtime subscription
00:27 +777: /Users/robinfai/flutter_projects/ianvs-terminal/example/test/sessions/terminal_event_subscription_architecture_test.dart: all production features have one resolved runtime subscription
00:27 +778: /Users/robinfai/flutter_projects/ianvs-terminal/example/test/sessions/terminal_event_subscription_architecture_test.dart: all production features have one resolved runtime subscription
00:27 +779: /Users/robinfai/flutter_projects/ianvs-terminal/example/test/sessions/terminal_event_subscription_architecture_test.dart: all production features have one resolved runtime subscription
00:27 +780: /Users/robinfai/flutter_projects/ianvs-terminal/example/test/sessions/terminal_event_subscription_architecture_test.dart: all production features have one resolved runtime subscription
00:27 +781: /Users/robinfai/flutter_projects/ianvs-terminal/example/test/sessions/terminal_event_subscription_architecture_test.dart: all production features have one resolved runtime subscription
00:27 +782: /Users/robinfai/flutter_projects/ianvs-terminal/example/test/sessions/terminal_event_subscription_architecture_test.dart: all production features have one resolved runtime subscription
00:27 +783: /Users/robinfai/flutter_projects/ianvs-terminal/example/test/sessions/terminal_event_subscription_architecture_test.dart: all production features have one resolved runtime subscription
00:27 +784: /Users/robinfai/flutter_projects/ianvs-terminal/example/test/sessions/terminal_event_subscription_architecture_test.dart: all production features have one resolved runtime subscription
00:27 +785: /Users/robinfai/flutter_projects/ianvs-terminal/example/test/sessions/terminal_event_subscription_architecture_test.dart: all production features have one resolved runtime subscription
00:27 +786: /Users/robinfai/flutter_projects/ianvs-terminal/example/test/sessions/terminal_event_subscription_architecture_test.dart: all production features have one resolved runtime subscription
00:27 +787: /Users/robinfai/flutter_projects/ianvs-terminal/example/test/sessions/terminal_event_subscription_architecture_test.dart: all production features have one resolved runtime subscription
00:27 +788: /Users/robinfai/flutter_projects/ianvs-terminal/example/test/sessions/terminal_event_subscription_architecture_test.dart: all production features have one resolved runtime subscription
00:27 +789: /Users/robinfai/flutter_projects/ianvs-terminal/example/test/sessions/terminal_event_subscription_architecture_test.dart: all production features have one resolved runtime subscription
00:27 +790: /Users/robinfai/flutter_projects/ianvs-terminal/example/test/sessions/terminal_event_subscription_architecture_test.dart: all production features have one resolved runtime subscription
00:27 +791: /Users/robinfai/flutter_projects/ianvs-terminal/example/test/sessions/terminal_event_subscription_architecture_test.dart: all production features have one resolved runtime subscription
00:27 +792: /Users/robinfai/flutter_projects/ianvs-terminal/example/test/sessions/terminal_event_subscription_architecture_test.dart: all production features have one resolved runtime subscription
00:27 +793: /Users/robinfai/flutter_projects/ianvs-terminal/example/test/sessions/terminal_event_subscription_architecture_test.dart: all production features have one resolved runtime subscription
00:27 +794: /Users/robinfai/flutter_projects/ianvs-terminal/example/test/sessions/terminal_event_subscription_architecture_test.dart: all production features have one resolved runtime subscription
00:27 +795: /Users/robinfai/flutter_projects/ianvs-terminal/example/test/sessions/terminal_event_subscription_architecture_test.dart: all production features have one resolved runtime subscription
00:27 +796: /Users/robinfai/flutter_projects/ianvs-terminal/example/test/sessions/terminal_event_subscription_architecture_test.dart: all production features have one resolved runtime subscription
00:27 +797: /Users/robinfai/flutter_projects/ianvs-terminal/example/test/sessions/terminal_event_subscription_architecture_test.dart: all production features have one resolved runtime subscription
00:27 +798: /Users/robinfai/flutter_projects/ianvs-terminal/example/test/sessions/terminal_event_subscription_architecture_test.dart: all production features have one resolved runtime subscription
00:27 +799: /Users/robinfai/flutter_projects/ianvs-terminal/example/test/sessions/terminal_event_subscription_architecture_test.dart: all production features have one resolved runtime subscription
00:27 +800: /Users/robinfai/flutter_projects/ianvs-terminal/example/test/sessions/terminal_event_subscription_architecture_test.dart: all production features have one resolved runtime subscription
00:27 +801: /Users/robinfai/flutter_projects/ianvs-terminal/example/test/sessions/terminal_event_subscription_architecture_test.dart: all production features have one resolved runtime subscription
00:27 +802: /Users/robinfai/flutter_projects/ianvs-terminal/example/test/sessions/terminal_event_subscription_architecture_test.dart: all production features have one resolved runtime subscription
00:27 +803: /Users/robinfai/flutter_projects/ianvs-terminal/example/test/sessions/terminal_event_subscription_architecture_test.dart: all production features have one resolved runtime subscription
00:27 +804: /Users/robinfai/flutter_projects/ianvs-terminal/example/test/sessions/terminal_event_subscription_architecture_test.dart: all production features have one resolved runtime subscription
00:27 +805: /Users/robinfai/flutter_projects/ianvs-terminal/example/test/sessions/terminal_event_subscription_architecture_test.dart: all production features have one resolved runtime subscription
00:27 +806: /Users/robinfai/flutter_projects/ianvs-terminal/example/test/sessions/terminal_event_subscription_architecture_test.dart: all production features have one resolved runtime subscription
00:27 +807: /Users/robinfai/flutter_projects/ianvs-terminal/example/test/sessions/terminal_event_subscription_architecture_test.dart: all production features have one resolved runtime subscription
00:27 +808: /Users/robinfai/flutter_projects/ianvs-terminal/example/test/sessions/terminal_event_subscription_architecture_test.dart: all production features have one resolved runtime subscription
00:27 +809: /Users/robinfai/flutter_projects/ianvs-terminal/example/test/sessions/terminal_event_subscription_architecture_test.dart: all production features have one resolved runtime subscription
00:27 +810: /Users/robinfai/flutter_projects/ianvs-terminal/example/test/sessions/terminal_event_subscription_architecture_test.dart: all production features have one resolved runtime subscription
00:27 +811: /Users/robinfai/flutter_projects/ianvs-terminal/example/test/sessions/terminal_event_subscription_architecture_test.dart: all production features have one resolved runtime subscription
00:27 +812: /Users/robinfai/flutter_projects/ianvs-terminal/example/test/sessions/terminal_event_subscription_architecture_test.dart: all production features have one resolved runtime subscription
00:27 +813: /Users/robinfai/flutter_projects/ianvs-terminal/example/test/sessions/terminal_event_subscription_architecture_test.dart: all production features have one resolved runtime subscription
00:27 +814: /Users/robinfai/flutter_projects/ianvs-terminal/example/test/sessions/terminal_event_subscription_architecture_test.dart: all production features have one resolved runtime subscription
00:28 +815: /Users/robinfai/flutter_projects/ianvs-terminal/example/test/sessions/terminal_event_subscription_architecture_test.dart: all production features have one resolved runtime subscription
00:28 +816: /Users/robinfai/flutter_projects/ianvs-terminal/example/test/sessions/terminal_event_subscription_architecture_test.dart: all production features have one resolved runtime subscription
00:28 +817: /Users/robinfai/flutter_projects/ianvs-terminal/example/test/sessions/terminal_event_subscription_architecture_test.dart: all production features have one resolved runtime subscription
00:28 +818: /Users/robinfai/flutter_projects/ianvs-terminal/example/test/sessions/terminal_event_subscription_architecture_test.dart: all production features have one resolved runtime subscription
00:28 +819: /Users/robinfai/flutter_projects/ianvs-terminal/example/test/sessions/terminal_event_subscription_architecture_test.dart: all production features have one resolved runtime subscription
00:28 +820: /Users/robinfai/flutter_projects/ianvs-terminal/example/test/sessions/terminal_event_subscription_architecture_test.dart: all production features have one resolved runtime subscription
00:28 +821: /Users/robinfai/flutter_projects/ianvs-terminal/example/test/sessions/terminal_event_subscription_architecture_test.dart: all production features have one resolved runtime subscription
00:28 +822: /Users/robinfai/flutter_projects/ianvs-terminal/example/test/sessions/terminal_event_subscription_architecture_test.dart: all production features have one resolved runtime subscription
00:28 +823: /Users/robinfai/flutter_projects/ianvs-terminal/example/test/sessions/terminal_event_subscription_architecture_test.dart: all production features have one resolved runtime subscription
00:28 +824: /Users/robinfai/flutter_projects/ianvs-terminal/example/test/sessions/terminal_event_subscription_architecture_test.dart: all production features have one resolved runtime subscription
00:28 +825: /Users/robinfai/flutter_projects/ianvs-terminal/example/test/sessions/terminal_event_subscription_architecture_test.dart: all production features have one resolved runtime subscription
00:28 +826: /Users/robinfai/flutter_projects/ianvs-terminal/example/test/sessions/terminal_event_subscription_architecture_test.dart: all production features have one resolved runtime subscription
00:28 +827: /Users/robinfai/flutter_projects/ianvs-terminal/example/test/sessions/terminal_event_subscription_architecture_test.dart: all production features have one resolved runtime subscription
00:28 +828: /Users/robinfai/flutter_projects/ianvs-terminal/example/test/sessions/terminal_event_subscription_architecture_test.dart: all production features have one resolved runtime subscription
00:28 +829: /Users/robinfai/flutter_projects/ianvs-terminal/example/test/sessions/terminal_event_subscription_architecture_test.dart: all production features have one resolved runtime subscription
00:28 +830: /Users/robinfai/flutter_projects/ianvs-terminal/example/test/sessions/terminal_event_subscription_architecture_test.dart: all production features have one resolved runtime subscription
00:28 +831: /Users/robinfai/flutter_projects/ianvs-terminal/example/test/sessions/terminal_event_subscription_architecture_test.dart: all production features have one resolved runtime subscription
00:28 +832: /Users/robinfai/flutter_projects/ianvs-terminal/example/test/sessions/terminal_event_subscription_architecture_test.dart: all production features have one resolved runtime subscription
00:28 +833: /Users/robinfai/flutter_projects/ianvs-terminal/example/test/sessions/terminal_event_subscription_architecture_test.dart: all production features have one resolved runtime subscription
00:28 +834: /Users/robinfai/flutter_projects/ianvs-terminal/example/test/sessions/terminal_event_subscription_architecture_test.dart: all production features have one resolved runtime subscription
00:28 +835: /Users/robinfai/flutter_projects/ianvs-terminal/example/test/sessions/terminal_event_subscription_architecture_test.dart: all production features have one resolved runtime subscription
00:28 +836: /Users/robinfai/flutter_projects/ianvs-terminal/example/test/sessions/terminal_event_subscription_architecture_test.dart: all production features have one resolved runtime subscription
00:28 +837: /Users/robinfai/flutter_projects/ianvs-terminal/example/test/sessions/terminal_event_subscription_architecture_test.dart: all production features have one resolved runtime subscription
00:28 +838: /Users/robinfai/flutter_projects/ianvs-terminal/example/test/sessions/terminal_event_subscription_architecture_test.dart: all production features have one resolved runtime subscription
00:28 +839: /Users/robinfai/flutter_projects/ianvs-terminal/example/test/sessions/terminal_event_subscription_architecture_test.dart: all production features have one resolved runtime subscription
00:28 +840: /Users/robinfai/flutter_projects/ianvs-terminal/example/test/sessions/terminal_event_subscription_architecture_test.dart: all production features have one resolved runtime subscription
00:28 +841: /Users/robinfai/flutter_projects/ianvs-terminal/example/test/sessions/terminal_event_subscription_architecture_test.dart: all production features have one resolved runtime subscription
00:28 +842: /Users/robinfai/flutter_projects/ianvs-terminal/example/test/sessions/terminal_event_subscription_architecture_test.dart: all production features have one resolved runtime subscription
00:28 +843: /Users/robinfai/flutter_projects/ianvs-terminal/example/test/sessions/terminal_event_subscription_architecture_test.dart: all production features have one resolved runtime subscription
00:28 +844: /Users/robinfai/flutter_projects/ianvs-terminal/example/test/sessions/terminal_event_subscription_architecture_test.dart: all production features have one resolved runtime subscription
00:29 +845: /Users/robinfai/flutter_projects/ianvs-terminal/example/test/sessions/terminal_event_subscription_architecture_test.dart: all production features have one resolved runtime subscription
00:29 +846: /Users/robinfai/flutter_projects/ianvs-terminal/example/test/sessions/terminal_event_subscription_architecture_test.dart: all production features have one resolved runtime subscription
00:29 +847: /Users/robinfai/flutter_projects/ianvs-terminal/example/test/sessions/terminal_event_subscription_architecture_test.dart: all production features have one resolved runtime subscription
00:29 +848: /Users/robinfai/flutter_projects/ianvs-terminal/example/test/sessions/terminal_event_subscription_architecture_test.dart: all production features have one resolved runtime subscription
00:29 +849: /Users/robinfai/flutter_projects/ianvs-terminal/example/test/sessions/terminal_event_subscription_architecture_test.dart: all production features have one resolved runtime subscription
00:29 +850: /Users/robinfai/flutter_projects/ianvs-terminal/example/test/sessions/terminal_event_subscription_architecture_test.dart: all production features have one resolved runtime subscription
00:29 +851: /Users/robinfai/flutter_projects/ianvs-terminal/example/test/sessions/terminal_event_subscription_architecture_test.dart: all production features have one resolved runtime subscription
00:29 +852: /Users/robinfai/flutter_projects/ianvs-terminal/example/test/sessions/terminal_event_subscription_architecture_test.dart: all production features have one resolved runtime subscription
00:29 +853: /Users/robinfai/flutter_projects/ianvs-terminal/example/test/sessions/terminal_event_subscription_architecture_test.dart: all production features have one resolved runtime subscription
00:29 +854: /Users/robinfai/flutter_projects/ianvs-terminal/example/test/sessions/terminal_event_subscription_architecture_test.dart: all production features have one resolved runtime subscription
00:29 +855: /Users/robinfai/flutter_projects/ianvs-terminal/example/test/sessions/terminal_event_subscription_architecture_test.dart: all production features have one resolved runtime subscription
00:29 +856: /Users/robinfai/flutter_projects/ianvs-terminal/example/test/sessions/terminal_event_subscription_architecture_test.dart: all production features have one resolved runtime subscription
00:29 +857: /Users/robinfai/flutter_projects/ianvs-terminal/example/test/sessions/terminal_event_subscription_architecture_test.dart: all production features have one resolved runtime subscription
00:29 +858: /Users/robinfai/flutter_projects/ianvs-terminal/example/test/sessions/terminal_event_subscription_architecture_test.dart: all production features have one resolved runtime subscription
00:29 +859: /Users/robinfai/flutter_projects/ianvs-terminal/example/test/sessions/terminal_event_subscription_architecture_test.dart: all production features have one resolved runtime subscription
00:29 +860: /Users/robinfai/flutter_projects/ianvs-terminal/example/test/sessions/terminal_event_subscription_architecture_test.dart: all production features have one resolved runtime subscription
00:30 +861: /Users/robinfai/flutter_projects/ianvs-terminal/example/test/sessions/terminal_event_subscription_architecture_test.dart: all production features have one resolved runtime subscription
00:30 +862: /Users/robinfai/flutter_projects/ianvs-terminal/example/test/sessions/terminal_event_subscription_architecture_test.dart: all production features have one resolved runtime subscription
00:30 +863: /Users/robinfai/flutter_projects/ianvs-terminal/example/test/sessions/terminal_event_subscription_architecture_test.dart: all production features have one resolved runtime subscription
00:30 +864: /Users/robinfai/flutter_projects/ianvs-terminal/example/test/sessions/terminal_event_subscription_architecture_test.dart: all production features have one resolved runtime subscription
00:30 +865: /Users/robinfai/flutter_projects/ianvs-terminal/example/test/sessions/terminal_event_subscription_architecture_test.dart: all production features have one resolved runtime subscription
00:30 +866: /Users/robinfai/flutter_projects/ianvs-terminal/example/test/sessions/terminal_event_subscription_architecture_test.dart: all production features have one resolved runtime subscription
00:30 +867: /Users/robinfai/flutter_projects/ianvs-terminal/example/test/sessions/terminal_event_subscription_architecture_test.dart: all production features have one resolved runtime subscription
00:31 +868: /Users/robinfai/flutter_projects/ianvs-terminal/example/test/sessions/terminal_event_subscription_architecture_test.dart: all production features have one resolved runtime subscription
00:31 +869: /Users/robinfai/flutter_projects/ianvs-terminal/example/test/sessions/terminal_event_subscription_architecture_test.dart: all production features have one resolved runtime subscription
00:31 +870: /Users/robinfai/flutter_projects/ianvs-terminal/example/test/sessions/terminal_event_subscription_architecture_test.dart: all production features have one resolved runtime subscription
00:31 +871: /Users/robinfai/flutter_projects/ianvs-terminal/example/test/sessions/terminal_event_subscription_architecture_test.dart: all production features have one resolved runtime subscription
00:34 +872: /Users/robinfai/flutter_projects/ianvs-terminal/example/test/sessions/terminal_event_subscription_architecture_test.dart: all production features have one resolved runtime subscription
00:37 +873: /Users/robinfai/flutter_projects/ianvs-terminal/example/test/sessions/session_recording_lifecycle_test.dart: rejected manual prepare keeps collecting semantics for retry
00:37 +874: /Users/robinfai/flutter_projects/ianvs-terminal/example/test/sessions/terminal_event_subscription_architecture_test.dart: resolved gate catches alias, tear-off, helper and directory escape
00:40 +875: /Users/robinfai/flutter_projects/ianvs-terminal/example/test/sessions/terminal_event_subscription_architecture_test.dart: resolved gate catches alias, tear-off, helper and directory escape
00:42 +876: /Users/robinfai/flutter_projects/ianvs-terminal/example/test/sessions/session_recording_lifecycle_test.dart: failed save keeps the PTY alive and retries without a second stop
00:44 +877: /Users/robinfai/flutter_projects/ianvs-terminal/example/test/sessions/session_recording_lifecycle_test.dart: closeTab resumes recording when ZMODEM starts during recording save
00:47 +878: /Users/robinfai/flutter_projects/ianvs-terminal/example/test/sessions/session_recording_lifecycle_test.dart: closeTab resumes a saved sibling when the second recording save fails
00:50 +879: /Users/robinfai/flutter_projects/ianvs-terminal/example/test/sessions/session_recording_lifecycle_test.dart: opening a terminal at a folder keeps existing recording and PTY alive
00:50 +880: /Users/robinfai/flutter_projects/ianvs-terminal/example/test/sessions/session_recording_lifecycle_test.dart: observed process exit finalizes the active recording
00:53 +881: /Users/robinfai/flutter_projects/ianvs-terminal/example/test/sessions/session_recording_lifecycle_test.dart: pre-close resolves missing prepare from running status before PTY close
00:53 +882: /Users/robinfai/flutter_projects/ianvs-terminal/example/test/sessions/session_recording_lifecycle_test.dart: pre-close resolves malformed prepare from ready status before PTY close
00:53 +883: /Users/robinfai/flutter_projects/ianvs-terminal/example/test/sessions/session_recording_lifecycle_test.dart: pre-close resolves correlation prepare from failed status before PTY close
00:54 +884: /Users/robinfai/flutter_projects/ianvs-terminal/example/test/sessions/session_recording_lifecycle_test.dart: pre-close retries one rejected prepare before exit closes the PTY
00:57 +885: /Users/robinfai/flutter_projects/ianvs-terminal/example/test/sessions/session_recording_lifecycle_test.dart: persistent prepare rejection keeps PTY and recoverable recording active
00:57 +886: /Users/robinfai/flutter_projects/ianvs-terminal/example/test/sessions/session_recording_lifecycle_test.dart: shutdown coordinator finalizes active recording before disposal
01:00 +887: /Users/robinfai/flutter_projects/ianvs-terminal/example/test/sessions/session_recording_lifecycle_test.dart: shutdown keeps uncertain prepare claimed through late running then ready settlement
01:00 +888: /Users/robinfai/flutter_projects/ianvs-terminal/example/test/sessions/session_recording_lifecycle_test.dart: shutdown keeps uncertain prepare claimed through late running then failed settlement
01:00 +889: /Users/robinfai/flutter_projects/ianvs-terminal/example/test/sessions/session_recording_lifecycle_test.dart: explicit prepare rejection plus reject cancel poisons shutdown before PTY close
01:00 +890: /Users/robinfai/flutter_projects/ianvs-terminal/example/test/sessions/session_recording_lifecycle_test.dart: explicit prepare rejection plus terminationUnknown cancel poisons shutdown before PTY close
01:01 +891: /Users/robinfai/flutter_projects/ianvs-terminal/example/test/sessions/session_recording_lifecycle_test.dart: session shutdown orders recording, layout flush, then runtime close
01:04 +892: /Users/robinfai/flutter_projects/ianvs-terminal/example/test/sessions/session_recording_lifecycle_test.dart: shutdown crossing recording finalization leaves PTY close to infra
01:07 +893: /Users/robinfai/flutter_projects/ianvs-terminal/example/test/sessions/session_recording_lifecycle_test.dart: closeTab crossing recording finalization does not resume or rewrite UI
01:10 +894: /Users/robinfai/flutter_projects/ianvs-terminal/example/test/sessions/session_recording_lifecycle_test.dart: stop failure crossing shutdown preserves UI error and single release
01:10 +895: /Users/robinfai/flutter_projects/ianvs-terminal/example/test/sessions/session_recording_lifecycle_test.dart: direct stop after shutdown does not publish busy or clear the UI error
01:13 +896: /Users/robinfai/flutter_projects/ianvs-terminal/example/test/sessions/session_recording_lifecycle_test.dart: runtime-exit save failure crossing shutdown preserves UI and releases once
01:13 +897: /Users/robinfai/flutter_projects/ianvs-terminal/example/test/sessions/session_recording_lifecycle_test.dart: shutdown finalization never encodes in the disposal stack
01:17 +898: All tests passed!
