2026-04-27T12:00:00.000Z level=INFO service=gateway request_id=req-000000 user_id=1000 latency_ms=4 payload_bytes=256 path=/api/v1/logs/0 message="cat log benchmark line 0" trace=tr-00000000
2026-04-27T12:00:01.001Z level=DEBUG service=timeline request_id=req-000001 user_id=1001 latency_ms=5 payload_bytes=257 path=/api/v1/logs/1 message="cat log benchmark line 1" trace=tr-00000017
2026-04-27T12:00:02.002Z level=WARN service=session request_id=req-000002 user_id=1002 latency_ms=6 payload_bytes=258 path=/api/v1/logs/2 message="cat log benchmark line 2" trace=tr-00000034
2026-04-27T12:00:03.003Z level=ERROR service=renderer request_id=req-000003 user_id=1003 latency_ms=7 payload_bytes=259 path=/api/v1/logs/3 message="cat log benchmark line 3" trace=tr-00000051
2026-04-27T12:00:04.004Z level=TRACE service=gateway request_id=req-000004 user_id=1004 latency_ms=8 payload_bytes=260 path=/api/v1/logs/4 message="cat log benchmark line 4" trace=tr-00000068
2026-04-27T12:00:05.005Z level=INFO service=timeline request_id=req-000005 user_id=1005 latency_ms=9 payload_bytes=261 path=/api/v1/logs/5 message="cat log benchmark line 5" trace=tr-00000085
2026-04-27T12:00:06.006Z level=DEBUG service=session request_id=req-000006 user_id=1006 latency_ms=10 payload_bytes=262 path=/api/v1/logs/6 message="cat log benchmark line 6" trace=tr-00000102
2026-04-27T12:00:07.007Z level=WARN service=renderer request_id=req-000007 user_id=1007 latency_ms=11 payload_bytes=263 path=/api/v1/logs/7 message="cat log benchmark line 7" trace=tr-00000119
2026-04-27T12:00:08.008Z level=ERROR service=gateway request_id=req-000008 user_id=1008 latency_ms=12 payload_bytes=264 path=/api/v1/logs/8 message="cat log benchmark line 8" trace=tr-00000136
2026-04-27T12:00:09.009Z level=TRACE service=timeline request_id=req-000009 user_id=1009 latency_ms=13 payload_bytes=265 path=/api/v1/logs/9 message="cat log benchmark line 9" trace=tr-00000153
2026-04-27T12:00:10.010Z level=INFO service=session request_id=req-000010 user_id=1010 latency_ms=14 payload_bytes=266 path=/api/v1/logs/10 message="cat log benchmark line 10" trace=tr-00000170
2026-04-27T12:00:11.011Z level=DEBUG service=renderer request_id=req-000011 user_id=1011 latency_ms=15 payload_bytes=267 path=/api/v1/logs/11 message="cat log benchmark line 11" trace=tr-00000187
2026-04-27T12:00:12.012Z level=WARN service=gateway request_id=req-000012 user_id=1012 latency_ms=16 payload_bytes=268 path=/api/v1/logs/12 message="cat log benchmark line 12" trace=tr-00000204
2026-04-27T12:00:13.013Z level=ERROR service=timeline request_id=req-000013 user_id=1013 latency_ms=17 payload_bytes=269 path=/api/v1/logs/0 message="cat log benchmark line 13" trace=tr-00000221
2026-04-27T12:00:14.014Z level=TRACE service=session request_id=req-000014 user_id=1014 latency_ms=18 payload_bytes=270 path=/api/v1/logs/1 message="cat log benchmark line 14" trace=tr-00000238
2026-04-27T12:00:15.015Z level=INFO service=renderer request_id=req-000015 user_id=1015 latency_ms=19 payload_bytes=271 path=/api/v1/logs/2 message="cat log benchmark line 15" trace=tr-00000255
2026-04-27T12:00:16.016Z level=DEBUG service=gateway request_id=req-000016 user_id=1016 latency_ms=20 payload_bytes=272 path=/api/v1/logs/3 message="cat log benchmark line 16" trace=tr-00000272
2026-04-27T12:00:17.017Z level=WARN service=timeline request_id=req-000017 user_id=1017 latency_ms=21 payload_bytes=273 path=/api/v1/logs/4 message="cat log benchmark line 17" trace=tr-00000289
2026-04-27T12:00:18.018Z level=ERROR service=session request_id=req-000018 user_id=1018 latency_ms=22 payload_bytes=274 path=/api/v1/logs/5 message="cat log benchmark line 18" trace=tr-00000306
2026-04-27T12:00:19.019Z level=TRACE service=renderer request_id=req-000019 user_id=1019 latency_ms=23 payload_bytes=275 path=/api/v1/logs/6 message="cat log benchmark line 19" trace=tr-00000323
2026-04-27T12:00:20.020Z level=INFO service=gateway request_id=req-000020 user_id=1020 latency_ms=24 payload_bytes=276 path=/api/v1/logs/7 message="cat log benchmark line 20" trace=tr-00000340
2026-04-27T12:00:21.021Z level=DEBUG service=timeline request_id=req-000021 user_id=1021 latency_ms=25 payload_bytes=277 path=/api/v1/logs/8 message="cat log benchmark line 21" trace=tr-00000357
2026-04-27T12:00:22.022Z level=WARN service=session request_id=req-000022 user_id=1022 latency_ms=26 payload_bytes=278 path=/api/v1/logs/9 message="cat log benchmark line 22" trace=tr-00000374
2026-04-27T12:00:23.023Z level=ERROR service=renderer request_id=req-000023 user_id=1023 latency_ms=27 payload_bytes=279 path=/api/v1/logs/10 message="cat log benchmark line 23" trace=tr-00000391
2026-04-27T12:00:24.024Z level=TRACE service=gateway request_id=req-000024 user_id=1024 latency_ms=28 payload_bytes=280 path=/api/v1/logs/11 message="cat log benchmark line 24" trace=tr-00000408
2026-04-27T12:00:25.025Z level=INFO service=timeline request_id=req-000025 user_id=1025 latency_ms=29 payload_bytes=281 path=/api/v1/logs/12 message="cat log benchmark line 25" trace=tr-00000425
2026-04-27T12:00:26.026Z level=DEBUG service=session request_id=req-000026 user_id=1026 latency_ms=30 payload_bytes=282 path=/api/v1/logs/0 message="cat log benchmark line 26" trace=tr-00000442
2026-04-27T12:00:27.027Z level=WARN service=renderer request_id=req-000027 user_id=1027 latency_ms=31 payload_bytes=283 path=/api/v1/logs/1 message="cat log benchmark line 27" trace=tr-00000459
2026-04-27T12:00:28.028Z level=ERROR service=gateway request_id=req-000028 user_id=1028 latency_ms=32 payload_bytes=284 path=/api/v1/logs/2 message="cat log benchmark line 28" trace=tr-00000476
2026-04-27T12:00:29.029Z level=TRACE service=timeline request_id=req-000029 user_id=1029 latency_ms=33 payload_bytes=285 path=/api/v1/logs/3 message="cat log benchmark line 29" trace=tr-00000493
2026-04-27T12:00:30.030Z level=INFO service=session request_id=req-000030 user_id=1030 latency_ms=34 payload_bytes=286 path=/api/v1/logs/4 message="cat log benchmark line 30" trace=tr-00000510
2026-04-27T12:00:31.031Z level=DEBUG service=renderer request_id=req-000031 user_id=1031 latency_ms=35 payload_bytes=287 path=/api/v1/logs/5 message="cat log benchmark line 31" trace=tr-00000527
2026-04-27T12:00:32.032Z level=WARN service=gateway request_id=req-000032 user_id=1032 latency_ms=36 payload_bytes=288 path=/api/v1/logs/6 message="cat log benchmark line 32" trace=tr-00000544
2026-04-27T12:00:33.033Z level=ERROR service=timeline request_id=req-000033 user_id=1033 latency_ms=37 payload_bytes=289 path=/api/v1/logs/7 message="cat log benchmark line 33" trace=tr-00000561
2026-04-27T12:00:34.034Z level=TRACE service=session request_id=req-000034 user_id=1034 latency_ms=38 payload_bytes=290 path=/api/v1/logs/8 message="cat log benchmark line 34" trace=tr-00000578
2026-04-27T12:00:35.035Z level=INFO service=renderer request_id=req-000035 user_id=1035 latency_ms=39 payload_bytes=291 path=/api/v1/logs/9 message="cat log benchmark line 35" trace=tr-00000595
2026-04-27T12:00:36.036Z level=DEBUG service=gateway request_id=req-000036 user_id=1036 latency_ms=40 payload_bytes=292 path=/api/v1/logs/10 message="cat log benchmark line 36" trace=tr-00000612
2026-04-27T12:00:37.037Z level=WARN service=timeline request_id=req-000037 user_id=1037 latency_ms=41 payload_bytes=293 path=/api/v1/logs/11 message="cat log benchmark line 37" trace=tr-00000629
2026-04-27T12:00:38.038Z level=ERROR service=session request_id=req-000038 user_id=1038 latency_ms=42 payload_bytes=294 path=/api/v1/logs/12 message="cat log benchmark line 38" trace=tr-00000646
2026-04-27T12:00:39.039Z level=TRACE service=renderer request_id=req-000039 user_id=1039 latency_ms=43 payload_bytes=295 path=/api/v1/logs/0 message="cat log benchmark line 39" trace=tr-00000663
2026-04-27T12:00:40.040Z level=INFO service=gateway request_id=req-000040 user_id=1040 latency_ms=44 payload_bytes=296 path=/api/v1/logs/1 message="cat log benchmark line 40" trace=tr-00000680
2026-04-27T12:00:41.041Z level=DEBUG service=timeline request_id=req-000041 user_id=1041 latency_ms=45 payload_bytes=297 path=/api/v1/logs/2 message="cat log benchmark line 41" trace=tr-00000697
2026-04-27T12:00:42.042Z level=WARN service=session request_id=req-000042 user_id=1042 latency_ms=46 payload_bytes=298 path=/api/v1/logs/3 message="cat log benchmark line 42" trace=tr-00000714
2026-04-27T12:00:43.043Z level=ERROR service=renderer request_id=req-000043 user_id=1043 latency_ms=47 payload_bytes=299 path=/api/v1/logs/4 message="cat log benchmark line 43" trace=tr-00000731
2026-04-27T12:00:44.044Z level=TRACE service=gateway request_id=req-000044 user_id=1044 latency_ms=48 payload_bytes=300 path=/api/v1/logs/5 message="cat log benchmark line 44" trace=tr-00000748
2026-04-27T12:00:45.045Z level=INFO service=timeline request_id=req-000045 user_id=1045 latency_ms=49 payload_bytes=301 path=/api/v1/logs/6 message="cat log benchmark line 45" trace=tr-00000765
2026-04-27T12:00:46.046Z level=DEBUG service=session request_id=req-000046 user_id=1046 latency_ms=50 payload_bytes=302 path=/api/v1/logs/7 message="cat log benchmark line 46" trace=tr-00000782
2026-04-27T12:00:47.047Z level=WARN service=renderer request_id=req-000047 user_id=1047 latency_ms=51 payload_bytes=303 path=/api/v1/logs/8 message="cat log benchmark line 47" trace=tr-00000799
2026-04-27T12:00:48.048Z level=ERROR service=gateway request_id=req-000048 user_id=1048 latency_ms=52 payload_bytes=304 path=/api/v1/logs/9 message="cat log benchmark line 48" trace=tr-00000816
2026-04-27T12:00:49.049Z level=TRACE service=timeline request_id=req-000049 user_id=1049 latency_ms=53 payload_bytes=305 path=/api/v1/logs/10 message="cat log benchmark line 49" trace=tr-00000833
2026-04-27T12:00:50.050Z level=INFO service=session request_id=req-000050 user_id=1050 latency_ms=54 payload_bytes=306 path=/api/v1/logs/11 message="cat log benchmark line 50" trace=tr-00000850
2026-04-27T12:00:51.051Z level=DEBUG service=renderer request_id=req-000051 user_id=1051 latency_ms=55 payload_bytes=307 path=/api/v1/logs/12 message="cat log benchmark line 51" trace=tr-00000867
2026-04-27T12:00:52.052Z level=WARN service=gateway request_id=req-000052 user_id=1052 latency_ms=56 payload_bytes=308 path=/api/v1/logs/0 message="cat log benchmark line 52" trace=tr-00000884
2026-04-27T12:00:53.053Z level=ERROR service=timeline request_id=req-000053 user_id=1053 latency_ms=57 payload_bytes=309 path=/api/v1/logs/1 message="cat log benchmark line 53" trace=tr-00000901
2026-04-27T12:00:54.054Z level=TRACE service=session request_id=req-000054 user_id=1054 latency_ms=58 payload_bytes=310 path=/api/v1/logs/2 message="cat log benchmark line 54" trace=tr-00000918
2026-04-27T12:00:55.055Z level=INFO service=renderer request_id=req-000055 user_id=1055 latency_ms=59 payload_bytes=311 path=/api/v1/logs/3 message="cat log benchmark line 55" trace=tr-00000935
2026-04-27T12:00:56.056Z level=DEBUG service=gateway request_id=req-000056 user_id=1056 latency_ms=60 payload_bytes=312 path=/api/v1/logs/4 message="cat log benchmark line 56" trace=tr-00000952
2026-04-27T12:00:57.057Z level=WARN service=timeline request_id=req-000057 user_id=1057 latency_ms=61 payload_bytes=313 path=/api/v1/logs/5 message="cat log benchmark line 57" trace=tr-00000969
2026-04-27T12:00:58.058Z level=ERROR service=session request_id=req-000058 user_id=1058 latency_ms=62 payload_bytes=314 path=/api/v1/logs/6 message="cat log benchmark line 58" trace=tr-00000986
2026-04-27T12:00:59.059Z level=TRACE service=renderer request_id=req-000059 user_id=1059 latency_ms=63 payload_bytes=315 path=/api/v1/logs/7 message="cat log benchmark line 59" trace=tr-00001003
2026-04-27T12:01:00.060Z level=INFO service=gateway request_id=req-000060 user_id=1060 latency_ms=64 payload_bytes=316 path=/api/v1/logs/8 message="cat log benchmark line 60" trace=tr-00001020
2026-04-27T12:01:01.061Z level=DEBUG service=timeline request_id=req-000061 user_id=1061 latency_ms=65 payload_bytes=317 path=/api/v1/logs/9 message="cat log benchmark line 61" trace=tr-00001037
2026-04-27T12:01:02.062Z level=WARN service=session request_id=req-000062 user_id=1062 latency_ms=66 payload_bytes=318 path=/api/v1/logs/10 message="cat log benchmark line 62" trace=tr-00001054
2026-04-27T12:01:03.063Z level=ERROR service=renderer request_id=req-000063 user_id=1063 latency_ms=67 payload_bytes=319 path=/api/v1/logs/11 message="cat log benchmark line 63" trace=tr-00001071
2026-04-27T12:01:04.064Z level=TRACE service=gateway request_id=req-000064 user_id=1064 latency_ms=68 payload_bytes=320 path=/api/v1/logs/12 message="cat log benchmark line 64" trace=tr-00001088
2026-04-27T12:01:05.065Z level=INFO service=timeline request_id=req-000065 user_id=1065 latency_ms=69 payload_bytes=321 path=/api/v1/logs/0 message="cat log benchmark line 65" trace=tr-00001105
2026-04-27T12:01:06.066Z level=DEBUG service=session request_id=req-000066 user_id=1066 latency_ms=70 payload_bytes=322 path=/api/v1/logs/1 message="cat log benchmark line 66" trace=tr-00001122
2026-04-27T12:01:07.067Z level=WARN service=renderer request_id=req-000067 user_id=1067 latency_ms=71 payload_bytes=323 path=/api/v1/logs/2 message="cat log benchmark line 67" trace=tr-00001139
2026-04-27T12:01:08.068Z level=ERROR service=gateway request_id=req-000068 user_id=1068 latency_ms=72 payload_bytes=324 path=/api/v1/logs/3 message="cat log benchmark line 68" trace=tr-00001156
2026-04-27T12:01:09.069Z level=TRACE service=timeline request_id=req-000069 user_id=1069 latency_ms=73 payload_bytes=325 path=/api/v1/logs/4 message="cat log benchmark line 69" trace=tr-00001173
2026-04-27T12:01:10.070Z level=INFO service=session request_id=req-000070 user_id=1070 latency_ms=74 payload_bytes=326 path=/api/v1/logs/5 message="cat log benchmark line 70" trace=tr-00001190
2026-04-27T12:01:11.071Z level=DEBUG service=renderer request_id=req-000071 user_id=1071 latency_ms=75 payload_bytes=327 path=/api/v1/logs/6 message="cat log benchmark line 71" trace=tr-00001207
2026-04-27T12:01:12.072Z level=WARN service=gateway request_id=req-000072 user_id=1072 latency_ms=76 payload_bytes=328 path=/api/v1/logs/7 message="cat log benchmark line 72" trace=tr-00001224
2026-04-27T12:01:13.073Z level=ERROR service=timeline request_id=req-000073 user_id=1073 latency_ms=77 payload_bytes=329 path=/api/v1/logs/8 message="cat log benchmark line 73" trace=tr-00001241
2026-04-27T12:01:14.074Z level=TRACE service=session request_id=req-000074 user_id=1074 latency_ms=78 payload_bytes=330 path=/api/v1/logs/9 message="cat log benchmark line 74" trace=tr-00001258
2026-04-27T12:01:15.075Z level=INFO service=renderer request_id=req-000075 user_id=1075 latency_ms=79 payload_bytes=331 path=/api/v1/logs/10 message="cat log benchmark line 75" trace=tr-00001275
2026-04-27T12:01:16.076Z level=DEBUG service=gateway request_id=req-000076 user_id=1076 latency_ms=80 payload_bytes=332 path=/api/v1/logs/11 message="cat log benchmark line 76" trace=tr-00001292
2026-04-27T12:01:17.077Z level=WARN service=timeline request_id=req-000077 user_id=1077 latency_ms=81 payload_bytes=333 path=/api/v1/logs/12 message="cat log benchmark line 77" trace=tr-00001309
2026-04-27T12:01:18.078Z level=ERROR service=session request_id=req-000078 user_id=1078 latency_ms=82 payload_bytes=334 path=/api/v1/logs/0 message="cat log benchmark line 78" trace=tr-00001326
2026-04-27T12:01:19.079Z level=TRACE service=renderer request_id=req-000079 user_id=1079 latency_ms=83 payload_bytes=335 path=/api/v1/logs/1 message="cat log benchmark line 79" trace=tr-00001343
2026-04-27T12:01:20.080Z level=INFO service=gateway request_id=req-000080 user_id=1080 latency_ms=84 payload_bytes=336 path=/api/v1/logs/2 message="cat log benchmark line 80" trace=tr-00001360
2026-04-27T12:01:21.081Z level=DEBUG service=timeline request_id=req-000081 user_id=1081 latency_ms=85 payload_bytes=337 path=/api/v1/logs/3 message="cat log benchmark line 81" trace=tr-00001377
2026-04-27T12:01:22.082Z level=WARN service=session request_id=req-000082 user_id=1082 latency_ms=86 payload_bytes=338 path=/api/v1/logs/4 message="cat log benchmark line 82" trace=tr-00001394
2026-04-27T12:01:23.083Z level=ERROR service=renderer request_id=req-000083 user_id=1083 latency_ms=87 payload_bytes=339 path=/api/v1/logs/5 message="cat log benchmark line 83" trace=tr-00001411
2026-04-27T12:01:24.084Z level=TRACE service=gateway request_id=req-000084 user_id=1084 latency_ms=88 payload_bytes=340 path=/api/v1/logs/6 message="cat log benchmark line 84" trace=tr-00001428
2026-04-27T12:01:25.085Z level=INFO service=timeline request_id=req-000085 user_id=1085 latency_ms=89 payload_bytes=341 path=/api/v1/logs/7 message="cat log benchmark line 85" trace=tr-00001445
2026-04-27T12:01:26.086Z level=DEBUG service=session request_id=req-000086 user_id=1086 latency_ms=90 payload_bytes=342 path=/api/v1/logs/8 message="cat log benchmark line 86" trace=tr-00001462
2026-04-27T12:01:27.087Z level=WARN service=renderer request_id=req-000087 user_id=1087 latency_ms=91 payload_bytes=343 path=/api/v1/logs/9 message="cat log benchmark line 87" trace=tr-00001479
2026-04-27T12:01:28.088Z level=ERROR service=gateway request_id=req-000088 user_id=1088 latency_ms=92 payload_bytes=344 path=/api/v1/logs/10 message="cat log benchmark line 88" trace=tr-00001496
2026-04-27T12:01:29.089Z level=TRACE service=timeline request_id=req-000089 user_id=1089 latency_ms=93 payload_bytes=345 path=/api/v1/logs/11 message="cat log benchmark line 89" trace=tr-00001513
2026-04-27T12:01:30.090Z level=INFO service=session request_id=req-000090 user_id=1090 latency_ms=94 payload_bytes=346 path=/api/v1/logs/12 message="cat log benchmark line 90" trace=tr-00001530
2026-04-27T12:01:31.091Z level=DEBUG service=renderer request_id=req-000091 user_id=1091 latency_ms=95 payload_bytes=347 path=/api/v1/logs/0 message="cat log benchmark line 91" trace=tr-00001547
2026-04-27T12:01:32.092Z level=WARN service=gateway request_id=req-000092 user_id=1092 latency_ms=96 payload_bytes=348 path=/api/v1/logs/1 message="cat log benchmark line 92" trace=tr-00001564
2026-04-27T12:01:33.093Z level=ERROR service=timeline request_id=req-000093 user_id=1093 latency_ms=97 payload_bytes=349 path=/api/v1/logs/2 message="cat log benchmark line 93" trace=tr-00001581
2026-04-27T12:01:34.094Z level=TRACE service=session request_id=req-000094 user_id=1094 latency_ms=98 payload_bytes=350 path=/api/v1/logs/3 message="cat log benchmark line 94" trace=tr-00001598
2026-04-27T12:01:35.095Z level=INFO service=renderer request_id=req-000095 user_id=1095 latency_ms=99 payload_bytes=351 path=/api/v1/logs/4 message="cat log benchmark line 95" trace=tr-00001615
2026-04-27T12:01:36.096Z level=DEBUG service=gateway request_id=req-000096 user_id=1096 latency_ms=100 payload_bytes=352 path=/api/v1/logs/5 message="cat log benchmark line 96" trace=tr-00001632
2026-04-27T12:01:37.097Z level=WARN service=timeline request_id=req-000097 user_id=1000 latency_ms=101 payload_bytes=353 path=/api/v1/logs/6 message="cat log benchmark line 97" trace=tr-00001649
2026-04-27T12:01:38.098Z level=ERROR service=session request_id=req-000098 user_id=1001 latency_ms=102 payload_bytes=354 path=/api/v1/logs/7 message="cat log benchmark line 98" trace=tr-00001666
2026-04-27T12:01:39.099Z level=TRACE service=renderer request_id=req-000099 user_id=1002 latency_ms=103 payload_bytes=355 path=/api/v1/logs/8 message="cat log benchmark line 99" trace=tr-00001683
2026-04-27T12:01:40.100Z level=INFO service=gateway request_id=req-000100 user_id=1003 latency_ms=104 payload_bytes=356 path=/api/v1/logs/9 message="cat log benchmark line 100" trace=tr-00001700
2026-04-27T12:01:41.101Z level=DEBUG service=timeline request_id=req-000101 user_id=1004 latency_ms=105 payload_bytes=357 path=/api/v1/logs/10 message="cat log benchmark line 101" trace=tr-00001717
2026-04-27T12:01:42.102Z level=WARN service=session request_id=req-000102 user_id=1005 latency_ms=106 payload_bytes=358 path=/api/v1/logs/11 message="cat log benchmark line 102" trace=tr-00001734
2026-04-27T12:01:43.103Z level=ERROR service=renderer request_id=req-000103 user_id=1006 latency_ms=107 payload_bytes=359 path=/api/v1/logs/12 message="cat log benchmark line 103" trace=tr-00001751
2026-04-27T12:01:44.104Z level=TRACE service=gateway request_id=req-000104 user_id=1007 latency_ms=108 payload_bytes=360 path=/api/v1/logs/0 message="cat log benchmark line 104" trace=tr-00001768
2026-04-27T12:01:45.105Z level=INFO service=timeline request_id=req-000105 user_id=1008 latency_ms=109 payload_bytes=361 path=/api/v1/logs/1 message="cat log benchmark line 105" trace=tr-00001785
2026-04-27T12:01:46.106Z level=DEBUG service=session request_id=req-000106 user_id=1009 latency_ms=110 payload_bytes=362 path=/api/v1/logs/2 message="cat log benchmark line 106" trace=tr-00001802
2026-04-27T12:01:47.107Z level=WARN service=renderer request_id=req-000107 user_id=1010 latency_ms=111 payload_bytes=363 path=/api/v1/logs/3 message="cat log benchmark line 107" trace=tr-00001819
2026-04-27T12:01:48.108Z level=ERROR service=gateway request_id=req-000108 user_id=1011 latency_ms=112 payload_bytes=364 path=/api/v1/logs/4 message="cat log benchmark line 108" trace=tr-00001836
2026-04-27T12:01:49.109Z level=TRACE service=timeline request_id=req-000109 user_id=1012 latency_ms=113 payload_bytes=365 path=/api/v1/logs/5 message="cat log benchmark line 109" trace=tr-00001853
2026-04-27T12:01:50.110Z level=INFO service=session request_id=req-000110 user_id=1013 latency_ms=114 payload_bytes=366 path=/api/v1/logs/6 message="cat log benchmark line 110" trace=tr-00001870
2026-04-27T12:01:51.111Z level=DEBUG service=renderer request_id=req-000111 user_id=1014 latency_ms=115 payload_bytes=367 path=/api/v1/logs/7 message="cat log benchmark line 111" trace=tr-00001887
2026-04-27T12:01:52.112Z level=WARN service=gateway request_id=req-000112 user_id=1015 latency_ms=116 payload_bytes=368 path=/api/v1/logs/8 message="cat log benchmark line 112" trace=tr-00001904
2026-04-27T12:01:53.113Z level=ERROR service=timeline request_id=req-000113 user_id=1016 latency_ms=117 payload_bytes=369 path=/api/v1/logs/9 message="cat log benchmark line 113" trace=tr-00001921
2026-04-27T12:01:54.114Z level=TRACE service=session request_id=req-000114 user_id=1017 latency_ms=118 payload_bytes=370 path=/api/v1/logs/10 message="cat log benchmark line 114" trace=tr-00001938
2026-04-27T12:01:55.115Z level=INFO service=renderer request_id=req-000115 user_id=1018 latency_ms=119 payload_bytes=371 path=/api/v1/logs/11 message="cat log benchmark line 115" trace=tr-00001955
2026-04-27T12:01:56.116Z level=DEBUG service=gateway request_id=req-000116 user_id=1019 latency_ms=120 payload_bytes=372 path=/api/v1/logs/12 message="cat log benchmark line 116" trace=tr-00001972
2026-04-27T12:01:57.117Z level=WARN service=timeline request_id=req-000117 user_id=1020 latency_ms=121 payload_bytes=373 path=/api/v1/logs/0 message="cat log benchmark line 117" trace=tr-00001989
2026-04-27T12:01:58.118Z level=ERROR service=session request_id=req-000118 user_id=1021 latency_ms=122 payload_bytes=374 path=/api/v1/logs/1 message="cat log benchmark line 118" trace=tr-00002006
2026-04-27T12:01:59.119Z level=TRACE service=renderer request_id=req-000119 user_id=1022 latency_ms=123 payload_bytes=375 path=/api/v1/logs/2 message="cat log benchmark line 119" trace=tr-00002023
2026-04-27T12:02:00.120Z level=INFO service=gateway request_id=req-000120 user_id=1023 latency_ms=124 payload_bytes=376 path=/api/v1/logs/3 message="cat log benchmark line 120" trace=tr-00002040
2026-04-27T12:02:01.121Z level=DEBUG service=timeline request_id=req-000121 user_id=1024 latency_ms=125 payload_bytes=377 path=/api/v1/logs/4 message="cat log benchmark line 121" trace=tr-00002057
2026-04-27T12:02:02.122Z level=WARN service=session request_id=req-000122 user_id=1025 latency_ms=126 payload_bytes=378 path=/api/v1/logs/5 message="cat log benchmark line 122" trace=tr-00002074
2026-04-27T12:02:03.123Z level=ERROR service=renderer request_id=req-000123 user_id=1026 latency_ms=127 payload_bytes=379 path=/api/v1/logs/6 message="cat log benchmark line 123" trace=tr-00002091
2026-04-27T12:02:04.124Z level=TRACE service=gateway request_id=req-000124 user_id=1027 latency_ms=128 payload_bytes=380 path=/api/v1/logs/7 message="cat log benchmark line 124" trace=tr-00002108
2026-04-27T12:02:05.125Z level=INFO service=timeline request_id=req-000125 user_id=1028 latency_ms=129 payload_bytes=381 path=/api/v1/logs/8 message="cat log benchmark line 125" trace=tr-00002125
2026-04-27T12:02:06.126Z level=DEBUG service=session request_id=req-000126 user_id=1029 latency_ms=130 payload_bytes=382 path=/api/v1/logs/9 message="cat log benchmark line 126" trace=tr-00002142
2026-04-27T12:02:07.127Z level=WARN service=renderer request_id=req-000127 user_id=1030 latency_ms=131 payload_bytes=383 path=/api/v1/logs/10 message="cat log benchmark line 127" trace=tr-00002159
2026-04-27T12:02:08.128Z level=ERROR service=gateway request_id=req-000128 user_id=1031 latency_ms=132 payload_bytes=384 path=/api/v1/logs/11 message="cat log benchmark line 128" trace=tr-00002176
2026-04-27T12:02:09.129Z level=TRACE service=timeline request_id=req-000129 user_id=1032 latency_ms=133 payload_bytes=385 path=/api/v1/logs/12 message="cat log benchmark line 129" trace=tr-00002193
2026-04-27T12:02:10.130Z level=INFO service=session request_id=req-000130 user_id=1033 latency_ms=134 payload_bytes=386 path=/api/v1/logs/0 message="cat log benchmark line 130" trace=tr-00002210
2026-04-27T12:02:11.131Z level=DEBUG service=renderer request_id=req-000131 user_id=1034 latency_ms=135 payload_bytes=387 path=/api/v1/logs/1 message="cat log benchmark line 131" trace=tr-00002227
2026-04-27T12:02:12.132Z level=WARN service=gateway request_id=req-000132 user_id=1035 latency_ms=136 payload_bytes=388 path=/api/v1/logs/2 message="cat log benchmark line 132" trace=tr-00002244
2026-04-27T12:02:13.133Z level=ERROR service=timeline request_id=req-000133 user_id=1036 latency_ms=137 payload_bytes=389 path=/api/v1/logs/3 message="cat log benchmark line 133" trace=tr-00002261
2026-04-27T12:02:14.134Z level=TRACE service=session request_id=req-000134 user_id=1037 latency_ms=138 payload_bytes=390 path=/api/v1/logs/4 message="cat log benchmark line 134" trace=tr-00002278
2026-04-27T12:02:15.135Z level=INFO service=renderer request_id=req-000135 user_id=1038 latency_ms=139 payload_bytes=391 path=/api/v1/logs/5 message="cat log benchmark line 135" trace=tr-00002295
2026-04-27T12:02:16.136Z level=DEBUG service=gateway request_id=req-000136 user_id=1039 latency_ms=140 payload_bytes=392 path=/api/v1/logs/6 message="cat log benchmark line 136" trace=tr-00002312
2026-04-27T12:02:17.137Z level=WARN service=timeline request_id=req-000137 user_id=1040 latency_ms=141 payload_bytes=393 path=/api/v1/logs/7 message="cat log benchmark line 137" trace=tr-00002329
2026-04-27T12:02:18.138Z level=ERROR service=session request_id=req-000138 user_id=1041 latency_ms=142 payload_bytes=394 path=/api/v1/logs/8 message="cat log benchmark line 138" trace=tr-00002346
2026-04-27T12:02:19.139Z level=TRACE service=renderer request_id=req-000139 user_id=1042 latency_ms=143 payload_bytes=395 path=/api/v1/logs/9 message="cat log benchmark line 139" trace=tr-00002363
2026-04-27T12:02:20.140Z level=INFO service=gateway request_id=req-000140 user_id=1043 latency_ms=144 payload_bytes=396 path=/api/v1/logs/10 message="cat log benchmark line 140" trace=tr-00002380
2026-04-27T12:02:21.141Z level=DEBUG service=timeline request_id=req-000141 user_id=1044 latency_ms=145 payload_bytes=397 path=/api/v1/logs/11 message="cat log benchmark line 141" trace=tr-00002397
2026-04-27T12:02:22.142Z level=WARN service=session request_id=req-000142 user_id=1045 latency_ms=146 payload_bytes=398 path=/api/v1/logs/12 message="cat log benchmark line 142" trace=tr-00002414
2026-04-27T12:02:23.143Z level=ERROR service=renderer request_id=req-000143 user_id=1046 latency_ms=147 payload_bytes=399 path=/api/v1/logs/0 message="cat log benchmark line 143" trace=tr-00002431
2026-04-27T12:02:24.144Z level=TRACE service=gateway request_id=req-000144 user_id=1047 latency_ms=148 payload_bytes=400 path=/api/v1/logs/1 message="cat log benchmark line 144" trace=tr-00002448
2026-04-27T12:02:25.145Z level=INFO service=timeline request_id=req-000145 user_id=1048 latency_ms=149 payload_bytes=401 path=/api/v1/logs/2 message="cat log benchmark line 145" trace=tr-00002465
2026-04-27T12:02:26.146Z level=DEBUG service=session request_id=req-000146 user_id=1049 latency_ms=150 payload_bytes=402 path=/api/v1/logs/3 message="cat log benchmark line 146" trace=tr-00002482
2026-04-27T12:02:27.147Z level=WARN service=renderer request_id=req-000147 user_id=1050 latency_ms=151 payload_bytes=403 path=/api/v1/logs/4 message="cat log benchmark line 147" trace=tr-00002499
2026-04-27T12:02:28.148Z level=ERROR service=gateway request_id=req-000148 user_id=1051 latency_ms=152 payload_bytes=404 path=/api/v1/logs/5 message="cat log benchmark line 148" trace=tr-00002516
2026-04-27T12:02:29.149Z level=TRACE service=timeline request_id=req-000149 user_id=1052 latency_ms=153 payload_bytes=405 path=/api/v1/logs/6 message="cat log benchmark line 149" trace=tr-00002533
2026-04-27T12:02:30.150Z level=INFO service=session request_id=req-000150 user_id=1053 latency_ms=154 payload_bytes=406 path=/api/v1/logs/7 message="cat log benchmark line 150" trace=tr-00002550
2026-04-27T12:02:31.151Z level=DEBUG service=renderer request_id=req-000151 user_id=1054 latency_ms=155 payload_bytes=407 path=/api/v1/logs/8 message="cat log benchmark line 151" trace=tr-00002567
2026-04-27T12:02:32.152Z level=WARN service=gateway request_id=req-000152 user_id=1055 latency_ms=156 payload_bytes=408 path=/api/v1/logs/9 message="cat log benchmark line 152" trace=tr-00002584
2026-04-27T12:02:33.153Z level=ERROR service=timeline request_id=req-000153 user_id=1056 latency_ms=157 payload_bytes=409 path=/api/v1/logs/10 message="cat log benchmark line 153" trace=tr-00002601
2026-04-27T12:02:34.154Z level=TRACE service=session request_id=req-000154 user_id=1057 latency_ms=158 payload_bytes=410 path=/api/v1/logs/11 message="cat log benchmark line 154" trace=tr-00002618
2026-04-27T12:02:35.155Z level=INFO service=renderer request_id=req-000155 user_id=1058 latency_ms=159 payload_bytes=411 path=/api/v1/logs/12 message="cat log benchmark line 155" trace=tr-00002635
2026-04-27T12:02:36.156Z level=DEBUG service=gateway request_id=req-000156 user_id=1059 latency_ms=160 payload_bytes=412 path=/api/v1/logs/0 message="cat log benchmark line 156" trace=tr-00002652
2026-04-27T12:02:37.157Z level=WARN service=timeline request_id=req-000157 user_id=1060 latency_ms=161 payload_bytes=413 path=/api/v1/logs/1 message="cat log benchmark line 157" trace=tr-00002669
2026-04-27T12:02:38.158Z level=ERROR service=session request_id=req-000158 user_id=1061 latency_ms=162 payload_bytes=414 path=/api/v1/logs/2 message="cat log benchmark line 158" trace=tr-00002686
2026-04-27T12:02:39.159Z level=TRACE service=renderer request_id=req-000159 user_id=1062 latency_ms=163 payload_bytes=415 path=/api/v1/logs/3 message="cat log benchmark line 159" trace=tr-00002703
2026-04-27T12:02:40.160Z level=INFO service=gateway request_id=req-000160 user_id=1063 latency_ms=164 payload_bytes=416 path=/api/v1/logs/4 message="cat log benchmark line 160" trace=tr-00002720
2026-04-27T12:02:41.161Z level=DEBUG service=timeline request_id=req-000161 user_id=1064 latency_ms=165 payload_bytes=417 path=/api/v1/logs/5 message="cat log benchmark line 161" trace=tr-00002737
2026-04-27T12:02:42.162Z level=WARN service=session request_id=req-000162 user_id=1065 latency_ms=166 payload_bytes=418 path=/api/v1/logs/6 message="cat log benchmark line 162" trace=tr-00002754
2026-04-27T12:02:43.163Z level=ERROR service=renderer request_id=req-000163 user_id=1066 latency_ms=167 payload_bytes=419 path=/api/v1/logs/7 message="cat log benchmark line 163" trace=tr-00002771
2026-04-27T12:02:44.164Z level=TRACE service=gateway request_id=req-000164 user_id=1067 latency_ms=168 payload_bytes=420 path=/api/v1/logs/8 message="cat log benchmark line 164" trace=tr-00002788
2026-04-27T12:02:45.165Z level=INFO service=timeline request_id=req-000165 user_id=1068 latency_ms=169 payload_bytes=421 path=/api/v1/logs/9 message="cat log benchmark line 165" trace=tr-00002805
2026-04-27T12:02:46.166Z level=DEBUG service=session request_id=req-000166 user_id=1069 latency_ms=170 payload_bytes=422 path=/api/v1/logs/10 message="cat log benchmark line 166" trace=tr-00002822
2026-04-27T12:02:47.167Z level=WARN service=renderer request_id=req-000167 user_id=1070 latency_ms=171 payload_bytes=423 path=/api/v1/logs/11 message="cat log benchmark line 167" trace=tr-00002839
2026-04-27T12:02:48.168Z level=ERROR service=gateway request_id=req-000168 user_id=1071 latency_ms=172 payload_bytes=424 path=/api/v1/logs/12 message="cat log benchmark line 168" trace=tr-00002856
2026-04-27T12:02:49.169Z level=TRACE service=timeline request_id=req-000169 user_id=1072 latency_ms=173 payload_bytes=425 path=/api/v1/logs/0 message="cat log benchmark line 169" trace=tr-00002873
2026-04-27T12:02:50.170Z level=INFO service=session request_id=req-000170 user_id=1073 latency_ms=174 payload_bytes=426 path=/api/v1/logs/1 message="cat log benchmark line 170" trace=tr-00002890
2026-04-27T12:02:51.171Z level=DEBUG service=renderer request_id=req-000171 user_id=1074 latency_ms=175 payload_bytes=427 path=/api/v1/logs/2 message="cat log benchmark line 171" trace=tr-00002907
2026-04-27T12:02:52.172Z level=WARN service=gateway request_id=req-000172 user_id=1075 latency_ms=176 payload_bytes=428 path=/api/v1/logs/3 message="cat log benchmark line 172" trace=tr-00002924
2026-04-27T12:02:53.173Z level=ERROR service=timeline request_id=req-000173 user_id=1076 latency_ms=177 payload_bytes=429 path=/api/v1/logs/4 message="cat log benchmark line 173" trace=tr-00002941
2026-04-27T12:02:54.174Z level=TRACE service=session request_id=req-000174 user_id=1077 latency_ms=178 payload_bytes=430 path=/api/v1/logs/5 message="cat log benchmark line 174" trace=tr-00002958
2026-04-27T12:02:55.175Z level=INFO service=renderer request_id=req-000175 user_id=1078 latency_ms=179 payload_bytes=431 path=/api/v1/logs/6 message="cat log benchmark line 175" trace=tr-00002975
2026-04-27T12:02:56.176Z level=DEBUG service=gateway request_id=req-000176 user_id=1079 latency_ms=180 payload_bytes=432 path=/api/v1/logs/7 message="cat log benchmark line 176" trace=tr-00002992
2026-04-27T12:02:57.177Z level=WARN service=timeline request_id=req-000177 user_id=1080 latency_ms=181 payload_bytes=433 path=/api/v1/logs/8 message="cat log benchmark line 177" trace=tr-00003009
2026-04-27T12:02:58.178Z level=ERROR service=session request_id=req-000178 user_id=1081 latency_ms=182 payload_bytes=434 path=/api/v1/logs/9 message="cat log benchmark line 178" trace=tr-00003026
2026-04-27T12:02:59.179Z level=TRACE service=renderer request_id=req-000179 user_id=1082 latency_ms=183 payload_bytes=435 path=/api/v1/logs/10 message="cat log benchmark line 179" trace=tr-00003043
2026-04-27T12:03:00.180Z level=INFO service=gateway request_id=req-000180 user_id=1083 latency_ms=184 payload_bytes=436 path=/api/v1/logs/11 message="cat log benchmark line 180" trace=tr-00003060
2026-04-27T12:03:01.181Z level=DEBUG service=timeline request_id=req-000181 user_id=1084 latency_ms=185 payload_bytes=437 path=/api/v1/logs/12 message="cat log benchmark line 181" trace=tr-00003077
2026-04-27T12:03:02.182Z level=WARN service=session request_id=req-000182 user_id=1085 latency_ms=186 payload_bytes=438 path=/api/v1/logs/0 message="cat log benchmark line 182" trace=tr-00003094
2026-04-27T12:03:03.183Z level=ERROR service=renderer request_id=req-000183 user_id=1086 latency_ms=187 payload_bytes=439 path=/api/v1/logs/1 message="cat log benchmark line 183" trace=tr-00003111
2026-04-27T12:03:04.184Z level=TRACE service=gateway request_id=req-000184 user_id=1087 latency_ms=188 payload_bytes=440 path=/api/v1/logs/2 message="cat log benchmark line 184" trace=tr-00003128
2026-04-27T12:03:05.185Z level=INFO service=timeline request_id=req-000185 user_id=1088 latency_ms=189 payload_bytes=441 path=/api/v1/logs/3 message="cat log benchmark line 185" trace=tr-00003145
2026-04-27T12:03:06.186Z level=DEBUG service=session request_id=req-000186 user_id=1089 latency_ms=190 payload_bytes=442 path=/api/v1/logs/4 message="cat log benchmark line 186" trace=tr-00003162
2026-04-27T12:03:07.187Z level=WARN service=renderer request_id=req-000187 user_id=1090 latency_ms=191 payload_bytes=443 path=/api/v1/logs/5 message="cat log benchmark line 187" trace=tr-00003179
2026-04-27T12:03:08.188Z level=ERROR service=gateway request_id=req-000188 user_id=1091 latency_ms=192 payload_bytes=444 path=/api/v1/logs/6 message="cat log benchmark line 188" trace=tr-00003196
2026-04-27T12:03:09.189Z level=TRACE service=timeline request_id=req-000189 user_id=1092 latency_ms=193 payload_bytes=445 path=/api/v1/logs/7 message="cat log benchmark line 189" trace=tr-00003213
2026-04-27T12:03:10.190Z level=INFO service=session request_id=req-000190 user_id=1093 latency_ms=194 payload_bytes=446 path=/api/v1/logs/8 message="cat log benchmark line 190" trace=tr-00003230
2026-04-27T12:03:11.191Z level=DEBUG service=renderer request_id=req-000191 user_id=1094 latency_ms=195 payload_bytes=447 path=/api/v1/logs/9 message="cat log benchmark line 191" trace=tr-00003247
2026-04-27T12:03:12.192Z level=WARN service=gateway request_id=req-000192 user_id=1095 latency_ms=196 payload_bytes=448 path=/api/v1/logs/10 message="cat log benchmark line 192" trace=tr-00003264
2026-04-27T12:03:13.193Z level=ERROR service=timeline request_id=req-000193 user_id=1096 latency_ms=197 payload_bytes=449 path=/api/v1/logs/11 message="cat log benchmark line 193" trace=tr-00003281
2026-04-27T12:03:14.194Z level=TRACE service=session request_id=req-000194 user_id=1000 latency_ms=198 payload_bytes=450 path=/api/v1/logs/12 message="cat log benchmark line 194" trace=tr-00003298
2026-04-27T12:03:15.195Z level=INFO service=renderer request_id=req-000195 user_id=1001 latency_ms=199 payload_bytes=451 path=/api/v1/logs/0 message="cat log benchmark line 195" trace=tr-00003315
2026-04-27T12:03:16.196Z level=DEBUG service=gateway request_id=req-000196 user_id=1002 latency_ms=200 payload_bytes=452 path=/api/v1/logs/1 message="cat log benchmark line 196" trace=tr-00003332
2026-04-27T12:03:17.197Z level=WARN service=timeline request_id=req-000197 user_id=1003 latency_ms=201 payload_bytes=453 path=/api/v1/logs/2 message="cat log benchmark line 197" trace=tr-00003349
2026-04-27T12:03:18.198Z level=ERROR service=session request_id=req-000198 user_id=1004 latency_ms=202 payload_bytes=454 path=/api/v1/logs/3 message="cat log benchmark line 198" trace=tr-00003366
2026-04-27T12:03:19.199Z level=TRACE service=renderer request_id=req-000199 user_id=1005 latency_ms=203 payload_bytes=455 path=/api/v1/logs/4 message="cat log benchmark line 199" trace=tr-00003383
2026-04-27T12:03:20.200Z level=INFO service=gateway request_id=req-000200 user_id=1006 latency_ms=204 payload_bytes=456 path=/api/v1/logs/5 message="cat log benchmark line 200" trace=tr-00003400
2026-04-27T12:03:21.201Z level=DEBUG service=timeline request_id=req-000201 user_id=1007 latency_ms=205 payload_bytes=457 path=/api/v1/logs/6 message="cat log benchmark line 201" trace=tr-00003417
2026-04-27T12:03:22.202Z level=WARN service=session request_id=req-000202 user_id=1008 latency_ms=206 payload_bytes=458 path=/api/v1/logs/7 message="cat log benchmark line 202" trace=tr-00003434
2026-04-27T12:03:23.203Z level=ERROR service=renderer request_id=req-000203 user_id=1009 latency_ms=207 payload_bytes=459 path=/api/v1/logs/8 message="cat log benchmark line 203" trace=tr-00003451
2026-04-27T12:03:24.204Z level=TRACE service=gateway request_id=req-000204 user_id=1010 latency_ms=208 payload_bytes=460 path=/api/v1/logs/9 message="cat log benchmark line 204" trace=tr-00003468
2026-04-27T12:03:25.205Z level=INFO service=timeline request_id=req-000205 user_id=1011 latency_ms=209 payload_bytes=461 path=/api/v1/logs/10 message="cat log benchmark line 205" trace=tr-00003485
2026-04-27T12:03:26.206Z level=DEBUG service=session request_id=req-000206 user_id=1012 latency_ms=210 payload_bytes=462 path=/api/v1/logs/11 message="cat log benchmark line 206" trace=tr-00003502
2026-04-27T12:03:27.207Z level=WARN service=renderer request_id=req-000207 user_id=1013 latency_ms=211 payload_bytes=463 path=/api/v1/logs/12 message="cat log benchmark line 207" trace=tr-00003519
2026-04-27T12:03:28.208Z level=ERROR service=gateway request_id=req-000208 user_id=1014 latency_ms=212 payload_bytes=464 path=/api/v1/logs/0 message="cat log benchmark line 208" trace=tr-00003536
2026-04-27T12:03:29.209Z level=TRACE service=timeline request_id=req-000209 user_id=1015 latency_ms=213 payload_bytes=465 path=/api/v1/logs/1 message="cat log benchmark line 209" trace=tr-00003553
2026-04-27T12:03:30.210Z level=INFO service=session request_id=req-000210 user_id=1016 latency_ms=214 payload_bytes=466 path=/api/v1/logs/2 message="cat log benchmark line 210" trace=tr-00003570
2026-04-27T12:03:31.211Z level=DEBUG service=renderer request_id=req-000211 user_id=1017 latency_ms=215 payload_bytes=467 path=/api/v1/logs/3 message="cat log benchmark line 211" trace=tr-00003587
2026-04-27T12:03:32.212Z level=WARN service=gateway request_id=req-000212 user_id=1018 latency_ms=216 payload_bytes=468 path=/api/v1/logs/4 message="cat log benchmark line 212" trace=tr-00003604
2026-04-27T12:03:33.213Z level=ERROR service=timeline request_id=req-000213 user_id=1019 latency_ms=217 payload_bytes=469 path=/api/v1/logs/5 message="cat log benchmark line 213" trace=tr-00003621
2026-04-27T12:03:34.214Z level=TRACE service=session request_id=req-000214 user_id=1020 latency_ms=218 payload_bytes=470 path=/api/v1/logs/6 message="cat log benchmark line 214" trace=tr-00003638
2026-04-27T12:03:35.215Z level=INFO service=renderer request_id=req-000215 user_id=1021 latency_ms=219 payload_bytes=471 path=/api/v1/logs/7 message="cat log benchmark line 215" trace=tr-00003655
2026-04-27T12:03:36.216Z level=DEBUG service=gateway request_id=req-000216 user_id=1022 latency_ms=220 payload_bytes=472 path=/api/v1/logs/8 message="cat log benchmark line 216" trace=tr-00003672
2026-04-27T12:03:37.217Z level=WARN service=timeline request_id=req-000217 user_id=1023 latency_ms=221 payload_bytes=473 path=/api/v1/logs/9 message="cat log benchmark line 217" trace=tr-00003689
2026-04-27T12:03:38.218Z level=ERROR service=session request_id=req-000218 user_id=1024 latency_ms=222 payload_bytes=474 path=/api/v1/logs/10 message="cat log benchmark line 218" trace=tr-00003706
2026-04-27T12:03:39.219Z level=TRACE service=renderer request_id=req-000219 user_id=1025 latency_ms=223 payload_bytes=475 path=/api/v1/logs/11 message="cat log benchmark line 219" trace=tr-00003723
2026-04-27T12:03:40.220Z level=INFO service=gateway request_id=req-000220 user_id=1026 latency_ms=224 payload_bytes=476 path=/api/v1/logs/12 message="cat log benchmark line 220" trace=tr-00003740
2026-04-27T12:03:41.221Z level=DEBUG service=timeline request_id=req-000221 user_id=1027 latency_ms=225 payload_bytes=477 path=/api/v1/logs/0 message="cat log benchmark line 221" trace=tr-00003757
2026-04-27T12:03:42.222Z level=WARN service=session request_id=req-000222 user_id=1028 latency_ms=226 payload_bytes=478 path=/api/v1/logs/1 message="cat log benchmark line 222" trace=tr-00003774
2026-04-27T12:03:43.223Z level=ERROR service=renderer request_id=req-000223 user_id=1029 latency_ms=227 payload_bytes=479 path=/api/v1/logs/2 message="cat log benchmark line 223" trace=tr-00003791
2026-04-27T12:03:44.224Z level=TRACE service=gateway request_id=req-000224 user_id=1030 latency_ms=228 payload_bytes=480 path=/api/v1/logs/3 message="cat log benchmark line 224" trace=tr-00003808
2026-04-27T12:03:45.225Z level=INFO service=timeline request_id=req-000225 user_id=1031 latency_ms=229 payload_bytes=481 path=/api/v1/logs/4 message="cat log benchmark line 225" trace=tr-00003825
2026-04-27T12:03:46.226Z level=DEBUG service=session request_id=req-000226 user_id=1032 latency_ms=230 payload_bytes=482 path=/api/v1/logs/5 message="cat log benchmark line 226" trace=tr-00003842
2026-04-27T12:03:47.227Z level=WARN service=renderer request_id=req-000227 user_id=1033 latency_ms=231 payload_bytes=483 path=/api/v1/logs/6 message="cat log benchmark line 227" trace=tr-00003859
2026-04-27T12:03:48.228Z level=ERROR service=gateway request_id=req-000228 user_id=1034 latency_ms=232 payload_bytes=484 path=/api/v1/logs/7 message="cat log benchmark line 228" trace=tr-00003876
2026-04-27T12:03:49.229Z level=TRACE service=timeline request_id=req-000229 user_id=1035 latency_ms=233 payload_bytes=485 path=/api/v1/logs/8 message="cat log benchmark line 229" trace=tr-00003893
2026-04-27T12:03:50.230Z level=INFO service=session request_id=req-000230 user_id=1036 latency_ms=234 payload_bytes=486 path=/api/v1/logs/9 message="cat log benchmark line 230" trace=tr-00003910
2026-04-27T12:03:51.231Z level=DEBUG service=renderer request_id=req-000231 user_id=1037 latency_ms=235 payload_bytes=487 path=/api/v1/logs/10 message="cat log benchmark line 231" trace=tr-00003927
2026-04-27T12:03:52.232Z level=WARN service=gateway request_id=req-000232 user_id=1038 latency_ms=236 payload_bytes=488 path=/api/v1/logs/11 message="cat log benchmark line 232" trace=tr-00003944
2026-04-27T12:03:53.233Z level=ERROR service=timeline request_id=req-000233 user_id=1039 latency_ms=237 payload_bytes=489 path=/api/v1/logs/12 message="cat log benchmark line 233" trace=tr-00003961
2026-04-27T12:03:54.234Z level=TRACE service=session request_id=req-000234 user_id=1040 latency_ms=238 payload_bytes=490 path=/api/v1/logs/0 message="cat log benchmark line 234" trace=tr-00003978
2026-04-27T12:03:55.235Z level=INFO service=renderer request_id=req-000235 user_id=1041 latency_ms=239 payload_bytes=491 path=/api/v1/logs/1 message="cat log benchmark line 235" trace=tr-00003995
2026-04-27T12:03:56.236Z level=DEBUG service=gateway request_id=req-000236 user_id=1042 latency_ms=240 payload_bytes=492 path=/api/v1/logs/2 message="cat log benchmark line 236" trace=tr-00004012
2026-04-27T12:03:57.237Z level=WARN service=timeline request_id=req-000237 user_id=1043 latency_ms=241 payload_bytes=493 path=/api/v1/logs/3 message="cat log benchmark line 237" trace=tr-00004029
2026-04-27T12:03:58.238Z level=ERROR service=session request_id=req-000238 user_id=1044 latency_ms=242 payload_bytes=494 path=/api/v1/logs/4 message="cat log benchmark line 238" trace=tr-00004046
2026-04-27T12:03:59.239Z level=TRACE service=renderer request_id=req-000239 user_id=1045 latency_ms=243 payload_bytes=495 path=/api/v1/logs/5 message="cat log benchmark line 239" trace=tr-00004063
2026-04-27T12:04:00.240Z level=INFO service=gateway request_id=req-000240 user_id=1046 latency_ms=4 payload_bytes=496 path=/api/v1/logs/6 message="cat log benchmark line 240" trace=tr-00004080
2026-04-27T12:04:01.241Z level=DEBUG service=timeline request_id=req-000241 user_id=1047 latency_ms=5 payload_bytes=497 path=/api/v1/logs/7 message="cat log benchmark line 241" trace=tr-00004097
2026-04-27T12:04:02.242Z level=WARN service=session request_id=req-000242 user_id=1048 latency_ms=6 payload_bytes=498 path=/api/v1/logs/8 message="cat log benchmark line 242" trace=tr-00004114
2026-04-27T12:04:03.243Z level=ERROR service=renderer request_id=req-000243 user_id=1049 latency_ms=7 payload_bytes=499 path=/api/v1/logs/9 message="cat log benchmark line 243" trace=tr-00004131
2026-04-27T12:04:04.244Z level=TRACE service=gateway request_id=req-000244 user_id=1050 latency_ms=8 payload_bytes=500 path=/api/v1/logs/10 message="cat log benchmark line 244" trace=tr-00004148
2026-04-27T12:04:05.245Z level=INFO service=timeline request_id=req-000245 user_id=1051 latency_ms=9 payload_bytes=501 path=/api/v1/logs/11 message="cat log benchmark line 245" trace=tr-00004165
2026-04-27T12:04:06.246Z level=DEBUG service=session request_id=req-000246 user_id=1052 latency_ms=10 payload_bytes=502 path=/api/v1/logs/12 message="cat log benchmark line 246" trace=tr-00004182
2026-04-27T12:04:07.247Z level=WARN service=renderer request_id=req-000247 user_id=1053 latency_ms=11 payload_bytes=503 path=/api/v1/logs/0 message="cat log benchmark line 247" trace=tr-00004199
2026-04-27T12:04:08.248Z level=ERROR service=gateway request_id=req-000248 user_id=1054 latency_ms=12 payload_bytes=504 path=/api/v1/logs/1 message="cat log benchmark line 248" trace=tr-00004216
2026-04-27T12:04:09.249Z level=TRACE service=timeline request_id=req-000249 user_id=1055 latency_ms=13 payload_bytes=505 path=/api/v1/logs/2 message="cat log benchmark line 249" trace=tr-00004233
2026-04-27T12:04:10.250Z level=INFO service=session request_id=req-000250 user_id=1056 latency_ms=14 payload_bytes=506 path=/api/v1/logs/3 message="cat log benchmark line 250" trace=tr-00004250
2026-04-27T12:04:11.251Z level=DEBUG service=renderer request_id=req-000251 user_id=1057 latency_ms=15 payload_bytes=507 path=/api/v1/logs/4 message="cat log benchmark line 251" trace=tr-00004267
2026-04-27T12:04:12.252Z level=WARN service=gateway request_id=req-000252 user_id=1058 latency_ms=16 payload_bytes=508 path=/api/v1/logs/5 message="cat log benchmark line 252" trace=tr-00004284
2026-04-27T12:04:13.253Z level=ERROR service=timeline request_id=req-000253 user_id=1059 latency_ms=17 payload_bytes=509 path=/api/v1/logs/6 message="cat log benchmark line 253" trace=tr-00004301
2026-04-27T12:04:14.254Z level=TRACE service=session request_id=req-000254 user_id=1060 latency_ms=18 payload_bytes=510 path=/api/v1/logs/7 message="cat log benchmark line 254" trace=tr-00004318
2026-04-27T12:04:15.255Z level=INFO service=renderer request_id=req-000255 user_id=1061 latency_ms=19 payload_bytes=511 path=/api/v1/logs/8 message="cat log benchmark line 255" trace=tr-00004335
2026-04-27T12:04:16.256Z level=DEBUG service=gateway request_id=req-000256 user_id=1062 latency_ms=20 payload_bytes=512 path=/api/v1/logs/9 message="cat log benchmark line 256" trace=tr-00004352
2026-04-27T12:04:17.257Z level=WARN service=timeline request_id=req-000257 user_id=1063 latency_ms=21 payload_bytes=513 path=/api/v1/logs/10 message="cat log benchmark line 257" trace=tr-00004369
2026-04-27T12:04:18.258Z level=ERROR service=session request_id=req-000258 user_id=1064 latency_ms=22 payload_bytes=514 path=/api/v1/logs/11 message="cat log benchmark line 258" trace=tr-00004386
2026-04-27T12:04:19.259Z level=TRACE service=renderer request_id=req-000259 user_id=1065 latency_ms=23 payload_bytes=515 path=/api/v1/logs/12 message="cat log benchmark line 259" trace=tr-00004403
2026-04-27T12:04:20.260Z level=INFO service=gateway request_id=req-000260 user_id=1066 latency_ms=24 payload_bytes=516 path=/api/v1/logs/0 message="cat log benchmark line 260" trace=tr-00004420
2026-04-27T12:04:21.261Z level=DEBUG service=timeline request_id=req-000261 user_id=1067 latency_ms=25 payload_bytes=517 path=/api/v1/logs/1 message="cat log benchmark line 261" trace=tr-00004437
2026-04-27T12:04:22.262Z level=WARN service=session request_id=req-000262 user_id=1068 latency_ms=26 payload_bytes=518 path=/api/v1/logs/2 message="cat log benchmark line 262" trace=tr-00004454
2026-04-27T12:04:23.263Z level=ERROR service=renderer request_id=req-000263 user_id=1069 latency_ms=27 payload_bytes=519 path=/api/v1/logs/3 message="cat log benchmark line 263" trace=tr-00004471
2026-04-27T12:04:24.264Z level=TRACE service=gateway request_id=req-000264 user_id=1070 latency_ms=28 payload_bytes=520 path=/api/v1/logs/4 message="cat log benchmark line 264" trace=tr-00004488
2026-04-27T12:04:25.265Z level=INFO service=timeline request_id=req-000265 user_id=1071 latency_ms=29 payload_bytes=521 path=/api/v1/logs/5 message="cat log benchmark line 265" trace=tr-00004505
2026-04-27T12:04:26.266Z level=DEBUG service=session request_id=req-000266 user_id=1072 latency_ms=30 payload_bytes=522 path=/api/v1/logs/6 message="cat log benchmark line 266" trace=tr-00004522
2026-04-27T12:04:27.267Z level=WARN service=renderer request_id=req-000267 user_id=1073 latency_ms=31 payload_bytes=523 path=/api/v1/logs/7 message="cat log benchmark line 267" trace=tr-00004539
2026-04-27T12:04:28.268Z level=ERROR service=gateway request_id=req-000268 user_id=1074 latency_ms=32 payload_bytes=524 path=/api/v1/logs/8 message="cat log benchmark line 268" trace=tr-00004556
2026-04-27T12:04:29.269Z level=TRACE service=timeline request_id=req-000269 user_id=1075 latency_ms=33 payload_bytes=525 path=/api/v1/logs/9 message="cat log benchmark line 269" trace=tr-00004573
2026-04-27T12:04:30.270Z level=INFO service=session request_id=req-000270 user_id=1076 latency_ms=34 payload_bytes=526 path=/api/v1/logs/10 message="cat log benchmark line 270" trace=tr-00004590
2026-04-27T12:04:31.271Z level=DEBUG service=renderer request_id=req-000271 user_id=1077 latency_ms=35 payload_bytes=527 path=/api/v1/logs/11 message="cat log benchmark line 271" trace=tr-00004607
2026-04-27T12:04:32.272Z level=WARN service=gateway request_id=req-000272 user_id=1078 latency_ms=36 payload_bytes=528 path=/api/v1/logs/12 message="cat log benchmark line 272" trace=tr-00004624
2026-04-27T12:04:33.273Z level=ERROR service=timeline request_id=req-000273 user_id=1079 latency_ms=37 payload_bytes=529 path=/api/v1/logs/0 message="cat log benchmark line 273" trace=tr-00004641
2026-04-27T12:04:34.274Z level=TRACE service=session request_id=req-000274 user_id=1080 latency_ms=38 payload_bytes=530 path=/api/v1/logs/1 message="cat log benchmark line 274" trace=tr-00004658
2026-04-27T12:04:35.275Z level=INFO service=renderer request_id=req-000275 user_id=1081 latency_ms=39 payload_bytes=531 path=/api/v1/logs/2 message="cat log benchmark line 275" trace=tr-00004675
2026-04-27T12:04:36.276Z level=DEBUG service=gateway request_id=req-000276 user_id=1082 latency_ms=40 payload_bytes=532 path=/api/v1/logs/3 message="cat log benchmark line 276" trace=tr-00004692
2026-04-27T12:04:37.277Z level=WARN service=timeline request_id=req-000277 user_id=1083 latency_ms=41 payload_bytes=533 path=/api/v1/logs/4 message="cat log benchmark line 277" trace=tr-00004709
2026-04-27T12:04:38.278Z level=ERROR service=session request_id=req-000278 user_id=1084 latency_ms=42 payload_bytes=534 path=/api/v1/logs/5 message="cat log benchmark line 278" trace=tr-00004726
2026-04-27T12:04:39.279Z level=TRACE service=renderer request_id=req-000279 user_id=1085 latency_ms=43 payload_bytes=535 path=/api/v1/logs/6 message="cat log benchmark line 279" trace=tr-00004743
2026-04-27T12:04:40.280Z level=INFO service=gateway request_id=req-000280 user_id=1086 latency_ms=44 payload_bytes=536 path=/api/v1/logs/7 message="cat log benchmark line 280" trace=tr-00004760
2026-04-27T12:04:41.281Z level=DEBUG service=timeline request_id=req-000281 user_id=1087 latency_ms=45 payload_bytes=537 path=/api/v1/logs/8 message="cat log benchmark line 281" trace=tr-00004777
2026-04-27T12:04:42.282Z level=WARN service=session request_id=req-000282 user_id=1088 latency_ms=46 payload_bytes=538 path=/api/v1/logs/9 message="cat log benchmark line 282" trace=tr-00004794
2026-04-27T12:04:43.283Z level=ERROR service=renderer request_id=req-000283 user_id=1089 latency_ms=47 payload_bytes=539 path=/api/v1/logs/10 message="cat log benchmark line 283" trace=tr-00004811
2026-04-27T12:04:44.284Z level=TRACE service=gateway request_id=req-000284 user_id=1090 latency_ms=48 payload_bytes=540 path=/api/v1/logs/11 message="cat log benchmark line 284" trace=tr-00004828
2026-04-27T12:04:45.285Z level=INFO service=timeline request_id=req-000285 user_id=1091 latency_ms=49 payload_bytes=541 path=/api/v1/logs/12 message="cat log benchmark line 285" trace=tr-00004845
2026-04-27T12:04:46.286Z level=DEBUG service=session request_id=req-000286 user_id=1092 latency_ms=50 payload_bytes=542 path=/api/v1/logs/0 message="cat log benchmark line 286" trace=tr-00004862
2026-04-27T12:04:47.287Z level=WARN service=renderer request_id=req-000287 user_id=1093 latency_ms=51 payload_bytes=543 path=/api/v1/logs/1 message="cat log benchmark line 287" trace=tr-00004879
2026-04-27T12:04:48.288Z level=ERROR service=gateway request_id=req-000288 user_id=1094 latency_ms=52 payload_bytes=544 path=/api/v1/logs/2 message="cat log benchmark line 288" trace=tr-00004896
2026-04-27T12:04:49.289Z level=TRACE service=timeline request_id=req-000289 user_id=1095 latency_ms=53 payload_bytes=545 path=/api/v1/logs/3 message="cat log benchmark line 289" trace=tr-00004913
2026-04-27T12:04:50.290Z level=INFO service=session request_id=req-000290 user_id=1096 latency_ms=54 payload_bytes=546 path=/api/v1/logs/4 message="cat log benchmark line 290" trace=tr-00004930
2026-04-27T12:04:51.291Z level=DEBUG service=renderer request_id=req-000291 user_id=1000 latency_ms=55 payload_bytes=547 path=/api/v1/logs/5 message="cat log benchmark line 291" trace=tr-00004947
2026-04-27T12:04:52.292Z level=WARN service=gateway request_id=req-000292 user_id=1001 latency_ms=56 payload_bytes=548 path=/api/v1/logs/6 message="cat log benchmark line 292" trace=tr-00004964
2026-04-27T12:04:53.293Z level=ERROR service=timeline request_id=req-000293 user_id=1002 latency_ms=57 payload_bytes=549 path=/api/v1/logs/7 message="cat log benchmark line 293" trace=tr-00004981
2026-04-27T12:04:54.294Z level=TRACE service=session request_id=req-000294 user_id=1003 latency_ms=58 payload_bytes=550 path=/api/v1/logs/8 message="cat log benchmark line 294" trace=tr-00004998
2026-04-27T12:04:55.295Z level=INFO service=renderer request_id=req-000295 user_id=1004 latency_ms=59 payload_bytes=551 path=/api/v1/logs/9 message="cat log benchmark line 295" trace=tr-00005015
2026-04-27T12:04:56.296Z level=DEBUG service=gateway request_id=req-000296 user_id=1005 latency_ms=60 payload_bytes=552 path=/api/v1/logs/10 message="cat log benchmark line 296" trace=tr-00005032
2026-04-27T12:04:57.297Z level=WARN service=timeline request_id=req-000297 user_id=1006 latency_ms=61 payload_bytes=553 path=/api/v1/logs/11 message="cat log benchmark line 297" trace=tr-00005049
2026-04-27T12:04:58.298Z level=ERROR service=session request_id=req-000298 user_id=1007 latency_ms=62 payload_bytes=554 path=/api/v1/logs/12 message="cat log benchmark line 298" trace=tr-00005066
2026-04-27T12:04:59.299Z level=TRACE service=renderer request_id=req-000299 user_id=1008 latency_ms=63 payload_bytes=555 path=/api/v1/logs/0 message="cat log benchmark line 299" trace=tr-00005083
2026-04-27T12:05:00.300Z level=INFO service=gateway request_id=req-000300 user_id=1009 latency_ms=64 payload_bytes=556 path=/api/v1/logs/1 message="cat log benchmark line 300" trace=tr-00005100
2026-04-27T12:05:01.301Z level=DEBUG service=timeline request_id=req-000301 user_id=1010 latency_ms=65 payload_bytes=557 path=/api/v1/logs/2 message="cat log benchmark line 301" trace=tr-00005117
2026-04-27T12:05:02.302Z level=WARN service=session request_id=req-000302 user_id=1011 latency_ms=66 payload_bytes=558 path=/api/v1/logs/3 message="cat log benchmark line 302" trace=tr-00005134
2026-04-27T12:05:03.303Z level=ERROR service=renderer request_id=req-000303 user_id=1012 latency_ms=67 payload_bytes=559 path=/api/v1/logs/4 message="cat log benchmark line 303" trace=tr-00005151
2026-04-27T12:05:04.304Z level=TRACE service=gateway request_id=req-000304 user_id=1013 latency_ms=68 payload_bytes=560 path=/api/v1/logs/5 message="cat log benchmark line 304" trace=tr-00005168
2026-04-27T12:05:05.305Z level=INFO service=timeline request_id=req-000305 user_id=1014 latency_ms=69 payload_bytes=561 path=/api/v1/logs/6 message="cat log benchmark line 305" trace=tr-00005185
2026-04-27T12:05:06.306Z level=DEBUG service=session request_id=req-000306 user_id=1015 latency_ms=70 payload_bytes=562 path=/api/v1/logs/7 message="cat log benchmark line 306" trace=tr-00005202
2026-04-27T12:05:07.307Z level=WARN service=renderer request_id=req-000307 user_id=1016 latency_ms=71 payload_bytes=563 path=/api/v1/logs/8 message="cat log benchmark line 307" trace=tr-00005219
2026-04-27T12:05:08.308Z level=ERROR service=gateway request_id=req-000308 user_id=1017 latency_ms=72 payload_bytes=564 path=/api/v1/logs/9 message="cat log benchmark line 308" trace=tr-00005236
2026-04-27T12:05:09.309Z level=TRACE service=timeline request_id=req-000309 user_id=1018 latency_ms=73 payload_bytes=565 path=/api/v1/logs/10 message="cat log benchmark line 309" trace=tr-00005253
2026-04-27T12:05:10.310Z level=INFO service=session request_id=req-000310 user_id=1019 latency_ms=74 payload_bytes=566 path=/api/v1/logs/11 message="cat log benchmark line 310" trace=tr-00005270
2026-04-27T12:05:11.311Z level=DEBUG service=renderer request_id=req-000311 user_id=1020 latency_ms=75 payload_bytes=567 path=/api/v1/logs/12 message="cat log benchmark line 311" trace=tr-00005287
2026-04-27T12:05:12.312Z level=WARN service=gateway request_id=req-000312 user_id=1021 latency_ms=76 payload_bytes=568 path=/api/v1/logs/0 message="cat log benchmark line 312" trace=tr-00005304
2026-04-27T12:05:13.313Z level=ERROR service=timeline request_id=req-000313 user_id=1022 latency_ms=77 payload_bytes=569 path=/api/v1/logs/1 message="cat log benchmark line 313" trace=tr-00005321
2026-04-27T12:05:14.314Z level=TRACE service=session request_id=req-000314 user_id=1023 latency_ms=78 payload_bytes=570 path=/api/v1/logs/2 message="cat log benchmark line 314" trace=tr-00005338
2026-04-27T12:05:15.315Z level=INFO service=renderer request_id=req-000315 user_id=1024 latency_ms=79 payload_bytes=571 path=/api/v1/logs/3 message="cat log benchmark line 315" trace=tr-00005355
2026-04-27T12:05:16.316Z level=DEBUG service=gateway request_id=req-000316 user_id=1025 latency_ms=80 payload_bytes=572 path=/api/v1/logs/4 message="cat log benchmark line 316" trace=tr-00005372
2026-04-27T12:05:17.317Z level=WARN service=timeline request_id=req-000317 user_id=1026 latency_ms=81 payload_bytes=573 path=/api/v1/logs/5 message="cat log benchmark line 317" trace=tr-00005389
2026-04-27T12:05:18.318Z level=ERROR service=session request_id=req-000318 user_id=1027 latency_ms=82 payload_bytes=574 path=/api/v1/logs/6 message="cat log benchmark line 318" trace=tr-00005406
2026-04-27T12:05:19.319Z level=TRACE service=renderer request_id=req-000319 user_id=1028 latency_ms=83 payload_bytes=575 path=/api/v1/logs/7 message="cat log benchmark line 319" trace=tr-00005423
2026-04-27T12:05:20.320Z level=INFO service=gateway request_id=req-000320 user_id=1029 latency_ms=84 payload_bytes=576 path=/api/v1/logs/8 message="cat log benchmark line 320" trace=tr-00005440
2026-04-27T12:05:21.321Z level=DEBUG service=timeline request_id=req-000321 user_id=1030 latency_ms=85 payload_bytes=577 path=/api/v1/logs/9 message="cat log benchmark line 321" trace=tr-00005457
2026-04-27T12:05:22.322Z level=WARN service=session request_id=req-000322 user_id=1031 latency_ms=86 payload_bytes=578 path=/api/v1/logs/10 message="cat log benchmark line 322" trace=tr-00005474
2026-04-27T12:05:23.323Z level=ERROR service=renderer request_id=req-000323 user_id=1032 latency_ms=87 payload_bytes=579 path=/api/v1/logs/11 message="cat log benchmark line 323" trace=tr-00005491
2026-04-27T12:05:24.324Z level=TRACE service=gateway request_id=req-000324 user_id=1033 latency_ms=88 payload_bytes=580 path=/api/v1/logs/12 message="cat log benchmark line 324" trace=tr-00005508
2026-04-27T12:05:25.325Z level=INFO service=timeline request_id=req-000325 user_id=1034 latency_ms=89 payload_bytes=581 path=/api/v1/logs/0 message="cat log benchmark line 325" trace=tr-00005525
2026-04-27T12:05:26.326Z level=DEBUG service=session request_id=req-000326 user_id=1035 latency_ms=90 payload_bytes=582 path=/api/v1/logs/1 message="cat log benchmark line 326" trace=tr-00005542
2026-04-27T12:05:27.327Z level=WARN service=renderer request_id=req-000327 user_id=1036 latency_ms=91 payload_bytes=583 path=/api/v1/logs/2 message="cat log benchmark line 327" trace=tr-00005559
2026-04-27T12:05:28.328Z level=ERROR service=gateway request_id=req-000328 user_id=1037 latency_ms=92 payload_bytes=584 path=/api/v1/logs/3 message="cat log benchmark line 328" trace=tr-00005576
2026-04-27T12:05:29.329Z level=TRACE service=timeline request_id=req-000329 user_id=1038 latency_ms=93 payload_bytes=585 path=/api/v1/logs/4 message="cat log benchmark line 329" trace=tr-00005593
2026-04-27T12:05:30.330Z level=INFO service=session request_id=req-000330 user_id=1039 latency_ms=94 payload_bytes=586 path=/api/v1/logs/5 message="cat log benchmark line 330" trace=tr-00005610
2026-04-27T12:05:31.331Z level=DEBUG service=renderer request_id=req-000331 user_id=1040 latency_ms=95 payload_bytes=587 path=/api/v1/logs/6 message="cat log benchmark line 331" trace=tr-00005627
2026-04-27T12:05:32.332Z level=WARN service=gateway request_id=req-000332 user_id=1041 latency_ms=96 payload_bytes=588 path=/api/v1/logs/7 message="cat log benchmark line 332" trace=tr-00005644
2026-04-27T12:05:33.333Z level=ERROR service=timeline request_id=req-000333 user_id=1042 latency_ms=97 payload_bytes=589 path=/api/v1/logs/8 message="cat log benchmark line 333" trace=tr-00005661
2026-04-27T12:05:34.334Z level=TRACE service=session request_id=req-000334 user_id=1043 latency_ms=98 payload_bytes=590 path=/api/v1/logs/9 message="cat log benchmark line 334" trace=tr-00005678
2026-04-27T12:05:35.335Z level=INFO service=renderer request_id=req-000335 user_id=1044 latency_ms=99 payload_bytes=591 path=/api/v1/logs/10 message="cat log benchmark line 335" trace=tr-00005695
2026-04-27T12:05:36.336Z level=DEBUG service=gateway request_id=req-000336 user_id=1045 latency_ms=100 payload_bytes=592 path=/api/v1/logs/11 message="cat log benchmark line 336" trace=tr-00005712
2026-04-27T12:05:37.337Z level=WARN service=timeline request_id=req-000337 user_id=1046 latency_ms=101 payload_bytes=593 path=/api/v1/logs/12 message="cat log benchmark line 337" trace=tr-00005729
2026-04-27T12:05:38.338Z level=ERROR service=session request_id=req-000338 user_id=1047 latency_ms=102 payload_bytes=594 path=/api/v1/logs/0 message="cat log benchmark line 338" trace=tr-00005746
2026-04-27T12:05:39.339Z level=TRACE service=renderer request_id=req-000339 user_id=1048 latency_ms=103 payload_bytes=595 path=/api/v1/logs/1 message="cat log benchmark line 339" trace=tr-00005763
2026-04-27T12:05:40.340Z level=INFO service=gateway request_id=req-000340 user_id=1049 latency_ms=104 payload_bytes=596 path=/api/v1/logs/2 message="cat log benchmark line 340" trace=tr-00005780
2026-04-27T12:05:41.341Z level=DEBUG service=timeline request_id=req-000341 user_id=1050 latency_ms=105 payload_bytes=597 path=/api/v1/logs/3 message="cat log benchmark line 341" trace=tr-00005797
2026-04-27T12:05:42.342Z level=WARN service=session request_id=req-000342 user_id=1051 latency_ms=106 payload_bytes=598 path=/api/v1/logs/4 message="cat log benchmark line 342" trace=tr-00005814
2026-04-27T12:05:43.343Z level=ERROR service=renderer request_id=req-000343 user_id=1052 latency_ms=107 payload_bytes=599 path=/api/v1/logs/5 message="cat log benchmark line 343" trace=tr-00005831
2026-04-27T12:05:44.344Z level=TRACE service=gateway request_id=req-000344 user_id=1053 latency_ms=108 payload_bytes=600 path=/api/v1/logs/6 message="cat log benchmark line 344" trace=tr-00005848
2026-04-27T12:05:45.345Z level=INFO service=timeline request_id=req-000345 user_id=1054 latency_ms=109 payload_bytes=601 path=/api/v1/logs/7 message="cat log benchmark line 345" trace=tr-00005865
2026-04-27T12:05:46.346Z level=DEBUG service=session request_id=req-000346 user_id=1055 latency_ms=110 payload_bytes=602 path=/api/v1/logs/8 message="cat log benchmark line 346" trace=tr-00005882
2026-04-27T12:05:47.347Z level=WARN service=renderer request_id=req-000347 user_id=1056 latency_ms=111 payload_bytes=603 path=/api/v1/logs/9 message="cat log benchmark line 347" trace=tr-00005899
2026-04-27T12:05:48.348Z level=ERROR service=gateway request_id=req-000348 user_id=1057 latency_ms=112 payload_bytes=604 path=/api/v1/logs/10 message="cat log benchmark line 348" trace=tr-00005916
2026-04-27T12:05:49.349Z level=TRACE service=timeline request_id=req-000349 user_id=1058 latency_ms=113 payload_bytes=605 path=/api/v1/logs/11 message="cat log benchmark line 349" trace=tr-00005933
2026-04-27T12:05:50.350Z level=INFO service=session request_id=req-000350 user_id=1059 latency_ms=114 payload_bytes=606 path=/api/v1/logs/12 message="cat log benchmark line 350" trace=tr-00005950
2026-04-27T12:05:51.351Z level=DEBUG service=renderer request_id=req-000351 user_id=1060 latency_ms=115 payload_bytes=607 path=/api/v1/logs/0 message="cat log benchmark line 351" trace=tr-00005967
2026-04-27T12:05:52.352Z level=WARN service=gateway request_id=req-000352 user_id=1061 latency_ms=116 payload_bytes=608 path=/api/v1/logs/1 message="cat log benchmark line 352" trace=tr-00005984
2026-04-27T12:05:53.353Z level=ERROR service=timeline request_id=req-000353 user_id=1062 latency_ms=117 payload_bytes=609 path=/api/v1/logs/2 message="cat log benchmark line 353" trace=tr-00006001
2026-04-27T12:05:54.354Z level=TRACE service=session request_id=req-000354 user_id=1063 latency_ms=118 payload_bytes=610 path=/api/v1/logs/3 message="cat log benchmark line 354" trace=tr-00006018
2026-04-27T12:05:55.355Z level=INFO service=renderer request_id=req-000355 user_id=1064 latency_ms=119 payload_bytes=611 path=/api/v1/logs/4 message="cat log benchmark line 355" trace=tr-00006035
2026-04-27T12:05:56.356Z level=DEBUG service=gateway request_id=req-000356 user_id=1065 latency_ms=120 payload_bytes=612 path=/api/v1/logs/5 message="cat log benchmark line 356" trace=tr-00006052
2026-04-27T12:05:57.357Z level=WARN service=timeline request_id=req-000357 user_id=1066 latency_ms=121 payload_bytes=613 path=/api/v1/logs/6 message="cat log benchmark line 357" trace=tr-00006069
2026-04-27T12:05:58.358Z level=ERROR service=session request_id=req-000358 user_id=1067 latency_ms=122 payload_bytes=614 path=/api/v1/logs/7 message="cat log benchmark line 358" trace=tr-00006086
2026-04-27T12:05:59.359Z level=TRACE service=renderer request_id=req-000359 user_id=1068 latency_ms=123 payload_bytes=615 path=/api/v1/logs/8 message="cat log benchmark line 359" trace=tr-00006103
2026-04-27T12:06:00.360Z level=INFO service=gateway request_id=req-000360 user_id=1069 latency_ms=124 payload_bytes=616 path=/api/v1/logs/9 message="cat log benchmark line 360" trace=tr-00006120
2026-04-27T12:06:01.361Z level=DEBUG service=timeline request_id=req-000361 user_id=1070 latency_ms=125 payload_bytes=617 path=/api/v1/logs/10 message="cat log benchmark line 361" trace=tr-00006137
2026-04-27T12:06:02.362Z level=WARN service=session request_id=req-000362 user_id=1071 latency_ms=126 payload_bytes=618 path=/api/v1/logs/11 message="cat log benchmark line 362" trace=tr-00006154
2026-04-27T12:06:03.363Z level=ERROR service=renderer request_id=req-000363 user_id=1072 latency_ms=127 payload_bytes=619 path=/api/v1/logs/12 message="cat log benchmark line 363" trace=tr-00006171
2026-04-27T12:06:04.364Z level=TRACE service=gateway request_id=req-000364 user_id=1073 latency_ms=128 payload_bytes=620 path=/api/v1/logs/0 message="cat log benchmark line 364" trace=tr-00006188
2026-04-27T12:06:05.365Z level=INFO service=timeline request_id=req-000365 user_id=1074 latency_ms=129 payload_bytes=621 path=/api/v1/logs/1 message="cat log benchmark line 365" trace=tr-00006205
2026-04-27T12:06:06.366Z level=DEBUG service=session request_id=req-000366 user_id=1075 latency_ms=130 payload_bytes=622 path=/api/v1/logs/2 message="cat log benchmark line 366" trace=tr-00006222
2026-04-27T12:06:07.367Z level=WARN service=renderer request_id=req-000367 user_id=1076 latency_ms=131 payload_bytes=623 path=/api/v1/logs/3 message="cat log benchmark line 367" trace=tr-00006239
2026-04-27T12:06:08.368Z level=ERROR service=gateway request_id=req-000368 user_id=1077 latency_ms=132 payload_bytes=624 path=/api/v1/logs/4 message="cat log benchmark line 368" trace=tr-00006256
2026-04-27T12:06:09.369Z level=TRACE service=timeline request_id=req-000369 user_id=1078 latency_ms=133 payload_bytes=625 path=/api/v1/logs/5 message="cat log benchmark line 369" trace=tr-00006273
2026-04-27T12:06:10.370Z level=INFO service=session request_id=req-000370 user_id=1079 latency_ms=134 payload_bytes=626 path=/api/v1/logs/6 message="cat log benchmark line 370" trace=tr-00006290
2026-04-27T12:06:11.371Z level=DEBUG service=renderer request_id=req-000371 user_id=1080 latency_ms=135 payload_bytes=627 path=/api/v1/logs/7 message="cat log benchmark line 371" trace=tr-00006307
2026-04-27T12:06:12.372Z level=WARN service=gateway request_id=req-000372 user_id=1081 latency_ms=136 payload_bytes=628 path=/api/v1/logs/8 message="cat log benchmark line 372" trace=tr-00006324
2026-04-27T12:06:13.373Z level=ERROR service=timeline request_id=req-000373 user_id=1082 latency_ms=137 payload_bytes=629 path=/api/v1/logs/9 message="cat log benchmark line 373" trace=tr-00006341
2026-04-27T12:06:14.374Z level=TRACE service=session request_id=req-000374 user_id=1083 latency_ms=138 payload_bytes=630 path=/api/v1/logs/10 message="cat log benchmark line 374" trace=tr-00006358
2026-04-27T12:06:15.375Z level=INFO service=renderer request_id=req-000375 user_id=1084 latency_ms=139 payload_bytes=631 path=/api/v1/logs/11 message="cat log benchmark line 375" trace=tr-00006375
2026-04-27T12:06:16.376Z level=DEBUG service=gateway request_id=req-000376 user_id=1085 latency_ms=140 payload_bytes=632 path=/api/v1/logs/12 message="cat log benchmark line 376" trace=tr-00006392
2026-04-27T12:06:17.377Z level=WARN service=timeline request_id=req-000377 user_id=1086 latency_ms=141 payload_bytes=633 path=/api/v1/logs/0 message="cat log benchmark line 377" trace=tr-00006409
2026-04-27T12:06:18.378Z level=ERROR service=session request_id=req-000378 user_id=1087 latency_ms=142 payload_bytes=634 path=/api/v1/logs/1 message="cat log benchmark line 378" trace=tr-00006426
2026-04-27T12:06:19.379Z level=TRACE service=renderer request_id=req-000379 user_id=1088 latency_ms=143 payload_bytes=635 path=/api/v1/logs/2 message="cat log benchmark line 379" trace=tr-00006443
2026-04-27T12:06:20.380Z level=INFO service=gateway request_id=req-000380 user_id=1089 latency_ms=144 payload_bytes=636 path=/api/v1/logs/3 message="cat log benchmark line 380" trace=tr-00006460
2026-04-27T12:06:21.381Z level=DEBUG service=timeline request_id=req-000381 user_id=1090 latency_ms=145 payload_bytes=637 path=/api/v1/logs/4 message="cat log benchmark line 381" trace=tr-00006477
2026-04-27T12:06:22.382Z level=WARN service=session request_id=req-000382 user_id=1091 latency_ms=146 payload_bytes=638 path=/api/v1/logs/5 message="cat log benchmark line 382" trace=tr-00006494
2026-04-27T12:06:23.383Z level=ERROR service=renderer request_id=req-000383 user_id=1092 latency_ms=147 payload_bytes=639 path=/api/v1/logs/6 message="cat log benchmark line 383" trace=tr-00006511
2026-04-27T12:06:24.384Z level=TRACE service=gateway request_id=req-000384 user_id=1093 latency_ms=148 payload_bytes=640 path=/api/v1/logs/7 message="cat log benchmark line 384" trace=tr-00006528
2026-04-27T12:06:25.385Z level=INFO service=timeline request_id=req-000385 user_id=1094 latency_ms=149 payload_bytes=641 path=/api/v1/logs/8 message="cat log benchmark line 385" trace=tr-00006545
2026-04-27T12:06:26.386Z level=DEBUG service=session request_id=req-000386 user_id=1095 latency_ms=150 payload_bytes=642 path=/api/v1/logs/9 message="cat log benchmark line 386" trace=tr-00006562
2026-04-27T12:06:27.387Z level=WARN service=renderer request_id=req-000387 user_id=1096 latency_ms=151 payload_bytes=643 path=/api/v1/logs/10 message="cat log benchmark line 387" trace=tr-00006579
2026-04-27T12:06:28.388Z level=ERROR service=gateway request_id=req-000388 user_id=1000 latency_ms=152 payload_bytes=644 path=/api/v1/logs/11 message="cat log benchmark line 388" trace=tr-00006596
2026-04-27T12:06:29.389Z level=TRACE service=timeline request_id=req-000389 user_id=1001 latency_ms=153 payload_bytes=645 path=/api/v1/logs/12 message="cat log benchmark line 389" trace=tr-00006613
2026-04-27T12:06:30.390Z level=INFO service=session request_id=req-000390 user_id=1002 latency_ms=154 payload_bytes=646 path=/api/v1/logs/0 message="cat log benchmark line 390" trace=tr-00006630
2026-04-27T12:06:31.391Z level=DEBUG service=renderer request_id=req-000391 user_id=1003 latency_ms=155 payload_bytes=647 path=/api/v1/logs/1 message="cat log benchmark line 391" trace=tr-00006647
2026-04-27T12:06:32.392Z level=WARN service=gateway request_id=req-000392 user_id=1004 latency_ms=156 payload_bytes=648 path=/api/v1/logs/2 message="cat log benchmark line 392" trace=tr-00006664
2026-04-27T12:06:33.393Z level=ERROR service=timeline request_id=req-000393 user_id=1005 latency_ms=157 payload_bytes=649 path=/api/v1/logs/3 message="cat log benchmark line 393" trace=tr-00006681
2026-04-27T12:06:34.394Z level=TRACE service=session request_id=req-000394 user_id=1006 latency_ms=158 payload_bytes=650 path=/api/v1/logs/4 message="cat log benchmark line 394" trace=tr-00006698
2026-04-27T12:06:35.395Z level=INFO service=renderer request_id=req-000395 user_id=1007 latency_ms=159 payload_bytes=651 path=/api/v1/logs/5 message="cat log benchmark line 395" trace=tr-00006715
2026-04-27T12:06:36.396Z level=DEBUG service=gateway request_id=req-000396 user_id=1008 latency_ms=160 payload_bytes=652 path=/api/v1/logs/6 message="cat log benchmark line 396" trace=tr-00006732
2026-04-27T12:06:37.397Z level=WARN service=timeline request_id=req-000397 user_id=1009 latency_ms=161 payload_bytes=653 path=/api/v1/logs/7 message="cat log benchmark line 397" trace=tr-00006749
2026-04-27T12:06:38.398Z level=ERROR service=session request_id=req-000398 user_id=1010 latency_ms=162 payload_bytes=654 path=/api/v1/logs/8 message="cat log benchmark line 398" trace=tr-00006766
2026-04-27T12:06:39.399Z level=TRACE service=renderer request_id=req-000399 user_id=1011 latency_ms=163 payload_bytes=655 path=/api/v1/logs/9 message="cat log benchmark line 399" trace=tr-00006783
2026-04-27T12:06:40.400Z level=INFO service=gateway request_id=req-000400 user_id=1012 latency_ms=164 payload_bytes=656 path=/api/v1/logs/10 message="cat log benchmark line 400" trace=tr-00006800
2026-04-27T12:06:41.401Z level=DEBUG service=timeline request_id=req-000401 user_id=1013 latency_ms=165 payload_bytes=657 path=/api/v1/logs/11 message="cat log benchmark line 401" trace=tr-00006817
2026-04-27T12:06:42.402Z level=WARN service=session request_id=req-000402 user_id=1014 latency_ms=166 payload_bytes=658 path=/api/v1/logs/12 message="cat log benchmark line 402" trace=tr-00006834
2026-04-27T12:06:43.403Z level=ERROR service=renderer request_id=req-000403 user_id=1015 latency_ms=167 payload_bytes=659 path=/api/v1/logs/0 message="cat log benchmark line 403" trace=tr-00006851
2026-04-27T12:06:44.404Z level=TRACE service=gateway request_id=req-000404 user_id=1016 latency_ms=168 payload_bytes=660 path=/api/v1/logs/1 message="cat log benchmark line 404" trace=tr-00006868
2026-04-27T12:06:45.405Z level=INFO service=timeline request_id=req-000405 user_id=1017 latency_ms=169 payload_bytes=661 path=/api/v1/logs/2 message="cat log benchmark line 405" trace=tr-00006885
2026-04-27T12:06:46.406Z level=DEBUG service=session request_id=req-000406 user_id=1018 latency_ms=170 payload_bytes=662 path=/api/v1/logs/3 message="cat log benchmark line 406" trace=tr-00006902
2026-04-27T12:06:47.407Z level=WARN service=renderer request_id=req-000407 user_id=1019 latency_ms=171 payload_bytes=663 path=/api/v1/logs/4 message="cat log benchmark line 407" trace=tr-00006919
2026-04-27T12:06:48.408Z level=ERROR service=gateway request_id=req-000408 user_id=1020 latency_ms=172 payload_bytes=664 path=/api/v1/logs/5 message="cat log benchmark line 408" trace=tr-00006936
2026-04-27T12:06:49.409Z level=TRACE service=timeline request_id=req-000409 user_id=1021 latency_ms=173 payload_bytes=665 path=/api/v1/logs/6 message="cat log benchmark line 409" trace=tr-00006953
2026-04-27T12:06:50.410Z level=INFO service=session request_id=req-000410 user_id=1022 latency_ms=174 payload_bytes=666 path=/api/v1/logs/7 message="cat log benchmark line 410" trace=tr-00006970
2026-04-27T12:06:51.411Z level=DEBUG service=renderer request_id=req-000411 user_id=1023 latency_ms=175 payload_bytes=667 path=/api/v1/logs/8 message="cat log benchmark line 411" trace=tr-00006987
2026-04-27T12:06:52.412Z level=WARN service=gateway request_id=req-000412 user_id=1024 latency_ms=176 payload_bytes=668 path=/api/v1/logs/9 message="cat log benchmark line 412" trace=tr-00007004
2026-04-27T12:06:53.413Z level=ERROR service=timeline request_id=req-000413 user_id=1025 latency_ms=177 payload_bytes=669 path=/api/v1/logs/10 message="cat log benchmark line 413" trace=tr-00007021
2026-04-27T12:06:54.414Z level=TRACE service=session request_id=req-000414 user_id=1026 latency_ms=178 payload_bytes=670 path=/api/v1/logs/11 message="cat log benchmark line 414" trace=tr-00007038
2026-04-27T12:06:55.415Z level=INFO service=renderer request_id=req-000415 user_id=1027 latency_ms=179 payload_bytes=671 path=/api/v1/logs/12 message="cat log benchmark line 415" trace=tr-00007055
2026-04-27T12:06:56.416Z level=DEBUG service=gateway request_id=req-000416 user_id=1028 latency_ms=180 payload_bytes=672 path=/api/v1/logs/0 message="cat log benchmark line 416" trace=tr-00007072
2026-04-27T12:06:57.417Z level=WARN service=timeline request_id=req-000417 user_id=1029 latency_ms=181 payload_bytes=673 path=/api/v1/logs/1 message="cat log benchmark line 417" trace=tr-00007089
2026-04-27T12:06:58.418Z level=ERROR service=session request_id=req-000418 user_id=1030 latency_ms=182 payload_bytes=674 path=/api/v1/logs/2 message="cat log benchmark line 418" trace=tr-00007106
2026-04-27T12:06:59.419Z level=TRACE service=renderer request_id=req-000419 user_id=1031 latency_ms=183 payload_bytes=675 path=/api/v1/logs/3 message="cat log benchmark line 419" trace=tr-00007123
2026-04-27T12:07:00.420Z level=INFO service=gateway request_id=req-000420 user_id=1032 latency_ms=184 payload_bytes=676 path=/api/v1/logs/4 message="cat log benchmark line 420" trace=tr-00007140
2026-04-27T12:07:01.421Z level=DEBUG service=timeline request_id=req-000421 user_id=1033 latency_ms=185 payload_bytes=677 path=/api/v1/logs/5 message="cat log benchmark line 421" trace=tr-00007157
2026-04-27T12:07:02.422Z level=WARN service=session request_id=req-000422 user_id=1034 latency_ms=186 payload_bytes=678 path=/api/v1/logs/6 message="cat log benchmark line 422" trace=tr-00007174
2026-04-27T12:07:03.423Z level=ERROR service=renderer request_id=req-000423 user_id=1035 latency_ms=187 payload_bytes=679 path=/api/v1/logs/7 message="cat log benchmark line 423" trace=tr-00007191
2026-04-27T12:07:04.424Z level=TRACE service=gateway request_id=req-000424 user_id=1036 latency_ms=188 payload_bytes=680 path=/api/v1/logs/8 message="cat log benchmark line 424" trace=tr-00007208
2026-04-27T12:07:05.425Z level=INFO service=timeline request_id=req-000425 user_id=1037 latency_ms=189 payload_bytes=681 path=/api/v1/logs/9 message="cat log benchmark line 425" trace=tr-00007225
2026-04-27T12:07:06.426Z level=DEBUG service=session request_id=req-000426 user_id=1038 latency_ms=190 payload_bytes=682 path=/api/v1/logs/10 message="cat log benchmark line 426" trace=tr-00007242
2026-04-27T12:07:07.427Z level=WARN service=renderer request_id=req-000427 user_id=1039 latency_ms=191 payload_bytes=683 path=/api/v1/logs/11 message="cat log benchmark line 427" trace=tr-00007259
2026-04-27T12:07:08.428Z level=ERROR service=gateway request_id=req-000428 user_id=1040 latency_ms=192 payload_bytes=684 path=/api/v1/logs/12 message="cat log benchmark line 428" trace=tr-00007276
2026-04-27T12:07:09.429Z level=TRACE service=timeline request_id=req-000429 user_id=1041 latency_ms=193 payload_bytes=685 path=/api/v1/logs/0 message="cat log benchmark line 429" trace=tr-00007293
2026-04-27T12:07:10.430Z level=INFO service=session request_id=req-000430 user_id=1042 latency_ms=194 payload_bytes=686 path=/api/v1/logs/1 message="cat log benchmark line 430" trace=tr-00007310
2026-04-27T12:07:11.431Z level=DEBUG service=renderer request_id=req-000431 user_id=1043 latency_ms=195 payload_bytes=687 path=/api/v1/logs/2 message="cat log benchmark line 431" trace=tr-00007327
2026-04-27T12:07:12.432Z level=WARN service=gateway request_id=req-000432 user_id=1044 latency_ms=196 payload_bytes=688 path=/api/v1/logs/3 message="cat log benchmark line 432" trace=tr-00007344
2026-04-27T12:07:13.433Z level=ERROR service=timeline request_id=req-000433 user_id=1045 latency_ms=197 payload_bytes=689 path=/api/v1/logs/4 message="cat log benchmark line 433" trace=tr-00007361
2026-04-27T12:07:14.434Z level=TRACE service=session request_id=req-000434 user_id=1046 latency_ms=198 payload_bytes=690 path=/api/v1/logs/5 message="cat log benchmark line 434" trace=tr-00007378
2026-04-27T12:07:15.435Z level=INFO service=renderer request_id=req-000435 user_id=1047 latency_ms=199 payload_bytes=691 path=/api/v1/logs/6 message="cat log benchmark line 435" trace=tr-00007395
2026-04-27T12:07:16.436Z level=DEBUG service=gateway request_id=req-000436 user_id=1048 latency_ms=200 payload_bytes=692 path=/api/v1/logs/7 message="cat log benchmark line 436" trace=tr-00007412
2026-04-27T12:07:17.437Z level=WARN service=timeline request_id=req-000437 user_id=1049 latency_ms=201 payload_bytes=693 path=/api/v1/logs/8 message="cat log benchmark line 437" trace=tr-00007429
2026-04-27T12:07:18.438Z level=ERROR service=session request_id=req-000438 user_id=1050 latency_ms=202 payload_bytes=694 path=/api/v1/logs/9 message="cat log benchmark line 438" trace=tr-00007446
2026-04-27T12:07:19.439Z level=TRACE service=renderer request_id=req-000439 user_id=1051 latency_ms=203 payload_bytes=695 path=/api/v1/logs/10 message="cat log benchmark line 439" trace=tr-00007463
2026-04-27T12:07:20.440Z level=INFO service=gateway request_id=req-000440 user_id=1052 latency_ms=204 payload_bytes=696 path=/api/v1/logs/11 message="cat log benchmark line 440" trace=tr-00007480
2026-04-27T12:07:21.441Z level=DEBUG service=timeline request_id=req-000441 user_id=1053 latency_ms=205 payload_bytes=697 path=/api/v1/logs/12 message="cat log benchmark line 441" trace=tr-00007497
2026-04-27T12:07:22.442Z level=WARN service=session request_id=req-000442 user_id=1054 latency_ms=206 payload_bytes=698 path=/api/v1/logs/0 message="cat log benchmark line 442" trace=tr-00007514
2026-04-27T12:07:23.443Z level=ERROR service=renderer request_id=req-000443 user_id=1055 latency_ms=207 payload_bytes=699 path=/api/v1/logs/1 message="cat log benchmark line 443" trace=tr-00007531
2026-04-27T12:07:24.444Z level=TRACE service=gateway request_id=req-000444 user_id=1056 latency_ms=208 payload_bytes=700 path=/api/v1/logs/2 message="cat log benchmark line 444" trace=tr-00007548
2026-04-27T12:07:25.445Z level=INFO service=timeline request_id=req-000445 user_id=1057 latency_ms=209 payload_bytes=701 path=/api/v1/logs/3 message="cat log benchmark line 445" trace=tr-00007565
2026-04-27T12:07:26.446Z level=DEBUG service=session request_id=req-000446 user_id=1058 latency_ms=210 payload_bytes=702 path=/api/v1/logs/4 message="cat log benchmark line 446" trace=tr-00007582
2026-04-27T12:07:27.447Z level=WARN service=renderer request_id=req-000447 user_id=1059 latency_ms=211 payload_bytes=703 path=/api/v1/logs/5 message="cat log benchmark line 447" trace=tr-00007599
2026-04-27T12:07:28.448Z level=ERROR service=gateway request_id=req-000448 user_id=1060 latency_ms=212 payload_bytes=704 path=/api/v1/logs/6 message="cat log benchmark line 448" trace=tr-00007616
2026-04-27T12:07:29.449Z level=TRACE service=timeline request_id=req-000449 user_id=1061 latency_ms=213 payload_bytes=705 path=/api/v1/logs/7 message="cat log benchmark line 449" trace=tr-00007633
2026-04-27T12:07:30.450Z level=INFO service=session request_id=req-000450 user_id=1062 latency_ms=214 payload_bytes=706 path=/api/v1/logs/8 message="cat log benchmark line 450" trace=tr-00007650
2026-04-27T12:07:31.451Z level=DEBUG service=renderer request_id=req-000451 user_id=1063 latency_ms=215 payload_bytes=707 path=/api/v1/logs/9 message="cat log benchmark line 451" trace=tr-00007667
2026-04-27T12:07:32.452Z level=WARN service=gateway request_id=req-000452 user_id=1064 latency_ms=216 payload_bytes=708 path=/api/v1/logs/10 message="cat log benchmark line 452" trace=tr-00007684
2026-04-27T12:07:33.453Z level=ERROR service=timeline request_id=req-000453 user_id=1065 latency_ms=217 payload_bytes=709 path=/api/v1/logs/11 message="cat log benchmark line 453" trace=tr-00007701
2026-04-27T12:07:34.454Z level=TRACE service=session request_id=req-000454 user_id=1066 latency_ms=218 payload_bytes=710 path=/api/v1/logs/12 message="cat log benchmark line 454" trace=tr-00007718
2026-04-27T12:07:35.455Z level=INFO service=renderer request_id=req-000455 user_id=1067 latency_ms=219 payload_bytes=711 path=/api/v1/logs/0 message="cat log benchmark line 455" trace=tr-00007735
2026-04-27T12:07:36.456Z level=DEBUG service=gateway request_id=req-000456 user_id=1068 latency_ms=220 payload_bytes=712 path=/api/v1/logs/1 message="cat log benchmark line 456" trace=tr-00007752
2026-04-27T12:07:37.457Z level=WARN service=timeline request_id=req-000457 user_id=1069 latency_ms=221 payload_bytes=713 path=/api/v1/logs/2 message="cat log benchmark line 457" trace=tr-00007769
2026-04-27T12:07:38.458Z level=ERROR service=session request_id=req-000458 user_id=1070 latency_ms=222 payload_bytes=714 path=/api/v1/logs/3 message="cat log benchmark line 458" trace=tr-00007786
2026-04-27T12:07:39.459Z level=TRACE service=renderer request_id=req-000459 user_id=1071 latency_ms=223 payload_bytes=715 path=/api/v1/logs/4 message="cat log benchmark line 459" trace=tr-00007803
2026-04-27T12:07:40.460Z level=INFO service=gateway request_id=req-000460 user_id=1072 latency_ms=224 payload_bytes=716 path=/api/v1/logs/5 message="cat log benchmark line 460" trace=tr-00007820
2026-04-27T12:07:41.461Z level=DEBUG service=timeline request_id=req-000461 user_id=1073 latency_ms=225 payload_bytes=717 path=/api/v1/logs/6 message="cat log benchmark line 461" trace=tr-00007837
2026-04-27T12:07:42.462Z level=WARN service=session request_id=req-000462 user_id=1074 latency_ms=226 payload_bytes=718 path=/api/v1/logs/7 message="cat log benchmark line 462" trace=tr-00007854
2026-04-27T12:07:43.463Z level=ERROR service=renderer request_id=req-000463 user_id=1075 latency_ms=227 payload_bytes=719 path=/api/v1/logs/8 message="cat log benchmark line 463" trace=tr-00007871
2026-04-27T12:07:44.464Z level=TRACE service=gateway request_id=req-000464 user_id=1076 latency_ms=228 payload_bytes=720 path=/api/v1/logs/9 message="cat log benchmark line 464" trace=tr-00007888
2026-04-27T12:07:45.465Z level=INFO service=timeline request_id=req-000465 user_id=1077 latency_ms=229 payload_bytes=721 path=/api/v1/logs/10 message="cat log benchmark line 465" trace=tr-00007905
2026-04-27T12:07:46.466Z level=DEBUG service=session request_id=req-000466 user_id=1078 latency_ms=230 payload_bytes=722 path=/api/v1/logs/11 message="cat log benchmark line 466" trace=tr-00007922
2026-04-27T12:07:47.467Z level=WARN service=renderer request_id=req-000467 user_id=1079 latency_ms=231 payload_bytes=723 path=/api/v1/logs/12 message="cat log benchmark line 467" trace=tr-00007939
2026-04-27T12:07:48.468Z level=ERROR service=gateway request_id=req-000468 user_id=1080 latency_ms=232 payload_bytes=724 path=/api/v1/logs/0 message="cat log benchmark line 468" trace=tr-00007956
2026-04-27T12:07:49.469Z level=TRACE service=timeline request_id=req-000469 user_id=1081 latency_ms=233 payload_bytes=725 path=/api/v1/logs/1 message="cat log benchmark line 469" trace=tr-00007973
2026-04-27T12:07:50.470Z level=INFO service=session request_id=req-000470 user_id=1082 latency_ms=234 payload_bytes=726 path=/api/v1/logs/2 message="cat log benchmark line 470" trace=tr-00007990
2026-04-27T12:07:51.471Z level=DEBUG service=renderer request_id=req-000471 user_id=1083 latency_ms=235 payload_bytes=727 path=/api/v1/logs/3 message="cat log benchmark line 471" trace=tr-00008007
2026-04-27T12:07:52.472Z level=WARN service=gateway request_id=req-000472 user_id=1084 latency_ms=236 payload_bytes=728 path=/api/v1/logs/4 message="cat log benchmark line 472" trace=tr-00008024
2026-04-27T12:07:53.473Z level=ERROR service=timeline request_id=req-000473 user_id=1085 latency_ms=237 payload_bytes=729 path=/api/v1/logs/5 message="cat log benchmark line 473" trace=tr-00008041
2026-04-27T12:07:54.474Z level=TRACE service=session request_id=req-000474 user_id=1086 latency_ms=238 payload_bytes=730 path=/api/v1/logs/6 message="cat log benchmark line 474" trace=tr-00008058
2026-04-27T12:07:55.475Z level=INFO service=renderer request_id=req-000475 user_id=1087 latency_ms=239 payload_bytes=731 path=/api/v1/logs/7 message="cat log benchmark line 475" trace=tr-00008075
2026-04-27T12:07:56.476Z level=DEBUG service=gateway request_id=req-000476 user_id=1088 latency_ms=240 payload_bytes=732 path=/api/v1/logs/8 message="cat log benchmark line 476" trace=tr-00008092
2026-04-27T12:07:57.477Z level=WARN service=timeline request_id=req-000477 user_id=1089 latency_ms=241 payload_bytes=733 path=/api/v1/logs/9 message="cat log benchmark line 477" trace=tr-00008109
2026-04-27T12:07:58.478Z level=ERROR service=session request_id=req-000478 user_id=1090 latency_ms=242 payload_bytes=734 path=/api/v1/logs/10 message="cat log benchmark line 478" trace=tr-00008126
2026-04-27T12:07:59.479Z level=TRACE service=renderer request_id=req-000479 user_id=1091 latency_ms=243 payload_bytes=735 path=/api/v1/logs/11 message="cat log benchmark line 479" trace=tr-00008143
2026-04-27T12:08:00.480Z level=INFO service=gateway request_id=req-000480 user_id=1092 latency_ms=4 payload_bytes=736 path=/api/v1/logs/12 message="cat log benchmark line 480" trace=tr-00008160
2026-04-27T12:08:01.481Z level=DEBUG service=timeline request_id=req-000481 user_id=1093 latency_ms=5 payload_bytes=737 path=/api/v1/logs/0 message="cat log benchmark line 481" trace=tr-00008177
2026-04-27T12:08:02.482Z level=WARN service=session request_id=req-000482 user_id=1094 latency_ms=6 payload_bytes=738 path=/api/v1/logs/1 message="cat log benchmark line 482" trace=tr-00008194
2026-04-27T12:08:03.483Z level=ERROR service=renderer request_id=req-000483 user_id=1095 latency_ms=7 payload_bytes=739 path=/api/v1/logs/2 message="cat log benchmark line 483" trace=tr-00008211
2026-04-27T12:08:04.484Z level=TRACE service=gateway request_id=req-000484 user_id=1096 latency_ms=8 payload_bytes=740 path=/api/v1/logs/3 message="cat log benchmark line 484" trace=tr-00008228
2026-04-27T12:08:05.485Z level=INFO service=timeline request_id=req-000485 user_id=1000 latency_ms=9 payload_bytes=741 path=/api/v1/logs/4 message="cat log benchmark line 485" trace=tr-00008245
2026-04-27T12:08:06.486Z level=DEBUG service=session request_id=req-000486 user_id=1001 latency_ms=10 payload_bytes=742 path=/api/v1/logs/5 message="cat log benchmark line 486" trace=tr-00008262
2026-04-27T12:08:07.487Z level=WARN service=renderer request_id=req-000487 user_id=1002 latency_ms=11 payload_bytes=743 path=/api/v1/logs/6 message="cat log benchmark line 487" trace=tr-00008279
2026-04-27T12:08:08.488Z level=ERROR service=gateway request_id=req-000488 user_id=1003 latency_ms=12 payload_bytes=744 path=/api/v1/logs/7 message="cat log benchmark line 488" trace=tr-00008296
2026-04-27T12:08:09.489Z level=TRACE service=timeline request_id=req-000489 user_id=1004 latency_ms=13 payload_bytes=745 path=/api/v1/logs/8 message="cat log benchmark line 489" trace=tr-00008313
2026-04-27T12:08:10.490Z level=INFO service=session request_id=req-000490 user_id=1005 latency_ms=14 payload_bytes=746 path=/api/v1/logs/9 message="cat log benchmark line 490" trace=tr-00008330
2026-04-27T12:08:11.491Z level=DEBUG service=renderer request_id=req-000491 user_id=1006 latency_ms=15 payload_bytes=747 path=/api/v1/logs/10 message="cat log benchmark line 491" trace=tr-00008347
2026-04-27T12:08:12.492Z level=WARN service=gateway request_id=req-000492 user_id=1007 latency_ms=16 payload_bytes=748 path=/api/v1/logs/11 message="cat log benchmark line 492" trace=tr-00008364
2026-04-27T12:08:13.493Z level=ERROR service=timeline request_id=req-000493 user_id=1008 latency_ms=17 payload_bytes=749 path=/api/v1/logs/12 message="cat log benchmark line 493" trace=tr-00008381
2026-04-27T12:08:14.494Z level=TRACE service=session request_id=req-000494 user_id=1009 latency_ms=18 payload_bytes=750 path=/api/v1/logs/0 message="cat log benchmark line 494" trace=tr-00008398
2026-04-27T12:08:15.495Z level=INFO service=renderer request_id=req-000495 user_id=1010 latency_ms=19 payload_bytes=751 path=/api/v1/logs/1 message="cat log benchmark line 495" trace=tr-00008415
2026-04-27T12:08:16.496Z level=DEBUG service=gateway request_id=req-000496 user_id=1011 latency_ms=20 payload_bytes=752 path=/api/v1/logs/2 message="cat log benchmark line 496" trace=tr-00008432
2026-04-27T12:08:17.497Z level=WARN service=timeline request_id=req-000497 user_id=1012 latency_ms=21 payload_bytes=753 path=/api/v1/logs/3 message="cat log benchmark line 497" trace=tr-00008449
2026-04-27T12:08:18.498Z level=ERROR service=session request_id=req-000498 user_id=1013 latency_ms=22 payload_bytes=754 path=/api/v1/logs/4 message="cat log benchmark line 498" trace=tr-00008466
2026-04-27T12:08:19.499Z level=TRACE service=renderer request_id=req-000499 user_id=1014 latency_ms=23 payload_bytes=755 path=/api/v1/logs/5 message="cat log benchmark line 499" trace=tr-00008483
2026-04-27T12:08:20.500Z level=INFO service=gateway request_id=req-000500 user_id=1015 latency_ms=24 payload_bytes=756 path=/api/v1/logs/6 message="cat log benchmark line 500" trace=tr-00008500
2026-04-27T12:08:21.501Z level=DEBUG service=timeline request_id=req-000501 user_id=1016 latency_ms=25 payload_bytes=757 path=/api/v1/logs/7 message="cat log benchmark line 501" trace=tr-00008517
2026-04-27T12:08:22.502Z level=WARN service=session request_id=req-000502 user_id=1017 latency_ms=26 payload_bytes=758 path=/api/v1/logs/8 message="cat log benchmark line 502" trace=tr-00008534
2026-04-27T12:08:23.503Z level=ERROR service=renderer request_id=req-000503 user_id=1018 latency_ms=27 payload_bytes=759 path=/api/v1/logs/9 message="cat log benchmark line 503" trace=tr-00008551
2026-04-27T12:08:24.504Z level=TRACE service=gateway request_id=req-000504 user_id=1019 latency_ms=28 payload_bytes=760 path=/api/v1/logs/10 message="cat log benchmark line 504" trace=tr-00008568
2026-04-27T12:08:25.505Z level=INFO service=timeline request_id=req-000505 user_id=1020 latency_ms=29 payload_bytes=761 path=/api/v1/logs/11 message="cat log benchmark line 505" trace=tr-00008585
2026-04-27T12:08:26.506Z level=DEBUG service=session request_id=req-000506 user_id=1021 latency_ms=30 payload_bytes=762 path=/api/v1/logs/12 message="cat log benchmark line 506" trace=tr-00008602
2026-04-27T12:08:27.507Z level=WARN service=renderer request_id=req-000507 user_id=1022 latency_ms=31 payload_bytes=763 path=/api/v1/logs/0 message="cat log benchmark line 507" trace=tr-00008619
2026-04-27T12:08:28.508Z level=ERROR service=gateway request_id=req-000508 user_id=1023 latency_ms=32 payload_bytes=764 path=/api/v1/logs/1 message="cat log benchmark line 508" trace=tr-00008636
2026-04-27T12:08:29.509Z level=TRACE service=timeline request_id=req-000509 user_id=1024 latency_ms=33 payload_bytes=765 path=/api/v1/logs/2 message="cat log benchmark line 509" trace=tr-00008653
2026-04-27T12:08:30.510Z level=INFO service=session request_id=req-000510 user_id=1025 latency_ms=34 payload_bytes=766 path=/api/v1/logs/3 message="cat log benchmark line 510" trace=tr-00008670
2026-04-27T12:08:31.511Z level=DEBUG service=renderer request_id=req-000511 user_id=1026 latency_ms=35 payload_bytes=767 path=/api/v1/logs/4 message="cat log benchmark line 511" trace=tr-00008687
2026-04-27T12:08:32.512Z level=WARN service=gateway request_id=req-000512 user_id=1027 latency_ms=36 payload_bytes=768 path=/api/v1/logs/5 message="cat log benchmark line 512" trace=tr-00008704
2026-04-27T12:08:33.513Z level=ERROR service=timeline request_id=req-000513 user_id=1028 latency_ms=37 payload_bytes=769 path=/api/v1/logs/6 message="cat log benchmark line 513" trace=tr-00008721
2026-04-27T12:08:34.514Z level=TRACE service=session request_id=req-000514 user_id=1029 latency_ms=38 payload_bytes=770 path=/api/v1/logs/7 message="cat log benchmark line 514" trace=tr-00008738
2026-04-27T12:08:35.515Z level=INFO service=renderer request_id=req-000515 user_id=1030 latency_ms=39 payload_bytes=771 path=/api/v1/logs/8 message="cat log benchmark line 515" trace=tr-00008755
2026-04-27T12:08:36.516Z level=DEBUG service=gateway request_id=req-000516 user_id=1031 latency_ms=40 payload_bytes=772 path=/api/v1/logs/9 message="cat log benchmark line 516" trace=tr-00008772
2026-04-27T12:08:37.517Z level=WARN service=timeline request_id=req-000517 user_id=1032 latency_ms=41 payload_bytes=773 path=/api/v1/logs/10 message="cat log benchmark line 517" trace=tr-00008789
2026-04-27T12:08:38.518Z level=ERROR service=session request_id=req-000518 user_id=1033 latency_ms=42 payload_bytes=774 path=/api/v1/logs/11 message="cat log benchmark line 518" trace=tr-00008806
2026-04-27T12:08:39.519Z level=TRACE service=renderer request_id=req-000519 user_id=1034 latency_ms=43 payload_bytes=775 path=/api/v1/logs/12 message="cat log benchmark line 519" trace=tr-00008823
2026-04-27T12:08:40.520Z level=INFO service=gateway request_id=req-000520 user_id=1035 latency_ms=44 payload_bytes=776 path=/api/v1/logs/0 message="cat log benchmark line 520" trace=tr-00008840
2026-04-27T12:08:41.521Z level=DEBUG service=timeline request_id=req-000521 user_id=1036 latency_ms=45 payload_bytes=777 path=/api/v1/logs/1 message="cat log benchmark line 521" trace=tr-00008857
2026-04-27T12:08:42.522Z level=WARN service=session request_id=req-000522 user_id=1037 latency_ms=46 payload_bytes=778 path=/api/v1/logs/2 message="cat log benchmark line 522" trace=tr-00008874
2026-04-27T12:08:43.523Z level=ERROR service=renderer request_id=req-000523 user_id=1038 latency_ms=47 payload_bytes=779 path=/api/v1/logs/3 message="cat log benchmark line 523" trace=tr-00008891
2026-04-27T12:08:44.524Z level=TRACE service=gateway request_id=req-000524 user_id=1039 latency_ms=48 payload_bytes=780 path=/api/v1/logs/4 message="cat log benchmark line 524" trace=tr-00008908
2026-04-27T12:08:45.525Z level=INFO service=timeline request_id=req-000525 user_id=1040 latency_ms=49 payload_bytes=781 path=/api/v1/logs/5 message="cat log benchmark line 525" trace=tr-00008925
2026-04-27T12:08:46.526Z level=DEBUG service=session request_id=req-000526 user_id=1041 latency_ms=50 payload_bytes=782 path=/api/v1/logs/6 message="cat log benchmark line 526" trace=tr-00008942
2026-04-27T12:08:47.527Z level=WARN service=renderer request_id=req-000527 user_id=1042 latency_ms=51 payload_bytes=783 path=/api/v1/logs/7 message="cat log benchmark line 527" trace=tr-00008959
2026-04-27T12:08:48.528Z level=ERROR service=gateway request_id=req-000528 user_id=1043 latency_ms=52 payload_bytes=784 path=/api/v1/logs/8 message="cat log benchmark line 528" trace=tr-00008976
2026-04-27T12:08:49.529Z level=TRACE service=timeline request_id=req-000529 user_id=1044 latency_ms=53 payload_bytes=785 path=/api/v1/logs/9 message="cat log benchmark line 529" trace=tr-00008993
2026-04-27T12:08:50.530Z level=INFO service=session request_id=req-000530 user_id=1045 latency_ms=54 payload_bytes=786 path=/api/v1/logs/10 message="cat log benchmark line 530" trace=tr-00009010
2026-04-27T12:08:51.531Z level=DEBUG service=renderer request_id=req-000531 user_id=1046 latency_ms=55 payload_bytes=787 path=/api/v1/logs/11 message="cat log benchmark line 531" trace=tr-00009027
2026-04-27T12:08:52.532Z level=WARN service=gateway request_id=req-000532 user_id=1047 latency_ms=56 payload_bytes=788 path=/api/v1/logs/12 message="cat log benchmark line 532" trace=tr-00009044
2026-04-27T12:08:53.533Z level=ERROR service=timeline request_id=req-000533 user_id=1048 latency_ms=57 payload_bytes=789 path=/api/v1/logs/0 message="cat log benchmark line 533" trace=tr-00009061
2026-04-27T12:08:54.534Z level=TRACE service=session request_id=req-000534 user_id=1049 latency_ms=58 payload_bytes=790 path=/api/v1/logs/1 message="cat log benchmark line 534" trace=tr-00009078
2026-04-27T12:08:55.535Z level=INFO service=renderer request_id=req-000535 user_id=1050 latency_ms=59 payload_bytes=791 path=/api/v1/logs/2 message="cat log benchmark line 535" trace=tr-00009095
2026-04-27T12:08:56.536Z level=DEBUG service=gateway request_id=req-000536 user_id=1051 latency_ms=60 payload_bytes=792 path=/api/v1/logs/3 message="cat log benchmark line 536" trace=tr-00009112
2026-04-27T12:08:57.537Z level=WARN service=timeline request_id=req-000537 user_id=1052 latency_ms=61 payload_bytes=793 path=/api/v1/logs/4 message="cat log benchmark line 537" trace=tr-00009129
2026-04-27T12:08:58.538Z level=ERROR service=session request_id=req-000538 user_id=1053 latency_ms=62 payload_bytes=794 path=/api/v1/logs/5 message="cat log benchmark line 538" trace=tr-00009146
2026-04-27T12:08:59.539Z level=TRACE service=renderer request_id=req-000539 user_id=1054 latency_ms=63 payload_bytes=795 path=/api/v1/logs/6 message="cat log benchmark line 539" trace=tr-00009163
2026-04-27T12:09:00.540Z level=INFO service=gateway request_id=req-000540 user_id=1055 latency_ms=64 payload_bytes=796 path=/api/v1/logs/7 message="cat log benchmark line 540" trace=tr-00009180
2026-04-27T12:09:01.541Z level=DEBUG service=timeline request_id=req-000541 user_id=1056 latency_ms=65 payload_bytes=797 path=/api/v1/logs/8 message="cat log benchmark line 541" trace=tr-00009197
2026-04-27T12:09:02.542Z level=WARN service=session request_id=req-000542 user_id=1057 latency_ms=66 payload_bytes=798 path=/api/v1/logs/9 message="cat log benchmark line 542" trace=tr-00009214
2026-04-27T12:09:03.543Z level=ERROR service=renderer request_id=req-000543 user_id=1058 latency_ms=67 payload_bytes=799 path=/api/v1/logs/10 message="cat log benchmark line 543" trace=tr-00009231
2026-04-27T12:09:04.544Z level=TRACE service=gateway request_id=req-000544 user_id=1059 latency_ms=68 payload_bytes=800 path=/api/v1/logs/11 message="cat log benchmark line 544" trace=tr-00009248
2026-04-27T12:09:05.545Z level=INFO service=timeline request_id=req-000545 user_id=1060 latency_ms=69 payload_bytes=801 path=/api/v1/logs/12 message="cat log benchmark line 545" trace=tr-00009265
2026-04-27T12:09:06.546Z level=DEBUG service=session request_id=req-000546 user_id=1061 latency_ms=70 payload_bytes=802 path=/api/v1/logs/0 message="cat log benchmark line 546" trace=tr-00009282
2026-04-27T12:09:07.547Z level=WARN service=renderer request_id=req-000547 user_id=1062 latency_ms=71 payload_bytes=803 path=/api/v1/logs/1 message="cat log benchmark line 547" trace=tr-00009299
2026-04-27T12:09:08.548Z level=ERROR service=gateway request_id=req-000548 user_id=1063 latency_ms=72 payload_bytes=804 path=/api/v1/logs/2 message="cat log benchmark line 548" trace=tr-00009316
2026-04-27T12:09:09.549Z level=TRACE service=timeline request_id=req-000549 user_id=1064 latency_ms=73 payload_bytes=805 path=/api/v1/logs/3 message="cat log benchmark line 549" trace=tr-00009333
2026-04-27T12:09:10.550Z level=INFO service=session request_id=req-000550 user_id=1065 latency_ms=74 payload_bytes=806 path=/api/v1/logs/4 message="cat log benchmark line 550" trace=tr-00009350
2026-04-27T12:09:11.551Z level=DEBUG service=renderer request_id=req-000551 user_id=1066 latency_ms=75 payload_bytes=807 path=/api/v1/logs/5 message="cat log benchmark line 551" trace=tr-00009367
2026-04-27T12:09:12.552Z level=WARN service=gateway request_id=req-000552 user_id=1067 latency_ms=76 payload_bytes=808 path=/api/v1/logs/6 message="cat log benchmark line 552" trace=tr-00009384
2026-04-27T12:09:13.553Z level=ERROR service=timeline request_id=req-000553 user_id=1068 latency_ms=77 payload_bytes=809 path=/api/v1/logs/7 message="cat log benchmark line 553" trace=tr-00009401
2026-04-27T12:09:14.554Z level=TRACE service=session request_id=req-000554 user_id=1069 latency_ms=78 payload_bytes=810 path=/api/v1/logs/8 message="cat log benchmark line 554" trace=tr-00009418
2026-04-27T12:09:15.555Z level=INFO service=renderer request_id=req-000555 user_id=1070 latency_ms=79 payload_bytes=811 path=/api/v1/logs/9 message="cat log benchmark line 555" trace=tr-00009435
2026-04-27T12:09:16.556Z level=DEBUG service=gateway request_id=req-000556 user_id=1071 latency_ms=80 payload_bytes=812 path=/api/v1/logs/10 message="cat log benchmark line 556" trace=tr-00009452
2026-04-27T12:09:17.557Z level=WARN service=timeline request_id=req-000557 user_id=1072 latency_ms=81 payload_bytes=813 path=/api/v1/logs/11 message="cat log benchmark line 557" trace=tr-00009469
2026-04-27T12:09:18.558Z level=ERROR service=session request_id=req-000558 user_id=1073 latency_ms=82 payload_bytes=814 path=/api/v1/logs/12 message="cat log benchmark line 558" trace=tr-00009486
2026-04-27T12:09:19.559Z level=TRACE service=renderer request_id=req-000559 user_id=1074 latency_ms=83 payload_bytes=815 path=/api/v1/logs/0 message="cat log benchmark line 559" trace=tr-00009503
2026-04-27T12:09:20.560Z level=INFO service=gateway request_id=req-000560 user_id=1075 latency_ms=84 payload_bytes=816 path=/api/v1/logs/1 message="cat log benchmark line 560" trace=tr-00009520
2026-04-27T12:09:21.561Z level=DEBUG service=timeline request_id=req-000561 user_id=1076 latency_ms=85 payload_bytes=817 path=/api/v1/logs/2 message="cat log benchmark line 561" trace=tr-00009537
2026-04-27T12:09:22.562Z level=WARN service=session request_id=req-000562 user_id=1077 latency_ms=86 payload_bytes=818 path=/api/v1/logs/3 message="cat log benchmark line 562" trace=tr-00009554
2026-04-27T12:09:23.563Z level=ERROR service=renderer request_id=req-000563 user_id=1078 latency_ms=87 payload_bytes=819 path=/api/v1/logs/4 message="cat log benchmark line 563" trace=tr-00009571
2026-04-27T12:09:24.564Z level=TRACE service=gateway request_id=req-000564 user_id=1079 latency_ms=88 payload_bytes=820 path=/api/v1/logs/5 message="cat log benchmark line 564" trace=tr-00009588
2026-04-27T12:09:25.565Z level=INFO service=timeline request_id=req-000565 user_id=1080 latency_ms=89 payload_bytes=821 path=/api/v1/logs/6 message="cat log benchmark line 565" trace=tr-00009605
2026-04-27T12:09:26.566Z level=DEBUG service=session request_id=req-000566 user_id=1081 latency_ms=90 payload_bytes=822 path=/api/v1/logs/7 message="cat log benchmark line 566" trace=tr-00009622
2026-04-27T12:09:27.567Z level=WARN service=renderer request_id=req-000567 user_id=1082 latency_ms=91 payload_bytes=823 path=/api/v1/logs/8 message="cat log benchmark line 567" trace=tr-00009639
2026-04-27T12:09:28.568Z level=ERROR service=gateway request_id=req-000568 user_id=1083 latency_ms=92 payload_bytes=824 path=/api/v1/logs/9 message="cat log benchmark line 568" trace=tr-00009656
2026-04-27T12:09:29.569Z level=TRACE service=timeline request_id=req-000569 user_id=1084 latency_ms=93 payload_bytes=825 path=/api/v1/logs/10 message="cat log benchmark line 569" trace=tr-00009673
2026-04-27T12:09:30.570Z level=INFO service=session request_id=req-000570 user_id=1085 latency_ms=94 payload_bytes=826 path=/api/v1/logs/11 message="cat log benchmark line 570" trace=tr-00009690
2026-04-27T12:09:31.571Z level=DEBUG service=renderer request_id=req-000571 user_id=1086 latency_ms=95 payload_bytes=827 path=/api/v1/logs/12 message="cat log benchmark line 571" trace=tr-00009707
2026-04-27T12:09:32.572Z level=WARN service=gateway request_id=req-000572 user_id=1087 latency_ms=96 payload_bytes=828 path=/api/v1/logs/0 message="cat log benchmark line 572" trace=tr-00009724
2026-04-27T12:09:33.573Z level=ERROR service=timeline request_id=req-000573 user_id=1088 latency_ms=97 payload_bytes=829 path=/api/v1/logs/1 message="cat log benchmark line 573" trace=tr-00009741
2026-04-27T12:09:34.574Z level=TRACE service=session request_id=req-000574 user_id=1089 latency_ms=98 payload_bytes=830 path=/api/v1/logs/2 message="cat log benchmark line 574" trace=tr-00009758
2026-04-27T12:09:35.575Z level=INFO service=renderer request_id=req-000575 user_id=1090 latency_ms=99 payload_bytes=831 path=/api/v1/logs/3 message="cat log benchmark line 575" trace=tr-00009775
2026-04-27T12:09:36.576Z level=DEBUG service=gateway request_id=req-000576 user_id=1091 latency_ms=100 payload_bytes=832 path=/api/v1/logs/4 message="cat log benchmark line 576" trace=tr-00009792
2026-04-27T12:09:37.577Z level=WARN service=timeline request_id=req-000577 user_id=1092 latency_ms=101 payload_bytes=833 path=/api/v1/logs/5 message="cat log benchmark line 577" trace=tr-00009809
2026-04-27T12:09:38.578Z level=ERROR service=session request_id=req-000578 user_id=1093 latency_ms=102 payload_bytes=834 path=/api/v1/logs/6 message="cat log benchmark line 578" trace=tr-00009826
2026-04-27T12:09:39.579Z level=TRACE service=renderer request_id=req-000579 user_id=1094 latency_ms=103 payload_bytes=835 path=/api/v1/logs/7 message="cat log benchmark line 579" trace=tr-00009843
2026-04-27T12:09:40.580Z level=INFO service=gateway request_id=req-000580 user_id=1095 latency_ms=104 payload_bytes=836 path=/api/v1/logs/8 message="cat log benchmark line 580" trace=tr-00009860
2026-04-27T12:09:41.581Z level=DEBUG service=timeline request_id=req-000581 user_id=1096 latency_ms=105 payload_bytes=837 path=/api/v1/logs/9 message="cat log benchmark line 581" trace=tr-00009877
2026-04-27T12:09:42.582Z level=WARN service=session request_id=req-000582 user_id=1000 latency_ms=106 payload_bytes=838 path=/api/v1/logs/10 message="cat log benchmark line 582" trace=tr-00009894
2026-04-27T12:09:43.583Z level=ERROR service=renderer request_id=req-000583 user_id=1001 latency_ms=107 payload_bytes=839 path=/api/v1/logs/11 message="cat log benchmark line 583" trace=tr-00009911
2026-04-27T12:09:44.584Z level=TRACE service=gateway request_id=req-000584 user_id=1002 latency_ms=108 payload_bytes=840 path=/api/v1/logs/12 message="cat log benchmark line 584" trace=tr-00009928
2026-04-27T12:09:45.585Z level=INFO service=timeline request_id=req-000585 user_id=1003 latency_ms=109 payload_bytes=841 path=/api/v1/logs/0 message="cat log benchmark line 585" trace=tr-00009945
2026-04-27T12:09:46.586Z level=DEBUG service=session request_id=req-000586 user_id=1004 latency_ms=110 payload_bytes=842 path=/api/v1/logs/1 message="cat log benchmark line 586" trace=tr-00009962
2026-04-27T12:09:47.587Z level=WARN service=renderer request_id=req-000587 user_id=1005 latency_ms=111 payload_bytes=843 path=/api/v1/logs/2 message="cat log benchmark line 587" trace=tr-00009979
2026-04-27T12:09:48.588Z level=ERROR service=gateway request_id=req-000588 user_id=1006 latency_ms=112 payload_bytes=844 path=/api/v1/logs/3 message="cat log benchmark line 588" trace=tr-00009996
2026-04-27T12:09:49.589Z level=TRACE service=timeline request_id=req-000589 user_id=1007 latency_ms=113 payload_bytes=845 path=/api/v1/logs/4 message="cat log benchmark line 589" trace=tr-00010013
2026-04-27T12:09:50.590Z level=INFO service=session request_id=req-000590 user_id=1008 latency_ms=114 payload_bytes=846 path=/api/v1/logs/5 message="cat log benchmark line 590" trace=tr-00010030
2026-04-27T12:09:51.591Z level=DEBUG service=renderer request_id=req-000591 user_id=1009 latency_ms=115 payload_bytes=847 path=/api/v1/logs/6 message="cat log benchmark line 591" trace=tr-00010047
2026-04-27T12:09:52.592Z level=WARN service=gateway request_id=req-000592 user_id=1010 latency_ms=116 payload_bytes=848 path=/api/v1/logs/7 message="cat log benchmark line 592" trace=tr-00010064
2026-04-27T12:09:53.593Z level=ERROR service=timeline request_id=req-000593 user_id=1011 latency_ms=117 payload_bytes=849 path=/api/v1/logs/8 message="cat log benchmark line 593" trace=tr-00010081
2026-04-27T12:09:54.594Z level=TRACE service=session request_id=req-000594 user_id=1012 latency_ms=118 payload_bytes=850 path=/api/v1/logs/9 message="cat log benchmark line 594" trace=tr-00010098
2026-04-27T12:09:55.595Z level=INFO service=renderer request_id=req-000595 user_id=1013 latency_ms=119 payload_bytes=851 path=/api/v1/logs/10 message="cat log benchmark line 595" trace=tr-00010115
2026-04-27T12:09:56.596Z level=DEBUG service=gateway request_id=req-000596 user_id=1014 latency_ms=120 payload_bytes=852 path=/api/v1/logs/11 message="cat log benchmark line 596" trace=tr-00010132
2026-04-27T12:09:57.597Z level=WARN service=timeline request_id=req-000597 user_id=1015 latency_ms=121 payload_bytes=853 path=/api/v1/logs/12 message="cat log benchmark line 597" trace=tr-00010149
2026-04-27T12:09:58.598Z level=ERROR service=session request_id=req-000598 user_id=1016 latency_ms=122 payload_bytes=854 path=/api/v1/logs/0 message="cat log benchmark line 598" trace=tr-00010166
2026-04-27T12:09:59.599Z level=TRACE service=renderer request_id=req-000599 user_id=1017 latency_ms=123 payload_bytes=855 path=/api/v1/logs/1 message="cat log benchmark line 599" trace=tr-00010183
2026-04-27T12:10:00.600Z level=INFO service=gateway request_id=req-000600 user_id=1018 latency_ms=124 payload_bytes=856 path=/api/v1/logs/2 message="cat log benchmark line 600" trace=tr-00010200
2026-04-27T12:10:01.601Z level=DEBUG service=timeline request_id=req-000601 user_id=1019 latency_ms=125 payload_bytes=857 path=/api/v1/logs/3 message="cat log benchmark line 601" trace=tr-00010217
2026-04-27T12:10:02.602Z level=WARN service=session request_id=req-000602 user_id=1020 latency_ms=126 payload_bytes=858 path=/api/v1/logs/4 message="cat log benchmark line 602" trace=tr-00010234
2026-04-27T12:10:03.603Z level=ERROR service=renderer request_id=req-000603 user_id=1021 latency_ms=127 payload_bytes=859 path=/api/v1/logs/5 message="cat log benchmark line 603" trace=tr-00010251
2026-04-27T12:10:04.604Z level=TRACE service=gateway request_id=req-000604 user_id=1022 latency_ms=128 payload_bytes=860 path=/api/v1/logs/6 message="cat log benchmark line 604" trace=tr-00010268
2026-04-27T12:10:05.605Z level=INFO service=timeline request_id=req-000605 user_id=1023 latency_ms=129 payload_bytes=861 path=/api/v1/logs/7 message="cat log benchmark line 605" trace=tr-00010285
2026-04-27T12:10:06.606Z level=DEBUG service=session request_id=req-000606 user_id=1024 latency_ms=130 payload_bytes=862 path=/api/v1/logs/8 message="cat log benchmark line 606" trace=tr-00010302
2026-04-27T12:10:07.607Z level=WARN service=renderer request_id=req-000607 user_id=1025 latency_ms=131 payload_bytes=863 path=/api/v1/logs/9 message="cat log benchmark line 607" trace=tr-00010319
2026-04-27T12:10:08.608Z level=ERROR service=gateway request_id=req-000608 user_id=1026 latency_ms=132 payload_bytes=864 path=/api/v1/logs/10 message="cat log benchmark line 608" trace=tr-00010336
2026-04-27T12:10:09.609Z level=TRACE service=timeline request_id=req-000609 user_id=1027 latency_ms=133 payload_bytes=865 path=/api/v1/logs/11 message="cat log benchmark line 609" trace=tr-00010353
2026-04-27T12:10:10.610Z level=INFO service=session request_id=req-000610 user_id=1028 latency_ms=134 payload_bytes=866 path=/api/v1/logs/12 message="cat log benchmark line 610" trace=tr-00010370
2026-04-27T12:10:11.611Z level=DEBUG service=renderer request_id=req-000611 user_id=1029 latency_ms=135 payload_bytes=867 path=/api/v1/logs/0 message="cat log benchmark line 611" trace=tr-00010387
2026-04-27T12:10:12.612Z level=WARN service=gateway request_id=req-000612 user_id=1030 latency_ms=136 payload_bytes=868 path=/api/v1/logs/1 message="cat log benchmark line 612" trace=tr-00010404
2026-04-27T12:10:13.613Z level=ERROR service=timeline request_id=req-000613 user_id=1031 latency_ms=137 payload_bytes=869 path=/api/v1/logs/2 message="cat log benchmark line 613" trace=tr-00010421
2026-04-27T12:10:14.614Z level=TRACE service=session request_id=req-000614 user_id=1032 latency_ms=138 payload_bytes=870 path=/api/v1/logs/3 message="cat log benchmark line 614" trace=tr-00010438
2026-04-27T12:10:15.615Z level=INFO service=renderer request_id=req-000615 user_id=1033 latency_ms=139 payload_bytes=871 path=/api/v1/logs/4 message="cat log benchmark line 615" trace=tr-00010455
2026-04-27T12:10:16.616Z level=DEBUG service=gateway request_id=req-000616 user_id=1034 latency_ms=140 payload_bytes=872 path=/api/v1/logs/5 message="cat log benchmark line 616" trace=tr-00010472
2026-04-27T12:10:17.617Z level=WARN service=timeline request_id=req-000617 user_id=1035 latency_ms=141 payload_bytes=873 path=/api/v1/logs/6 message="cat log benchmark line 617" trace=tr-00010489
2026-04-27T12:10:18.618Z level=ERROR service=session request_id=req-000618 user_id=1036 latency_ms=142 payload_bytes=874 path=/api/v1/logs/7 message="cat log benchmark line 618" trace=tr-00010506
2026-04-27T12:10:19.619Z level=TRACE service=renderer request_id=req-000619 user_id=1037 latency_ms=143 payload_bytes=875 path=/api/v1/logs/8 message="cat log benchmark line 619" trace=tr-00010523
2026-04-27T12:10:20.620Z level=INFO service=gateway request_id=req-000620 user_id=1038 latency_ms=144 payload_bytes=876 path=/api/v1/logs/9 message="cat log benchmark line 620" trace=tr-00010540
2026-04-27T12:10:21.621Z level=DEBUG service=timeline request_id=req-000621 user_id=1039 latency_ms=145 payload_bytes=877 path=/api/v1/logs/10 message="cat log benchmark line 621" trace=tr-00010557
2026-04-27T12:10:22.622Z level=WARN service=session request_id=req-000622 user_id=1040 latency_ms=146 payload_bytes=878 path=/api/v1/logs/11 message="cat log benchmark line 622" trace=tr-00010574
2026-04-27T12:10:23.623Z level=ERROR service=renderer request_id=req-000623 user_id=1041 latency_ms=147 payload_bytes=879 path=/api/v1/logs/12 message="cat log benchmark line 623" trace=tr-00010591
2026-04-27T12:10:24.624Z level=TRACE service=gateway request_id=req-000624 user_id=1042 latency_ms=148 payload_bytes=880 path=/api/v1/logs/0 message="cat log benchmark line 624" trace=tr-00010608
2026-04-27T12:10:25.625Z level=INFO service=timeline request_id=req-000625 user_id=1043 latency_ms=149 payload_bytes=881 path=/api/v1/logs/1 message="cat log benchmark line 625" trace=tr-00010625
2026-04-27T12:10:26.626Z level=DEBUG service=session request_id=req-000626 user_id=1044 latency_ms=150 payload_bytes=882 path=/api/v1/logs/2 message="cat log benchmark line 626" trace=tr-00010642
2026-04-27T12:10:27.627Z level=WARN service=renderer request_id=req-000627 user_id=1045 latency_ms=151 payload_bytes=883 path=/api/v1/logs/3 message="cat log benchmark line 627" trace=tr-00010659
2026-04-27T12:10:28.628Z level=ERROR service=gateway request_id=req-000628 user_id=1046 latency_ms=152 payload_bytes=884 path=/api/v1/logs/4 message="cat log benchmark line 628" trace=tr-00010676
2026-04-27T12:10:29.629Z level=TRACE service=timeline request_id=req-000629 user_id=1047 latency_ms=153 payload_bytes=885 path=/api/v1/logs/5 message="cat log benchmark line 629" trace=tr-00010693
2026-04-27T12:10:30.630Z level=INFO service=session request_id=req-000630 user_id=1048 latency_ms=154 payload_bytes=886 path=/api/v1/logs/6 message="cat log benchmark line 630" trace=tr-00010710
2026-04-27T12:10:31.631Z level=DEBUG service=renderer request_id=req-000631 user_id=1049 latency_ms=155 payload_bytes=887 path=/api/v1/logs/7 message="cat log benchmark line 631" trace=tr-00010727
2026-04-27T12:10:32.632Z level=WARN service=gateway request_id=req-000632 user_id=1050 latency_ms=156 payload_bytes=888 path=/api/v1/logs/8 message="cat log benchmark line 632" trace=tr-00010744
2026-04-27T12:10:33.633Z level=ERROR service=timeline request_id=req-000633 user_id=1051 latency_ms=157 payload_bytes=889 path=/api/v1/logs/9 message="cat log benchmark line 633" trace=tr-00010761
2026-04-27T12:10:34.634Z level=TRACE service=session request_id=req-000634 user_id=1052 latency_ms=158 payload_bytes=890 path=/api/v1/logs/10 message="cat log benchmark line 634" trace=tr-00010778
2026-04-27T12:10:35.635Z level=INFO service=renderer request_id=req-000635 user_id=1053 latency_ms=159 payload_bytes=891 path=/api/v1/logs/11 message="cat log benchmark line 635" trace=tr-00010795
2026-04-27T12:10:36.636Z level=DEBUG service=gateway request_id=req-000636 user_id=1054 latency_ms=160 payload_bytes=892 path=/api/v1/logs/12 message="cat log benchmark line 636" trace=tr-00010812
2026-04-27T12:10:37.637Z level=WARN service=timeline request_id=req-000637 user_id=1055 latency_ms=161 payload_bytes=893 path=/api/v1/logs/0 message="cat log benchmark line 637" trace=tr-00010829
2026-04-27T12:10:38.638Z level=ERROR service=session request_id=req-000638 user_id=1056 latency_ms=162 payload_bytes=894 path=/api/v1/logs/1 message="cat log benchmark line 638" trace=tr-00010846
2026-04-27T12:10:39.639Z level=TRACE service=renderer request_id=req-000639 user_id=1057 latency_ms=163 payload_bytes=895 path=/api/v1/logs/2 message="cat log benchmark line 639" trace=tr-00010863
2026-04-27T12:10:40.640Z level=INFO service=gateway request_id=req-000640 user_id=1058 latency_ms=164 payload_bytes=896 path=/api/v1/logs/3 message="cat log benchmark line 640" trace=tr-00010880
2026-04-27T12:10:41.641Z level=DEBUG service=timeline request_id=req-000641 user_id=1059 latency_ms=165 payload_bytes=897 path=/api/v1/logs/4 message="cat log benchmark line 641" trace=tr-00010897
2026-04-27T12:10:42.642Z level=WARN service=session request_id=req-000642 user_id=1060 latency_ms=166 payload_bytes=898 path=/api/v1/logs/5 message="cat log benchmark line 642" trace=tr-00010914
2026-04-27T12:10:43.643Z level=ERROR service=renderer request_id=req-000643 user_id=1061 latency_ms=167 payload_bytes=899 path=/api/v1/logs/6 message="cat log benchmark line 643" trace=tr-00010931
2026-04-27T12:10:44.644Z level=TRACE service=gateway request_id=req-000644 user_id=1062 latency_ms=168 payload_bytes=900 path=/api/v1/logs/7 message="cat log benchmark line 644" trace=tr-00010948
2026-04-27T12:10:45.645Z level=INFO service=timeline request_id=req-000645 user_id=1063 latency_ms=169 payload_bytes=901 path=/api/v1/logs/8 message="cat log benchmark line 645" trace=tr-00010965
2026-04-27T12:10:46.646Z level=DEBUG service=session request_id=req-000646 user_id=1064 latency_ms=170 payload_bytes=902 path=/api/v1/logs/9 message="cat log benchmark line 646" trace=tr-00010982
2026-04-27T12:10:47.647Z level=WARN service=renderer request_id=req-000647 user_id=1065 latency_ms=171 payload_bytes=903 path=/api/v1/logs/10 message="cat log benchmark line 647" trace=tr-00010999
2026-04-27T12:10:48.648Z level=ERROR service=gateway request_id=req-000648 user_id=1066 latency_ms=172 payload_bytes=904 path=/api/v1/logs/11 message="cat log benchmark line 648" trace=tr-00011016
2026-04-27T12:10:49.649Z level=TRACE service=timeline request_id=req-000649 user_id=1067 latency_ms=173 payload_bytes=905 path=/api/v1/logs/12 message="cat log benchmark line 649" trace=tr-00011033
2026-04-27T12:10:50.650Z level=INFO service=session request_id=req-000650 user_id=1068 latency_ms=174 payload_bytes=906 path=/api/v1/logs/0 message="cat log benchmark line 650" trace=tr-00011050
2026-04-27T12:10:51.651Z level=DEBUG service=renderer request_id=req-000651 user_id=1069 latency_ms=175 payload_bytes=907 path=/api/v1/logs/1 message="cat log benchmark line 651" trace=tr-00011067
2026-04-27T12:10:52.652Z level=WARN service=gateway request_id=req-000652 user_id=1070 latency_ms=176 payload_bytes=908 path=/api/v1/logs/2 message="cat log benchmark line 652" trace=tr-00011084
2026-04-27T12:10:53.653Z level=ERROR service=timeline request_id=req-000653 user_id=1071 latency_ms=177 payload_bytes=909 path=/api/v1/logs/3 message="cat log benchmark line 653" trace=tr-00011101
2026-04-27T12:10:54.654Z level=TRACE service=session request_id=req-000654 user_id=1072 latency_ms=178 payload_bytes=910 path=/api/v1/logs/4 message="cat log benchmark line 654" trace=tr-00011118
2026-04-27T12:10:55.655Z level=INFO service=renderer request_id=req-000655 user_id=1073 latency_ms=179 payload_bytes=911 path=/api/v1/logs/5 message="cat log benchmark line 655" trace=tr-00011135
2026-04-27T12:10:56.656Z level=DEBUG service=gateway request_id=req-000656 user_id=1074 latency_ms=180 payload_bytes=912 path=/api/v1/logs/6 message="cat log benchmark line 656" trace=tr-00011152
2026-04-27T12:10:57.657Z level=WARN service=timeline request_id=req-000657 user_id=1075 latency_ms=181 payload_bytes=913 path=/api/v1/logs/7 message="cat log benchmark line 657" trace=tr-00011169
2026-04-27T12:10:58.658Z level=ERROR service=session request_id=req-000658 user_id=1076 latency_ms=182 payload_bytes=914 path=/api/v1/logs/8 message="cat log benchmark line 658" trace=tr-00011186
2026-04-27T12:10:59.659Z level=TRACE service=renderer request_id=req-000659 user_id=1077 latency_ms=183 payload_bytes=915 path=/api/v1/logs/9 message="cat log benchmark line 659" trace=tr-00011203
2026-04-27T12:11:00.660Z level=INFO service=gateway request_id=req-000660 user_id=1078 latency_ms=184 payload_bytes=916 path=/api/v1/logs/10 message="cat log benchmark line 660" trace=tr-00011220
2026-04-27T12:11:01.661Z level=DEBUG service=timeline request_id=req-000661 user_id=1079 latency_ms=185 payload_bytes=917 path=/api/v1/logs/11 message="cat log benchmark line 661" trace=tr-00011237
2026-04-27T12:11:02.662Z level=WARN service=session request_id=req-000662 user_id=1080 latency_ms=186 payload_bytes=918 path=/api/v1/logs/12 message="cat log benchmark line 662" trace=tr-00011254
2026-04-27T12:11:03.663Z level=ERROR service=renderer request_id=req-000663 user_id=1081 latency_ms=187 payload_bytes=919 path=/api/v1/logs/0 message="cat log benchmark line 663" trace=tr-00011271
2026-04-27T12:11:04.664Z level=TRACE service=gateway request_id=req-000664 user_id=1082 latency_ms=188 payload_bytes=920 path=/api/v1/logs/1 message="cat log benchmark line 664" trace=tr-00011288
2026-04-27T12:11:05.665Z level=INFO service=timeline request_id=req-000665 user_id=1083 latency_ms=189 payload_bytes=921 path=/api/v1/logs/2 message="cat log benchmark line 665" trace=tr-00011305
2026-04-27T12:11:06.666Z level=DEBUG service=session request_id=req-000666 user_id=1084 latency_ms=190 payload_bytes=922 path=/api/v1/logs/3 message="cat log benchmark line 666" trace=tr-00011322
2026-04-27T12:11:07.667Z level=WARN service=renderer request_id=req-000667 user_id=1085 latency_ms=191 payload_bytes=923 path=/api/v1/logs/4 message="cat log benchmark line 667" trace=tr-00011339
2026-04-27T12:11:08.668Z level=ERROR service=gateway request_id=req-000668 user_id=1086 latency_ms=192 payload_bytes=924 path=/api/v1/logs/5 message="cat log benchmark line 668" trace=tr-00011356
2026-04-27T12:11:09.669Z level=TRACE service=timeline request_id=req-000669 user_id=1087 latency_ms=193 payload_bytes=925 path=/api/v1/logs/6 message="cat log benchmark line 669" trace=tr-00011373
2026-04-27T12:11:10.670Z level=INFO service=session request_id=req-000670 user_id=1088 latency_ms=194 payload_bytes=926 path=/api/v1/logs/7 message="cat log benchmark line 670" trace=tr-00011390
2026-04-27T12:11:11.671Z level=DEBUG service=renderer request_id=req-000671 user_id=1089 latency_ms=195 payload_bytes=927 path=/api/v1/logs/8 message="cat log benchmark line 671" trace=tr-00011407
2026-04-27T12:11:12.672Z level=WARN service=gateway request_id=req-000672 user_id=1090 latency_ms=196 payload_bytes=928 path=/api/v1/logs/9 message="cat log benchmark line 672" trace=tr-00011424
2026-04-27T12:11:13.673Z level=ERROR service=timeline request_id=req-000673 user_id=1091 latency_ms=197 payload_bytes=929 path=/api/v1/logs/10 message="cat log benchmark line 673" trace=tr-00011441
2026-04-27T12:11:14.674Z level=TRACE service=session request_id=req-000674 user_id=1092 latency_ms=198 payload_bytes=930 path=/api/v1/logs/11 message="cat log benchmark line 674" trace=tr-00011458
2026-04-27T12:11:15.675Z level=INFO service=renderer request_id=req-000675 user_id=1093 latency_ms=199 payload_bytes=931 path=/api/v1/logs/12 message="cat log benchmark line 675" trace=tr-00011475
2026-04-27T12:11:16.676Z level=DEBUG service=gateway request_id=req-000676 user_id=1094 latency_ms=200 payload_bytes=932 path=/api/v1/logs/0 message="cat log benchmark line 676" trace=tr-00011492
2026-04-27T12:11:17.677Z level=WARN service=timeline request_id=req-000677 user_id=1095 latency_ms=201 payload_bytes=933 path=/api/v1/logs/1 message="cat log benchmark line 677" trace=tr-00011509
2026-04-27T12:11:18.678Z level=ERROR service=session request_id=req-000678 user_id=1096 latency_ms=202 payload_bytes=934 path=/api/v1/logs/2 message="cat log benchmark line 678" trace=tr-00011526
2026-04-27T12:11:19.679Z level=TRACE service=renderer request_id=req-000679 user_id=1000 latency_ms=203 payload_bytes=935 path=/api/v1/logs/3 message="cat log benchmark line 679" trace=tr-00011543
2026-04-27T12:11:20.680Z level=INFO service=gateway request_id=req-000680 user_id=1001 latency_ms=204 payload_bytes=936 path=/api/v1/logs/4 message="cat log benchmark line 680" trace=tr-00011560
2026-04-27T12:11:21.681Z level=DEBUG service=timeline request_id=req-000681 user_id=1002 latency_ms=205 payload_bytes=937 path=/api/v1/logs/5 message="cat log benchmark line 681" trace=tr-00011577
2026-04-27T12:11:22.682Z level=WARN service=session request_id=req-000682 user_id=1003 latency_ms=206 payload_bytes=938 path=/api/v1/logs/6 message="cat log benchmark line 682" trace=tr-00011594
2026-04-27T12:11:23.683Z level=ERROR service=renderer request_id=req-000683 user_id=1004 latency_ms=207 payload_bytes=939 path=/api/v1/logs/7 message="cat log benchmark line 683" trace=tr-00011611
2026-04-27T12:11:24.684Z level=TRACE service=gateway request_id=req-000684 user_id=1005 latency_ms=208 payload_bytes=940 path=/api/v1/logs/8 message="cat log benchmark line 684" trace=tr-00011628
2026-04-27T12:11:25.685Z level=INFO service=timeline request_id=req-000685 user_id=1006 latency_ms=209 payload_bytes=941 path=/api/v1/logs/9 message="cat log benchmark line 685" trace=tr-00011645
2026-04-27T12:11:26.686Z level=DEBUG service=session request_id=req-000686 user_id=1007 latency_ms=210 payload_bytes=942 path=/api/v1/logs/10 message="cat log benchmark line 686" trace=tr-00011662
2026-04-27T12:11:27.687Z level=WARN service=renderer request_id=req-000687 user_id=1008 latency_ms=211 payload_bytes=943 path=/api/v1/logs/11 message="cat log benchmark line 687" trace=tr-00011679
2026-04-27T12:11:28.688Z level=ERROR service=gateway request_id=req-000688 user_id=1009 latency_ms=212 payload_bytes=944 path=/api/v1/logs/12 message="cat log benchmark line 688" trace=tr-00011696
2026-04-27T12:11:29.689Z level=TRACE service=timeline request_id=req-000689 user_id=1010 latency_ms=213 payload_bytes=945 path=/api/v1/logs/0 message="cat log benchmark line 689" trace=tr-00011713
2026-04-27T12:11:30.690Z level=INFO service=session request_id=req-000690 user_id=1011 latency_ms=214 payload_bytes=946 path=/api/v1/logs/1 message="cat log benchmark line 690" trace=tr-00011730
2026-04-27T12:11:31.691Z level=DEBUG service=renderer request_id=req-000691 user_id=1012 latency_ms=215 payload_bytes=947 path=/api/v1/logs/2 message="cat log benchmark line 691" trace=tr-00011747
2026-04-27T12:11:32.692Z level=WARN service=gateway request_id=req-000692 user_id=1013 latency_ms=216 payload_bytes=948 path=/api/v1/logs/3 message="cat log benchmark line 692" trace=tr-00011764
2026-04-27T12:11:33.693Z level=ERROR service=timeline request_id=req-000693 user_id=1014 latency_ms=217 payload_bytes=949 path=/api/v1/logs/4 message="cat log benchmark line 693" trace=tr-00011781
2026-04-27T12:11:34.694Z level=TRACE service=session request_id=req-000694 user_id=1015 latency_ms=218 payload_bytes=950 path=/api/v1/logs/5 message="cat log benchmark line 694" trace=tr-00011798
2026-04-27T12:11:35.695Z level=INFO service=renderer request_id=req-000695 user_id=1016 latency_ms=219 payload_bytes=951 path=/api/v1/logs/6 message="cat log benchmark line 695" trace=tr-00011815
2026-04-27T12:11:36.696Z level=DEBUG service=gateway request_id=req-000696 user_id=1017 latency_ms=220 payload_bytes=952 path=/api/v1/logs/7 message="cat log benchmark line 696" trace=tr-00011832
2026-04-27T12:11:37.697Z level=WARN service=timeline request_id=req-000697 user_id=1018 latency_ms=221 payload_bytes=953 path=/api/v1/logs/8 message="cat log benchmark line 697" trace=tr-00011849
2026-04-27T12:11:38.698Z level=ERROR service=session request_id=req-000698 user_id=1019 latency_ms=222 payload_bytes=954 path=/api/v1/logs/9 message="cat log benchmark line 698" trace=tr-00011866
2026-04-27T12:11:39.699Z level=TRACE service=renderer request_id=req-000699 user_id=1020 latency_ms=223 payload_bytes=955 path=/api/v1/logs/10 message="cat log benchmark line 699" trace=tr-00011883
2026-04-27T12:11:40.700Z level=INFO service=gateway request_id=req-000700 user_id=1021 latency_ms=224 payload_bytes=956 path=/api/v1/logs/11 message="cat log benchmark line 700" trace=tr-00011900
2026-04-27T12:11:41.701Z level=DEBUG service=timeline request_id=req-000701 user_id=1022 latency_ms=225 payload_bytes=957 path=/api/v1/logs/12 message="cat log benchmark line 701" trace=tr-00011917
2026-04-27T12:11:42.702Z level=WARN service=session request_id=req-000702 user_id=1023 latency_ms=226 payload_bytes=958 path=/api/v1/logs/0 message="cat log benchmark line 702" trace=tr-00011934
2026-04-27T12:11:43.703Z level=ERROR service=renderer request_id=req-000703 user_id=1024 latency_ms=227 payload_bytes=959 path=/api/v1/logs/1 message="cat log benchmark line 703" trace=tr-00011951
2026-04-27T12:11:44.704Z level=TRACE service=gateway request_id=req-000704 user_id=1025 latency_ms=228 payload_bytes=960 path=/api/v1/logs/2 message="cat log benchmark line 704" trace=tr-00011968
2026-04-27T12:11:45.705Z level=INFO service=timeline request_id=req-000705 user_id=1026 latency_ms=229 payload_bytes=961 path=/api/v1/logs/3 message="cat log benchmark line 705" trace=tr-00011985
2026-04-27T12:11:46.706Z level=DEBUG service=session request_id=req-000706 user_id=1027 latency_ms=230 payload_bytes=962 path=/api/v1/logs/4 message="cat log benchmark line 706" trace=tr-00012002
2026-04-27T12:11:47.707Z level=WARN service=renderer request_id=req-000707 user_id=1028 latency_ms=231 payload_bytes=963 path=/api/v1/logs/5 message="cat log benchmark line 707" trace=tr-00012019
2026-04-27T12:11:48.708Z level=ERROR service=gateway request_id=req-000708 user_id=1029 latency_ms=232 payload_bytes=964 path=/api/v1/logs/6 message="cat log benchmark line 708" trace=tr-00012036
2026-04-27T12:11:49.709Z level=TRACE service=timeline request_id=req-000709 user_id=1030 latency_ms=233 payload_bytes=965 path=/api/v1/logs/7 message="cat log benchmark line 709" trace=tr-00012053
2026-04-27T12:11:50.710Z level=INFO service=session request_id=req-000710 user_id=1031 latency_ms=234 payload_bytes=966 path=/api/v1/logs/8 message="cat log benchmark line 710" trace=tr-00012070
2026-04-27T12:11:51.711Z level=DEBUG service=renderer request_id=req-000711 user_id=1032 latency_ms=235 payload_bytes=967 path=/api/v1/logs/9 message="cat log benchmark line 711" trace=tr-00012087
2026-04-27T12:11:52.712Z level=WARN service=gateway request_id=req-000712 user_id=1033 latency_ms=236 payload_bytes=968 path=/api/v1/logs/10 message="cat log benchmark line 712" trace=tr-00012104
2026-04-27T12:11:53.713Z level=ERROR service=timeline request_id=req-000713 user_id=1034 latency_ms=237 payload_bytes=969 path=/api/v1/logs/11 message="cat log benchmark line 713" trace=tr-00012121
2026-04-27T12:11:54.714Z level=TRACE service=session request_id=req-000714 user_id=1035 latency_ms=238 payload_bytes=970 path=/api/v1/logs/12 message="cat log benchmark line 714" trace=tr-00012138
2026-04-27T12:11:55.715Z level=INFO service=renderer request_id=req-000715 user_id=1036 latency_ms=239 payload_bytes=971 path=/api/v1/logs/0 message="cat log benchmark line 715" trace=tr-00012155
2026-04-27T12:11:56.716Z level=DEBUG service=gateway request_id=req-000716 user_id=1037 latency_ms=240 payload_bytes=972 path=/api/v1/logs/1 message="cat log benchmark line 716" trace=tr-00012172
2026-04-27T12:11:57.717Z level=WARN service=timeline request_id=req-000717 user_id=1038 latency_ms=241 payload_bytes=973 path=/api/v1/logs/2 message="cat log benchmark line 717" trace=tr-00012189
2026-04-27T12:11:58.718Z level=ERROR service=session request_id=req-000718 user_id=1039 latency_ms=242 payload_bytes=974 path=/api/v1/logs/3 message="cat log benchmark line 718" trace=tr-00012206
2026-04-27T12:11:59.719Z level=TRACE service=renderer request_id=req-000719 user_id=1040 latency_ms=243 payload_bytes=975 path=/api/v1/logs/4 message="cat log benchmark line 719" trace=tr-00012223
2026-04-27T12:12:00.720Z level=INFO service=gateway request_id=req-000720 user_id=1041 latency_ms=4 payload_bytes=976 path=/api/v1/logs/5 message="cat log benchmark line 720" trace=tr-00012240
2026-04-27T12:12:01.721Z level=DEBUG service=timeline request_id=req-000721 user_id=1042 latency_ms=5 payload_bytes=977 path=/api/v1/logs/6 message="cat log benchmark line 721" trace=tr-00012257
2026-04-27T12:12:02.722Z level=WARN service=session request_id=req-000722 user_id=1043 latency_ms=6 payload_bytes=978 path=/api/v1/logs/7 message="cat log benchmark line 722" trace=tr-00012274
2026-04-27T12:12:03.723Z level=ERROR service=renderer request_id=req-000723 user_id=1044 latency_ms=7 payload_bytes=979 path=/api/v1/logs/8 message="cat log benchmark line 723" trace=tr-00012291
2026-04-27T12:12:04.724Z level=TRACE service=gateway request_id=req-000724 user_id=1045 latency_ms=8 payload_bytes=980 path=/api/v1/logs/9 message="cat log benchmark line 724" trace=tr-00012308
2026-04-27T12:12:05.725Z level=INFO service=timeline request_id=req-000725 user_id=1046 latency_ms=9 payload_bytes=981 path=/api/v1/logs/10 message="cat log benchmark line 725" trace=tr-00012325
2026-04-27T12:12:06.726Z level=DEBUG service=session request_id=req-000726 user_id=1047 latency_ms=10 payload_bytes=982 path=/api/v1/logs/11 message="cat log benchmark line 726" trace=tr-00012342
2026-04-27T12:12:07.727Z level=WARN service=renderer request_id=req-000727 user_id=1048 latency_ms=11 payload_bytes=983 path=/api/v1/logs/12 message="cat log benchmark line 727" trace=tr-00012359
2026-04-27T12:12:08.728Z level=ERROR service=gateway request_id=req-000728 user_id=1049 latency_ms=12 payload_bytes=984 path=/api/v1/logs/0 message="cat log benchmark line 728" trace=tr-00012376
2026-04-27T12:12:09.729Z level=TRACE service=timeline request_id=req-000729 user_id=1050 latency_ms=13 payload_bytes=985 path=/api/v1/logs/1 message="cat log benchmark line 729" trace=tr-00012393
2026-04-27T12:12:10.730Z level=INFO service=session request_id=req-000730 user_id=1051 latency_ms=14 payload_bytes=986 path=/api/v1/logs/2 message="cat log benchmark line 730" trace=tr-00012410
2026-04-27T12:12:11.731Z level=DEBUG service=renderer request_id=req-000731 user_id=1052 latency_ms=15 payload_bytes=987 path=/api/v1/logs/3 message="cat log benchmark line 731" trace=tr-00012427
2026-04-27T12:12:12.732Z level=WARN service=gateway request_id=req-000732 user_id=1053 latency_ms=16 payload_bytes=988 path=/api/v1/logs/4 message="cat log benchmark line 732" trace=tr-00012444
2026-04-27T12:12:13.733Z level=ERROR service=timeline request_id=req-000733 user_id=1054 latency_ms=17 payload_bytes=989 path=/api/v1/logs/5 message="cat log benchmark line 733" trace=tr-00012461
2026-04-27T12:12:14.734Z level=TRACE service=session request_id=req-000734 user_id=1055 latency_ms=18 payload_bytes=990 path=/api/v1/logs/6 message="cat log benchmark line 734" trace=tr-00012478
2026-04-27T12:12:15.735Z level=INFO service=renderer request_id=req-000735 user_id=1056 latency_ms=19 payload_bytes=991 path=/api/v1/logs/7 message="cat log benchmark line 735" trace=tr-00012495
2026-04-27T12:12:16.736Z level=DEBUG service=gateway request_id=req-000736 user_id=1057 latency_ms=20 payload_bytes=992 path=/api/v1/logs/8 message="cat log benchmark line 736" trace=tr-00012512
2026-04-27T12:12:17.737Z level=WARN service=timeline request_id=req-000737 user_id=1058 latency_ms=21 payload_bytes=993 path=/api/v1/logs/9 message="cat log benchmark line 737" trace=tr-00012529
2026-04-27T12:12:18.738Z level=ERROR service=session request_id=req-000738 user_id=1059 latency_ms=22 payload_bytes=994 path=/api/v1/logs/10 message="cat log benchmark line 738" trace=tr-00012546
2026-04-27T12:12:19.739Z level=TRACE service=renderer request_id=req-000739 user_id=1060 latency_ms=23 payload_bytes=995 path=/api/v1/logs/11 message="cat log benchmark line 739" trace=tr-00012563
2026-04-27T12:12:20.740Z level=INFO service=gateway request_id=req-000740 user_id=1061 latency_ms=24 payload_bytes=996 path=/api/v1/logs/12 message="cat log benchmark line 740" trace=tr-00012580
2026-04-27T12:12:21.741Z level=DEBUG service=timeline request_id=req-000741 user_id=1062 latency_ms=25 payload_bytes=997 path=/api/v1/logs/0 message="cat log benchmark line 741" trace=tr-00012597
2026-04-27T12:12:22.742Z level=WARN service=session request_id=req-000742 user_id=1063 latency_ms=26 payload_bytes=998 path=/api/v1/logs/1 message="cat log benchmark line 742" trace=tr-00012614
2026-04-27T12:12:23.743Z level=ERROR service=renderer request_id=req-000743 user_id=1064 latency_ms=27 payload_bytes=999 path=/api/v1/logs/2 message="cat log benchmark line 743" trace=tr-00012631
2026-04-27T12:12:24.744Z level=TRACE service=gateway request_id=req-000744 user_id=1065 latency_ms=28 payload_bytes=1000 path=/api/v1/logs/3 message="cat log benchmark line 744" trace=tr-00012648
2026-04-27T12:12:25.745Z level=INFO service=timeline request_id=req-000745 user_id=1066 latency_ms=29 payload_bytes=1001 path=/api/v1/logs/4 message="cat log benchmark line 745" trace=tr-00012665
2026-04-27T12:12:26.746Z level=DEBUG service=session request_id=req-000746 user_id=1067 latency_ms=30 payload_bytes=1002 path=/api/v1/logs/5 message="cat log benchmark line 746" trace=tr-00012682
2026-04-27T12:12:27.747Z level=WARN service=renderer request_id=req-000747 user_id=1068 latency_ms=31 payload_bytes=1003 path=/api/v1/logs/6 message="cat log benchmark line 747" trace=tr-00012699
2026-04-27T12:12:28.748Z level=ERROR service=gateway request_id=req-000748 user_id=1069 latency_ms=32 payload_bytes=1004 path=/api/v1/logs/7 message="cat log benchmark line 748" trace=tr-00012716
2026-04-27T12:12:29.749Z level=TRACE service=timeline request_id=req-000749 user_id=1070 latency_ms=33 payload_bytes=1005 path=/api/v1/logs/8 message="cat log benchmark line 749" trace=tr-00012733
2026-04-27T12:12:30.750Z level=INFO service=session request_id=req-000750 user_id=1071 latency_ms=34 payload_bytes=1006 path=/api/v1/logs/9 message="cat log benchmark line 750" trace=tr-00012750
2026-04-27T12:12:31.751Z level=DEBUG service=renderer request_id=req-000751 user_id=1072 latency_ms=35 payload_bytes=1007 path=/api/v1/logs/10 message="cat log benchmark line 751" trace=tr-00012767
2026-04-27T12:12:32.752Z level=WARN service=gateway request_id=req-000752 user_id=1073 latency_ms=36 payload_bytes=1008 path=/api/v1/logs/11 message="cat log benchmark line 752" trace=tr-00012784
2026-04-27T12:12:33.753Z level=ERROR service=timeline request_id=req-000753 user_id=1074 latency_ms=37 payload_bytes=1009 path=/api/v1/logs/12 message="cat log benchmark line 753" trace=tr-00012801
2026-04-27T12:12:34.754Z level=TRACE service=session request_id=req-000754 user_id=1075 latency_ms=38 payload_bytes=1010 path=/api/v1/logs/0 message="cat log benchmark line 754" trace=tr-00012818
2026-04-27T12:12:35.755Z level=INFO service=renderer request_id=req-000755 user_id=1076 latency_ms=39 payload_bytes=1011 path=/api/v1/logs/1 message="cat log benchmark line 755" trace=tr-00012835
2026-04-27T12:12:36.756Z level=DEBUG service=gateway request_id=req-000756 user_id=1077 latency_ms=40 payload_bytes=1012 path=/api/v1/logs/2 message="cat log benchmark line 756" trace=tr-00012852
2026-04-27T12:12:37.757Z level=WARN service=timeline request_id=req-000757 user_id=1078 latency_ms=41 payload_bytes=1013 path=/api/v1/logs/3 message="cat log benchmark line 757" trace=tr-00012869
2026-04-27T12:12:38.758Z level=ERROR service=session request_id=req-000758 user_id=1079 latency_ms=42 payload_bytes=1014 path=/api/v1/logs/4 message="cat log benchmark line 758" trace=tr-00012886
2026-04-27T12:12:39.759Z level=TRACE service=renderer request_id=req-000759 user_id=1080 latency_ms=43 payload_bytes=1015 path=/api/v1/logs/5 message="cat log benchmark line 759" trace=tr-00012903
2026-04-27T12:12:40.760Z level=INFO service=gateway request_id=req-000760 user_id=1081 latency_ms=44 payload_bytes=1016 path=/api/v1/logs/6 message="cat log benchmark line 760" trace=tr-00012920
2026-04-27T12:12:41.761Z level=DEBUG service=timeline request_id=req-000761 user_id=1082 latency_ms=45 payload_bytes=1017 path=/api/v1/logs/7 message="cat log benchmark line 761" trace=tr-00012937
2026-04-27T12:12:42.762Z level=WARN service=session request_id=req-000762 user_id=1083 latency_ms=46 payload_bytes=1018 path=/api/v1/logs/8 message="cat log benchmark line 762" trace=tr-00012954
2026-04-27T12:12:43.763Z level=ERROR service=renderer request_id=req-000763 user_id=1084 latency_ms=47 payload_bytes=1019 path=/api/v1/logs/9 message="cat log benchmark line 763" trace=tr-00012971
2026-04-27T12:12:44.764Z level=TRACE service=gateway request_id=req-000764 user_id=1085 latency_ms=48 payload_bytes=1020 path=/api/v1/logs/10 message="cat log benchmark line 764" trace=tr-00012988
2026-04-27T12:12:45.765Z level=INFO service=timeline request_id=req-000765 user_id=1086 latency_ms=49 payload_bytes=1021 path=/api/v1/logs/11 message="cat log benchmark line 765" trace=tr-00013005
2026-04-27T12:12:46.766Z level=DEBUG service=session request_id=req-000766 user_id=1087 latency_ms=50 payload_bytes=1022 path=/api/v1/logs/12 message="cat log benchmark line 766" trace=tr-00013022
2026-04-27T12:12:47.767Z level=WARN service=renderer request_id=req-000767 user_id=1088 latency_ms=51 payload_bytes=1023 path=/api/v1/logs/0 message="cat log benchmark line 767" trace=tr-00013039
2026-04-27T12:12:48.768Z level=ERROR service=gateway request_id=req-000768 user_id=1089 latency_ms=52 payload_bytes=1024 path=/api/v1/logs/1 message="cat log benchmark line 768" trace=tr-00013056
2026-04-27T12:12:49.769Z level=TRACE service=timeline request_id=req-000769 user_id=1090 latency_ms=53 payload_bytes=1025 path=/api/v1/logs/2 message="cat log benchmark line 769" trace=tr-00013073
2026-04-27T12:12:50.770Z level=INFO service=session request_id=req-000770 user_id=1091 latency_ms=54 payload_bytes=1026 path=/api/v1/logs/3 message="cat log benchmark line 770" trace=tr-00013090
2026-04-27T12:12:51.771Z level=DEBUG service=renderer request_id=req-000771 user_id=1092 latency_ms=55 payload_bytes=1027 path=/api/v1/logs/4 message="cat log benchmark line 771" trace=tr-00013107
2026-04-27T12:12:52.772Z level=WARN service=gateway request_id=req-000772 user_id=1093 latency_ms=56 payload_bytes=1028 path=/api/v1/logs/5 message="cat log benchmark line 772" trace=tr-00013124
2026-04-27T12:12:53.773Z level=ERROR service=timeline request_id=req-000773 user_id=1094 latency_ms=57 payload_bytes=1029 path=/api/v1/logs/6 message="cat log benchmark line 773" trace=tr-00013141
2026-04-27T12:12:54.774Z level=TRACE service=session request_id=req-000774 user_id=1095 latency_ms=58 payload_bytes=1030 path=/api/v1/logs/7 message="cat log benchmark line 774" trace=tr-00013158
2026-04-27T12:12:55.775Z level=INFO service=renderer request_id=req-000775 user_id=1096 latency_ms=59 payload_bytes=1031 path=/api/v1/logs/8 message="cat log benchmark line 775" trace=tr-00013175
2026-04-27T12:12:56.776Z level=DEBUG service=gateway request_id=req-000776 user_id=1000 latency_ms=60 payload_bytes=1032 path=/api/v1/logs/9 message="cat log benchmark line 776" trace=tr-00013192
2026-04-27T12:12:57.777Z level=WARN service=timeline request_id=req-000777 user_id=1001 latency_ms=61 payload_bytes=1033 path=/api/v1/logs/10 message="cat log benchmark line 777" trace=tr-00013209
2026-04-27T12:12:58.778Z level=ERROR service=session request_id=req-000778 user_id=1002 latency_ms=62 payload_bytes=1034 path=/api/v1/logs/11 message="cat log benchmark line 778" trace=tr-00013226
2026-04-27T12:12:59.779Z level=TRACE service=renderer request_id=req-000779 user_id=1003 latency_ms=63 payload_bytes=1035 path=/api/v1/logs/12 message="cat log benchmark line 779" trace=tr-00013243
2026-04-27T12:13:00.780Z level=INFO service=gateway request_id=req-000780 user_id=1004 latency_ms=64 payload_bytes=1036 path=/api/v1/logs/0 message="cat log benchmark line 780" trace=tr-00013260
2026-04-27T12:13:01.781Z level=DEBUG service=timeline request_id=req-000781 user_id=1005 latency_ms=65 payload_bytes=1037 path=/api/v1/logs/1 message="cat log benchmark line 781" trace=tr-00013277
2026-04-27T12:13:02.782Z level=WARN service=session request_id=req-000782 user_id=1006 latency_ms=66 payload_bytes=1038 path=/api/v1/logs/2 message="cat log benchmark line 782" trace=tr-00013294
2026-04-27T12:13:03.783Z level=ERROR service=renderer request_id=req-000783 user_id=1007 latency_ms=67 payload_bytes=1039 path=/api/v1/logs/3 message="cat log benchmark line 783" trace=tr-00013311
2026-04-27T12:13:04.784Z level=TRACE service=gateway request_id=req-000784 user_id=1008 latency_ms=68 payload_bytes=1040 path=/api/v1/logs/4 message="cat log benchmark line 784" trace=tr-00013328
2026-04-27T12:13:05.785Z level=INFO service=timeline request_id=req-000785 user_id=1009 latency_ms=69 payload_bytes=1041 path=/api/v1/logs/5 message="cat log benchmark line 785" trace=tr-00013345
2026-04-27T12:13:06.786Z level=DEBUG service=session request_id=req-000786 user_id=1010 latency_ms=70 payload_bytes=1042 path=/api/v1/logs/6 message="cat log benchmark line 786" trace=tr-00013362
2026-04-27T12:13:07.787Z level=WARN service=renderer request_id=req-000787 user_id=1011 latency_ms=71 payload_bytes=1043 path=/api/v1/logs/7 message="cat log benchmark line 787" trace=tr-00013379
2026-04-27T12:13:08.788Z level=ERROR service=gateway request_id=req-000788 user_id=1012 latency_ms=72 payload_bytes=1044 path=/api/v1/logs/8 message="cat log benchmark line 788" trace=tr-00013396
2026-04-27T12:13:09.789Z level=TRACE service=timeline request_id=req-000789 user_id=1013 latency_ms=73 payload_bytes=1045 path=/api/v1/logs/9 message="cat log benchmark line 789" trace=tr-00013413
2026-04-27T12:13:10.790Z level=INFO service=session request_id=req-000790 user_id=1014 latency_ms=74 payload_bytes=1046 path=/api/v1/logs/10 message="cat log benchmark line 790" trace=tr-00013430
2026-04-27T12:13:11.791Z level=DEBUG service=renderer request_id=req-000791 user_id=1015 latency_ms=75 payload_bytes=1047 path=/api/v1/logs/11 message="cat log benchmark line 791" trace=tr-00013447
2026-04-27T12:13:12.792Z level=WARN service=gateway request_id=req-000792 user_id=1016 latency_ms=76 payload_bytes=1048 path=/api/v1/logs/12 message="cat log benchmark line 792" trace=tr-00013464
2026-04-27T12:13:13.793Z level=ERROR service=timeline request_id=req-000793 user_id=1017 latency_ms=77 payload_bytes=1049 path=/api/v1/logs/0 message="cat log benchmark line 793" trace=tr-00013481
2026-04-27T12:13:14.794Z level=TRACE service=session request_id=req-000794 user_id=1018 latency_ms=78 payload_bytes=1050 path=/api/v1/logs/1 message="cat log benchmark line 794" trace=tr-00013498
2026-04-27T12:13:15.795Z level=INFO service=renderer request_id=req-000795 user_id=1019 latency_ms=79 payload_bytes=1051 path=/api/v1/logs/2 message="cat log benchmark line 795" trace=tr-00013515
2026-04-27T12:13:16.796Z level=DEBUG service=gateway request_id=req-000796 user_id=1020 latency_ms=80 payload_bytes=1052 path=/api/v1/logs/3 message="cat log benchmark line 796" trace=tr-00013532
2026-04-27T12:13:17.797Z level=WARN service=timeline request_id=req-000797 user_id=1021 latency_ms=81 payload_bytes=1053 path=/api/v1/logs/4 message="cat log benchmark line 797" trace=tr-00013549
2026-04-27T12:13:18.798Z level=ERROR service=session request_id=req-000798 user_id=1022 latency_ms=82 payload_bytes=1054 path=/api/v1/logs/5 message="cat log benchmark line 798" trace=tr-00013566
2026-04-27T12:13:19.799Z level=TRACE service=renderer request_id=req-000799 user_id=1023 latency_ms=83 payload_bytes=1055 path=/api/v1/logs/6 message="cat log benchmark line 799" trace=tr-00013583
2026-04-27T12:13:20.800Z level=INFO service=gateway request_id=req-000800 user_id=1024 latency_ms=84 payload_bytes=1056 path=/api/v1/logs/7 message="cat log benchmark line 800" trace=tr-00013600
2026-04-27T12:13:21.801Z level=DEBUG service=timeline request_id=req-000801 user_id=1025 latency_ms=85 payload_bytes=1057 path=/api/v1/logs/8 message="cat log benchmark line 801" trace=tr-00013617
2026-04-27T12:13:22.802Z level=WARN service=session request_id=req-000802 user_id=1026 latency_ms=86 payload_bytes=1058 path=/api/v1/logs/9 message="cat log benchmark line 802" trace=tr-00013634
2026-04-27T12:13:23.803Z level=ERROR service=renderer request_id=req-000803 user_id=1027 latency_ms=87 payload_bytes=1059 path=/api/v1/logs/10 message="cat log benchmark line 803" trace=tr-00013651
2026-04-27T12:13:24.804Z level=TRACE service=gateway request_id=req-000804 user_id=1028 latency_ms=88 payload_bytes=1060 path=/api/v1/logs/11 message="cat log benchmark line 804" trace=tr-00013668
2026-04-27T12:13:25.805Z level=INFO service=timeline request_id=req-000805 user_id=1029 latency_ms=89 payload_bytes=1061 path=/api/v1/logs/12 message="cat log benchmark line 805" trace=tr-00013685
2026-04-27T12:13:26.806Z level=DEBUG service=session request_id=req-000806 user_id=1030 latency_ms=90 payload_bytes=1062 path=/api/v1/logs/0 message="cat log benchmark line 806" trace=tr-00013702
2026-04-27T12:13:27.807Z level=WARN service=renderer request_id=req-000807 user_id=1031 latency_ms=91 payload_bytes=1063 path=/api/v1/logs/1 message="cat log benchmark line 807" trace=tr-00013719
2026-04-27T12:13:28.808Z level=ERROR service=gateway request_id=req-000808 user_id=1032 latency_ms=92 payload_bytes=1064 path=/api/v1/logs/2 message="cat log benchmark line 808" trace=tr-00013736
2026-04-27T12:13:29.809Z level=TRACE service=timeline request_id=req-000809 user_id=1033 latency_ms=93 payload_bytes=1065 path=/api/v1/logs/3 message="cat log benchmark line 809" trace=tr-00013753
2026-04-27T12:13:30.810Z level=INFO service=session request_id=req-000810 user_id=1034 latency_ms=94 payload_bytes=1066 path=/api/v1/logs/4 message="cat log benchmark line 810" trace=tr-00013770
2026-04-27T12:13:31.811Z level=DEBUG service=renderer request_id=req-000811 user_id=1035 latency_ms=95 payload_bytes=1067 path=/api/v1/logs/5 message="cat log benchmark line 811" trace=tr-00013787
2026-04-27T12:13:32.812Z level=WARN service=gateway request_id=req-000812 user_id=1036 latency_ms=96 payload_bytes=1068 path=/api/v1/logs/6 message="cat log benchmark line 812" trace=tr-00013804
2026-04-27T12:13:33.813Z level=ERROR service=timeline request_id=req-000813 user_id=1037 latency_ms=97 payload_bytes=1069 path=/api/v1/logs/7 message="cat log benchmark line 813" trace=tr-00013821
2026-04-27T12:13:34.814Z level=TRACE service=session request_id=req-000814 user_id=1038 latency_ms=98 payload_bytes=1070 path=/api/v1/logs/8 message="cat log benchmark line 814" trace=tr-00013838
2026-04-27T12:13:35.815Z level=INFO service=renderer request_id=req-000815 user_id=1039 latency_ms=99 payload_bytes=1071 path=/api/v1/logs/9 message="cat log benchmark line 815" trace=tr-00013855
2026-04-27T12:13:36.816Z level=DEBUG service=gateway request_id=req-000816 user_id=1040 latency_ms=100 payload_bytes=1072 path=/api/v1/logs/10 message="cat log benchmark line 816" trace=tr-00013872
2026-04-27T12:13:37.817Z level=WARN service=timeline request_id=req-000817 user_id=1041 latency_ms=101 payload_bytes=1073 path=/api/v1/logs/11 message="cat log benchmark line 817" trace=tr-00013889
2026-04-27T12:13:38.818Z level=ERROR service=session request_id=req-000818 user_id=1042 latency_ms=102 payload_bytes=1074 path=/api/v1/logs/12 message="cat log benchmark line 818" trace=tr-00013906
2026-04-27T12:13:39.819Z level=TRACE service=renderer request_id=req-000819 user_id=1043 latency_ms=103 payload_bytes=1075 path=/api/v1/logs/0 message="cat log benchmark line 819" trace=tr-00013923
2026-04-27T12:13:40.820Z level=INFO service=gateway request_id=req-000820 user_id=1044 latency_ms=104 payload_bytes=1076 path=/api/v1/logs/1 message="cat log benchmark line 820" trace=tr-00013940
2026-04-27T12:13:41.821Z level=DEBUG service=timeline request_id=req-000821 user_id=1045 latency_ms=105 payload_bytes=1077 path=/api/v1/logs/2 message="cat log benchmark line 821" trace=tr-00013957
2026-04-27T12:13:42.822Z level=WARN service=session request_id=req-000822 user_id=1046 latency_ms=106 payload_bytes=1078 path=/api/v1/logs/3 message="cat log benchmark line 822" trace=tr-00013974
2026-04-27T12:13:43.823Z level=ERROR service=renderer request_id=req-000823 user_id=1047 latency_ms=107 payload_bytes=1079 path=/api/v1/logs/4 message="cat log benchmark line 823" trace=tr-00013991
2026-04-27T12:13:44.824Z level=TRACE service=gateway request_id=req-000824 user_id=1048 latency_ms=108 payload_bytes=1080 path=/api/v1/logs/5 message="cat log benchmark line 824" trace=tr-00014008
2026-04-27T12:13:45.825Z level=INFO service=timeline request_id=req-000825 user_id=1049 latency_ms=109 payload_bytes=1081 path=/api/v1/logs/6 message="cat log benchmark line 825" trace=tr-00014025
2026-04-27T12:13:46.826Z level=DEBUG service=session request_id=req-000826 user_id=1050 latency_ms=110 payload_bytes=1082 path=/api/v1/logs/7 message="cat log benchmark line 826" trace=tr-00014042
2026-04-27T12:13:47.827Z level=WARN service=renderer request_id=req-000827 user_id=1051 latency_ms=111 payload_bytes=1083 path=/api/v1/logs/8 message="cat log benchmark line 827" trace=tr-00014059
2026-04-27T12:13:48.828Z level=ERROR service=gateway request_id=req-000828 user_id=1052 latency_ms=112 payload_bytes=1084 path=/api/v1/logs/9 message="cat log benchmark line 828" trace=tr-00014076
2026-04-27T12:13:49.829Z level=TRACE service=timeline request_id=req-000829 user_id=1053 latency_ms=113 payload_bytes=1085 path=/api/v1/logs/10 message="cat log benchmark line 829" trace=tr-00014093
2026-04-27T12:13:50.830Z level=INFO service=session request_id=req-000830 user_id=1054 latency_ms=114 payload_bytes=1086 path=/api/v1/logs/11 message="cat log benchmark line 830" trace=tr-00014110
2026-04-27T12:13:51.831Z level=DEBUG service=renderer request_id=req-000831 user_id=1055 latency_ms=115 payload_bytes=1087 path=/api/v1/logs/12 message="cat log benchmark line 831" trace=tr-00014127
2026-04-27T12:13:52.832Z level=WARN service=gateway request_id=req-000832 user_id=1056 latency_ms=116 payload_bytes=1088 path=/api/v1/logs/0 message="cat log benchmark line 832" trace=tr-00014144
2026-04-27T12:13:53.833Z level=ERROR service=timeline request_id=req-000833 user_id=1057 latency_ms=117 payload_bytes=1089 path=/api/v1/logs/1 message="cat log benchmark line 833" trace=tr-00014161
2026-04-27T12:13:54.834Z level=TRACE service=session request_id=req-000834 user_id=1058 latency_ms=118 payload_bytes=1090 path=/api/v1/logs/2 message="cat log benchmark line 834" trace=tr-00014178
2026-04-27T12:13:55.835Z level=INFO service=renderer request_id=req-000835 user_id=1059 latency_ms=119 payload_bytes=1091 path=/api/v1/logs/3 message="cat log benchmark line 835" trace=tr-00014195
2026-04-27T12:13:56.836Z level=DEBUG service=gateway request_id=req-000836 user_id=1060 latency_ms=120 payload_bytes=1092 path=/api/v1/logs/4 message="cat log benchmark line 836" trace=tr-00014212
2026-04-27T12:13:57.837Z level=WARN service=timeline request_id=req-000837 user_id=1061 latency_ms=121 payload_bytes=1093 path=/api/v1/logs/5 message="cat log benchmark line 837" trace=tr-00014229
2026-04-27T12:13:58.838Z level=ERROR service=session request_id=req-000838 user_id=1062 latency_ms=122 payload_bytes=1094 path=/api/v1/logs/6 message="cat log benchmark line 838" trace=tr-00014246
2026-04-27T12:13:59.839Z level=TRACE service=renderer request_id=req-000839 user_id=1063 latency_ms=123 payload_bytes=1095 path=/api/v1/logs/7 message="cat log benchmark line 839" trace=tr-00014263
2026-04-27T12:14:00.840Z level=INFO service=gateway request_id=req-000840 user_id=1064 latency_ms=124 payload_bytes=1096 path=/api/v1/logs/8 message="cat log benchmark line 840" trace=tr-00014280
2026-04-27T12:14:01.841Z level=DEBUG service=timeline request_id=req-000841 user_id=1065 latency_ms=125 payload_bytes=1097 path=/api/v1/logs/9 message="cat log benchmark line 841" trace=tr-00014297
2026-04-27T12:14:02.842Z level=WARN service=session request_id=req-000842 user_id=1066 latency_ms=126 payload_bytes=1098 path=/api/v1/logs/10 message="cat log benchmark line 842" trace=tr-00014314
2026-04-27T12:14:03.843Z level=ERROR service=renderer request_id=req-000843 user_id=1067 latency_ms=127 payload_bytes=1099 path=/api/v1/logs/11 message="cat log benchmark line 843" trace=tr-00014331
2026-04-27T12:14:04.844Z level=TRACE service=gateway request_id=req-000844 user_id=1068 latency_ms=128 payload_bytes=1100 path=/api/v1/logs/12 message="cat log benchmark line 844" trace=tr-00014348
2026-04-27T12:14:05.845Z level=INFO service=timeline request_id=req-000845 user_id=1069 latency_ms=129 payload_bytes=1101 path=/api/v1/logs/0 message="cat log benchmark line 845" trace=tr-00014365
2026-04-27T12:14:06.846Z level=DEBUG service=session request_id=req-000846 user_id=1070 latency_ms=130 payload_bytes=1102 path=/api/v1/logs/1 message="cat log benchmark line 846" trace=tr-00014382
2026-04-27T12:14:07.847Z level=WARN service=renderer request_id=req-000847 user_id=1071 latency_ms=131 payload_bytes=1103 path=/api/v1/logs/2 message="cat log benchmark line 847" trace=tr-00014399
2026-04-27T12:14:08.848Z level=ERROR service=gateway request_id=req-000848 user_id=1072 latency_ms=132 payload_bytes=1104 path=/api/v1/logs/3 message="cat log benchmark line 848" trace=tr-00014416
2026-04-27T12:14:09.849Z level=TRACE service=timeline request_id=req-000849 user_id=1073 latency_ms=133 payload_bytes=1105 path=/api/v1/logs/4 message="cat log benchmark line 849" trace=tr-00014433
2026-04-27T12:14:10.850Z level=INFO service=session request_id=req-000850 user_id=1074 latency_ms=134 payload_bytes=1106 path=/api/v1/logs/5 message="cat log benchmark line 850" trace=tr-00014450
2026-04-27T12:14:11.851Z level=DEBUG service=renderer request_id=req-000851 user_id=1075 latency_ms=135 payload_bytes=1107 path=/api/v1/logs/6 message="cat log benchmark line 851" trace=tr-00014467
2026-04-27T12:14:12.852Z level=WARN service=gateway request_id=req-000852 user_id=1076 latency_ms=136 payload_bytes=1108 path=/api/v1/logs/7 message="cat log benchmark line 852" trace=tr-00014484
2026-04-27T12:14:13.853Z level=ERROR service=timeline request_id=req-000853 user_id=1077 latency_ms=137 payload_bytes=1109 path=/api/v1/logs/8 message="cat log benchmark line 853" trace=tr-00014501
2026-04-27T12:14:14.854Z level=TRACE service=session request_id=req-000854 user_id=1078 latency_ms=138 payload_bytes=1110 path=/api/v1/logs/9 message="cat log benchmark line 854" trace=tr-00014518
2026-04-27T12:14:15.855Z level=INFO service=renderer request_id=req-000855 user_id=1079 latency_ms=139 payload_bytes=1111 path=/api/v1/logs/10 message="cat log benchmark line 855" trace=tr-00014535
2026-04-27T12:14:16.856Z level=DEBUG service=gateway request_id=req-000856 user_id=1080 latency_ms=140 payload_bytes=1112 path=/api/v1/logs/11 message="cat log benchmark line 856" trace=tr-00014552
2026-04-27T12:14:17.857Z level=WARN service=timeline request_id=req-000857 user_id=1081 latency_ms=141 payload_bytes=1113 path=/api/v1/logs/12 message="cat log benchmark line 857" trace=tr-00014569
2026-04-27T12:14:18.858Z level=ERROR service=session request_id=req-000858 user_id=1082 latency_ms=142 payload_bytes=1114 path=/api/v1/logs/0 message="cat log benchmark line 858" trace=tr-00014586
2026-04-27T12:14:19.859Z level=TRACE service=renderer request_id=req-000859 user_id=1083 latency_ms=143 payload_bytes=1115 path=/api/v1/logs/1 message="cat log benchmark line 859" trace=tr-00014603
2026-04-27T12:14:20.860Z level=INFO service=gateway request_id=req-000860 user_id=1084 latency_ms=144 payload_bytes=1116 path=/api/v1/logs/2 message="cat log benchmark line 860" trace=tr-00014620
2026-04-27T12:14:21.861Z level=DEBUG service=timeline request_id=req-000861 user_id=1085 latency_ms=145 payload_bytes=1117 path=/api/v1/logs/3 message="cat log benchmark line 861" trace=tr-00014637
2026-04-27T12:14:22.862Z level=WARN service=session request_id=req-000862 user_id=1086 latency_ms=146 payload_bytes=1118 path=/api/v1/logs/4 message="cat log benchmark line 862" trace=tr-00014654
2026-04-27T12:14:23.863Z level=ERROR service=renderer request_id=req-000863 user_id=1087 latency_ms=147 payload_bytes=1119 path=/api/v1/logs/5 message="cat log benchmark line 863" trace=tr-00014671
2026-04-27T12:14:24.864Z level=TRACE service=gateway request_id=req-000864 user_id=1088 latency_ms=148 payload_bytes=1120 path=/api/v1/logs/6 message="cat log benchmark line 864" trace=tr-00014688
2026-04-27T12:14:25.865Z level=INFO service=timeline request_id=req-000865 user_id=1089 latency_ms=149 payload_bytes=1121 path=/api/v1/logs/7 message="cat log benchmark line 865" trace=tr-00014705
2026-04-27T12:14:26.866Z level=DEBUG service=session request_id=req-000866 user_id=1090 latency_ms=150 payload_bytes=1122 path=/api/v1/logs/8 message="cat log benchmark line 866" trace=tr-00014722
2026-04-27T12:14:27.867Z level=WARN service=renderer request_id=req-000867 user_id=1091 latency_ms=151 payload_bytes=1123 path=/api/v1/logs/9 message="cat log benchmark line 867" trace=tr-00014739
2026-04-27T12:14:28.868Z level=ERROR service=gateway request_id=req-000868 user_id=1092 latency_ms=152 payload_bytes=1124 path=/api/v1/logs/10 message="cat log benchmark line 868" trace=tr-00014756
2026-04-27T12:14:29.869Z level=TRACE service=timeline request_id=req-000869 user_id=1093 latency_ms=153 payload_bytes=1125 path=/api/v1/logs/11 message="cat log benchmark line 869" trace=tr-00014773
2026-04-27T12:14:30.870Z level=INFO service=session request_id=req-000870 user_id=1094 latency_ms=154 payload_bytes=1126 path=/api/v1/logs/12 message="cat log benchmark line 870" trace=tr-00014790
2026-04-27T12:14:31.871Z level=DEBUG service=renderer request_id=req-000871 user_id=1095 latency_ms=155 payload_bytes=1127 path=/api/v1/logs/0 message="cat log benchmark line 871" trace=tr-00014807
2026-04-27T12:14:32.872Z level=WARN service=gateway request_id=req-000872 user_id=1096 latency_ms=156 payload_bytes=1128 path=/api/v1/logs/1 message="cat log benchmark line 872" trace=tr-00014824
2026-04-27T12:14:33.873Z level=ERROR service=timeline request_id=req-000873 user_id=1000 latency_ms=157 payload_bytes=1129 path=/api/v1/logs/2 message="cat log benchmark line 873" trace=tr-00014841
2026-04-27T12:14:34.874Z level=TRACE service=session request_id=req-000874 user_id=1001 latency_ms=158 payload_bytes=1130 path=/api/v1/logs/3 message="cat log benchmark line 874" trace=tr-00014858
2026-04-27T12:14:35.875Z level=INFO service=renderer request_id=req-000875 user_id=1002 latency_ms=159 payload_bytes=1131 path=/api/v1/logs/4 message="cat log benchmark line 875" trace=tr-00014875
2026-04-27T12:14:36.876Z level=DEBUG service=gateway request_id=req-000876 user_id=1003 latency_ms=160 payload_bytes=1132 path=/api/v1/logs/5 message="cat log benchmark line 876" trace=tr-00014892
2026-04-27T12:14:37.877Z level=WARN service=timeline request_id=req-000877 user_id=1004 latency_ms=161 payload_bytes=1133 path=/api/v1/logs/6 message="cat log benchmark line 877" trace=tr-00014909
2026-04-27T12:14:38.878Z level=ERROR service=session request_id=req-000878 user_id=1005 latency_ms=162 payload_bytes=1134 path=/api/v1/logs/7 message="cat log benchmark line 878" trace=tr-00014926
2026-04-27T12:14:39.879Z level=TRACE service=renderer request_id=req-000879 user_id=1006 latency_ms=163 payload_bytes=1135 path=/api/v1/logs/8 message="cat log benchmark line 879" trace=tr-00014943
2026-04-27T12:14:40.880Z level=INFO service=gateway request_id=req-000880 user_id=1007 latency_ms=164 payload_bytes=1136 path=/api/v1/logs/9 message="cat log benchmark line 880" trace=tr-00014960
2026-04-27T12:14:41.881Z level=DEBUG service=timeline request_id=req-000881 user_id=1008 latency_ms=165 payload_bytes=1137 path=/api/v1/logs/10 message="cat log benchmark line 881" trace=tr-00014977
2026-04-27T12:14:42.882Z level=WARN service=session request_id=req-000882 user_id=1009 latency_ms=166 payload_bytes=1138 path=/api/v1/logs/11 message="cat log benchmark line 882" trace=tr-00014994
2026-04-27T12:14:43.883Z level=ERROR service=renderer request_id=req-000883 user_id=1010 latency_ms=167 payload_bytes=1139 path=/api/v1/logs/12 message="cat log benchmark line 883" trace=tr-00015011
2026-04-27T12:14:44.884Z level=TRACE service=gateway request_id=req-000884 user_id=1011 latency_ms=168 payload_bytes=1140 path=/api/v1/logs/0 message="cat log benchmark line 884" trace=tr-00015028
2026-04-27T12:14:45.885Z level=INFO service=timeline request_id=req-000885 user_id=1012 latency_ms=169 payload_bytes=1141 path=/api/v1/logs/1 message="cat log benchmark line 885" trace=tr-00015045
2026-04-27T12:14:46.886Z level=DEBUG service=session request_id=req-000886 user_id=1013 latency_ms=170 payload_bytes=1142 path=/api/v1/logs/2 message="cat log benchmark line 886" trace=tr-00015062
2026-04-27T12:14:47.887Z level=WARN service=renderer request_id=req-000887 user_id=1014 latency_ms=171 payload_bytes=1143 path=/api/v1/logs/3 message="cat log benchmark line 887" trace=tr-00015079
2026-04-27T12:14:48.888Z level=ERROR service=gateway request_id=req-000888 user_id=1015 latency_ms=172 payload_bytes=1144 path=/api/v1/logs/4 message="cat log benchmark line 888" trace=tr-00015096
2026-04-27T12:14:49.889Z level=TRACE service=timeline request_id=req-000889 user_id=1016 latency_ms=173 payload_bytes=1145 path=/api/v1/logs/5 message="cat log benchmark line 889" trace=tr-00015113
2026-04-27T12:14:50.890Z level=INFO service=session request_id=req-000890 user_id=1017 latency_ms=174 payload_bytes=1146 path=/api/v1/logs/6 message="cat log benchmark line 890" trace=tr-00015130
2026-04-27T12:14:51.891Z level=DEBUG service=renderer request_id=req-000891 user_id=1018 latency_ms=175 payload_bytes=1147 path=/api/v1/logs/7 message="cat log benchmark line 891" trace=tr-00015147
2026-04-27T12:14:52.892Z level=WARN service=gateway request_id=req-000892 user_id=1019 latency_ms=176 payload_bytes=1148 path=/api/v1/logs/8 message="cat log benchmark line 892" trace=tr-00015164
2026-04-27T12:14:53.893Z level=ERROR service=timeline request_id=req-000893 user_id=1020 latency_ms=177 payload_bytes=1149 path=/api/v1/logs/9 message="cat log benchmark line 893" trace=tr-00015181
2026-04-27T12:14:54.894Z level=TRACE service=session request_id=req-000894 user_id=1021 latency_ms=178 payload_bytes=1150 path=/api/v1/logs/10 message="cat log benchmark line 894" trace=tr-00015198
2026-04-27T12:14:55.895Z level=INFO service=renderer request_id=req-000895 user_id=1022 latency_ms=179 payload_bytes=1151 path=/api/v1/logs/11 message="cat log benchmark line 895" trace=tr-00015215
2026-04-27T12:14:56.896Z level=DEBUG service=gateway request_id=req-000896 user_id=1023 latency_ms=180 payload_bytes=1152 path=/api/v1/logs/12 message="cat log benchmark line 896" trace=tr-00015232
2026-04-27T12:14:57.897Z level=WARN service=timeline request_id=req-000897 user_id=1024 latency_ms=181 payload_bytes=1153 path=/api/v1/logs/0 message="cat log benchmark line 897" trace=tr-00015249
2026-04-27T12:14:58.898Z level=ERROR service=session request_id=req-000898 user_id=1025 latency_ms=182 payload_bytes=1154 path=/api/v1/logs/1 message="cat log benchmark line 898" trace=tr-00015266
2026-04-27T12:14:59.899Z level=TRACE service=renderer request_id=req-000899 user_id=1026 latency_ms=183 payload_bytes=1155 path=/api/v1/logs/2 message="cat log benchmark line 899" trace=tr-00015283
2026-04-27T12:15:00.900Z level=INFO service=gateway request_id=req-000900 user_id=1027 latency_ms=184 payload_bytes=1156 path=/api/v1/logs/3 message="cat log benchmark line 900" trace=tr-00015300
2026-04-27T12:15:01.901Z level=DEBUG service=timeline request_id=req-000901 user_id=1028 latency_ms=185 payload_bytes=1157 path=/api/v1/logs/4 message="cat log benchmark line 901" trace=tr-00015317
2026-04-27T12:15:02.902Z level=WARN service=session request_id=req-000902 user_id=1029 latency_ms=186 payload_bytes=1158 path=/api/v1/logs/5 message="cat log benchmark line 902" trace=tr-00015334
2026-04-27T12:15:03.903Z level=ERROR service=renderer request_id=req-000903 user_id=1030 latency_ms=187 payload_bytes=1159 path=/api/v1/logs/6 message="cat log benchmark line 903" trace=tr-00015351
2026-04-27T12:15:04.904Z level=TRACE service=gateway request_id=req-000904 user_id=1031 latency_ms=188 payload_bytes=1160 path=/api/v1/logs/7 message="cat log benchmark line 904" trace=tr-00015368
2026-04-27T12:15:05.905Z level=INFO service=timeline request_id=req-000905 user_id=1032 latency_ms=189 payload_bytes=1161 path=/api/v1/logs/8 message="cat log benchmark line 905" trace=tr-00015385
2026-04-27T12:15:06.906Z level=DEBUG service=session request_id=req-000906 user_id=1033 latency_ms=190 payload_bytes=1162 path=/api/v1/logs/9 message="cat log benchmark line 906" trace=tr-00015402
2026-04-27T12:15:07.907Z level=WARN service=renderer request_id=req-000907 user_id=1034 latency_ms=191 payload_bytes=1163 path=/api/v1/logs/10 message="cat log benchmark line 907" trace=tr-00015419
2026-04-27T12:15:08.908Z level=ERROR service=gateway request_id=req-000908 user_id=1035 latency_ms=192 payload_bytes=1164 path=/api/v1/logs/11 message="cat log benchmark line 908" trace=tr-00015436
2026-04-27T12:15:09.909Z level=TRACE service=timeline request_id=req-000909 user_id=1036 latency_ms=193 payload_bytes=1165 path=/api/v1/logs/12 message="cat log benchmark line 909" trace=tr-00015453
2026-04-27T12:15:10.910Z level=INFO service=session request_id=req-000910 user_id=1037 latency_ms=194 payload_bytes=1166 path=/api/v1/logs/0 message="cat log benchmark line 910" trace=tr-00015470
2026-04-27T12:15:11.911Z level=DEBUG service=renderer request_id=req-000911 user_id=1038 latency_ms=195 payload_bytes=1167 path=/api/v1/logs/1 message="cat log benchmark line 911" trace=tr-00015487
2026-04-27T12:15:12.912Z level=WARN service=gateway request_id=req-000912 user_id=1039 latency_ms=196 payload_bytes=1168 path=/api/v1/logs/2 message="cat log benchmark line 912" trace=tr-00015504
2026-04-27T12:15:13.913Z level=ERROR service=timeline request_id=req-000913 user_id=1040 latency_ms=197 payload_bytes=1169 path=/api/v1/logs/3 message="cat log benchmark line 913" trace=tr-00015521
2026-04-27T12:15:14.914Z level=TRACE service=session request_id=req-000914 user_id=1041 latency_ms=198 payload_bytes=1170 path=/api/v1/logs/4 message="cat log benchmark line 914" trace=tr-00015538
2026-04-27T12:15:15.915Z level=INFO service=renderer request_id=req-000915 user_id=1042 latency_ms=199 payload_bytes=1171 path=/api/v1/logs/5 message="cat log benchmark line 915" trace=tr-00015555
2026-04-27T12:15:16.916Z level=DEBUG service=gateway request_id=req-000916 user_id=1043 latency_ms=200 payload_bytes=1172 path=/api/v1/logs/6 message="cat log benchmark line 916" trace=tr-00015572
2026-04-27T12:15:17.917Z level=WARN service=timeline request_id=req-000917 user_id=1044 latency_ms=201 payload_bytes=1173 path=/api/v1/logs/7 message="cat log benchmark line 917" trace=tr-00015589
2026-04-27T12:15:18.918Z level=ERROR service=session request_id=req-000918 user_id=1045 latency_ms=202 payload_bytes=1174 path=/api/v1/logs/8 message="cat log benchmark line 918" trace=tr-00015606
2026-04-27T12:15:19.919Z level=TRACE service=renderer request_id=req-000919 user_id=1046 latency_ms=203 payload_bytes=1175 path=/api/v1/logs/9 message="cat log benchmark line 919" trace=tr-00015623
2026-04-27T12:15:20.920Z level=INFO service=gateway request_id=req-000920 user_id=1047 latency_ms=204 payload_bytes=1176 path=/api/v1/logs/10 message="cat log benchmark line 920" trace=tr-00015640
2026-04-27T12:15:21.921Z level=DEBUG service=timeline request_id=req-000921 user_id=1048 latency_ms=205 payload_bytes=1177 path=/api/v1/logs/11 message="cat log benchmark line 921" trace=tr-00015657
2026-04-27T12:15:22.922Z level=WARN service=session request_id=req-000922 user_id=1049 latency_ms=206 payload_bytes=1178 path=/api/v1/logs/12 message="cat log benchmark line 922" trace=tr-00015674
2026-04-27T12:15:23.923Z level=ERROR service=renderer request_id=req-000923 user_id=1050 latency_ms=207 payload_bytes=1179 path=/api/v1/logs/0 message="cat log benchmark line 923" trace=tr-00015691
2026-04-27T12:15:24.924Z level=TRACE service=gateway request_id=req-000924 user_id=1051 latency_ms=208 payload_bytes=1180 path=/api/v1/logs/1 message="cat log benchmark line 924" trace=tr-00015708
2026-04-27T12:15:25.925Z level=INFO service=timeline request_id=req-000925 user_id=1052 latency_ms=209 payload_bytes=1181 path=/api/v1/logs/2 message="cat log benchmark line 925" trace=tr-00015725
2026-04-27T12:15:26.926Z level=DEBUG service=session request_id=req-000926 user_id=1053 latency_ms=210 payload_bytes=1182 path=/api/v1/logs/3 message="cat log benchmark line 926" trace=tr-00015742
2026-04-27T12:15:27.927Z level=WARN service=renderer request_id=req-000927 user_id=1054 latency_ms=211 payload_bytes=1183 path=/api/v1/logs/4 message="cat log benchmark line 927" trace=tr-00015759
2026-04-27T12:15:28.928Z level=ERROR service=gateway request_id=req-000928 user_id=1055 latency_ms=212 payload_bytes=1184 path=/api/v1/logs/5 message="cat log benchmark line 928" trace=tr-00015776
2026-04-27T12:15:29.929Z level=TRACE service=timeline request_id=req-000929 user_id=1056 latency_ms=213 payload_bytes=1185 path=/api/v1/logs/6 message="cat log benchmark line 929" trace=tr-00015793
2026-04-27T12:15:30.930Z level=INFO service=session request_id=req-000930 user_id=1057 latency_ms=214 payload_bytes=1186 path=/api/v1/logs/7 message="cat log benchmark line 930" trace=tr-00015810
2026-04-27T12:15:31.931Z level=DEBUG service=renderer request_id=req-000931 user_id=1058 latency_ms=215 payload_bytes=1187 path=/api/v1/logs/8 message="cat log benchmark line 931" trace=tr-00015827
2026-04-27T12:15:32.932Z level=WARN service=gateway request_id=req-000932 user_id=1059 latency_ms=216 payload_bytes=1188 path=/api/v1/logs/9 message="cat log benchmark line 932" trace=tr-00015844
2026-04-27T12:15:33.933Z level=ERROR service=timeline request_id=req-000933 user_id=1060 latency_ms=217 payload_bytes=1189 path=/api/v1/logs/10 message="cat log benchmark line 933" trace=tr-00015861
2026-04-27T12:15:34.934Z level=TRACE service=session request_id=req-000934 user_id=1061 latency_ms=218 payload_bytes=1190 path=/api/v1/logs/11 message="cat log benchmark line 934" trace=tr-00015878
2026-04-27T12:15:35.935Z level=INFO service=renderer request_id=req-000935 user_id=1062 latency_ms=219 payload_bytes=1191 path=/api/v1/logs/12 message="cat log benchmark line 935" trace=tr-00015895
2026-04-27T12:15:36.936Z level=DEBUG service=gateway request_id=req-000936 user_id=1063 latency_ms=220 payload_bytes=1192 path=/api/v1/logs/0 message="cat log benchmark line 936" trace=tr-00015912
2026-04-27T12:15:37.937Z level=WARN service=timeline request_id=req-000937 user_id=1064 latency_ms=221 payload_bytes=1193 path=/api/v1/logs/1 message="cat log benchmark line 937" trace=tr-00015929
2026-04-27T12:15:38.938Z level=ERROR service=session request_id=req-000938 user_id=1065 latency_ms=222 payload_bytes=1194 path=/api/v1/logs/2 message="cat log benchmark line 938" trace=tr-00015946
2026-04-27T12:15:39.939Z level=TRACE service=renderer request_id=req-000939 user_id=1066 latency_ms=223 payload_bytes=1195 path=/api/v1/logs/3 message="cat log benchmark line 939" trace=tr-00015963
2026-04-27T12:15:40.940Z level=INFO service=gateway request_id=req-000940 user_id=1067 latency_ms=224 payload_bytes=1196 path=/api/v1/logs/4 message="cat log benchmark line 940" trace=tr-00015980
2026-04-27T12:15:41.941Z level=DEBUG service=timeline request_id=req-000941 user_id=1068 latency_ms=225 payload_bytes=1197 path=/api/v1/logs/5 message="cat log benchmark line 941" trace=tr-00015997
2026-04-27T12:15:42.942Z level=WARN service=session request_id=req-000942 user_id=1069 latency_ms=226 payload_bytes=1198 path=/api/v1/logs/6 message="cat log benchmark line 942" trace=tr-00016014
2026-04-27T12:15:43.943Z level=ERROR service=renderer request_id=req-000943 user_id=1070 latency_ms=227 payload_bytes=1199 path=/api/v1/logs/7 message="cat log benchmark line 943" trace=tr-00016031
2026-04-27T12:15:44.944Z level=TRACE service=gateway request_id=req-000944 user_id=1071 latency_ms=228 payload_bytes=1200 path=/api/v1/logs/8 message="cat log benchmark line 944" trace=tr-00016048
2026-04-27T12:15:45.945Z level=INFO service=timeline request_id=req-000945 user_id=1072 latency_ms=229 payload_bytes=1201 path=/api/v1/logs/9 message="cat log benchmark line 945" trace=tr-00016065
2026-04-27T12:15:46.946Z level=DEBUG service=session request_id=req-000946 user_id=1073 latency_ms=230 payload_bytes=1202 path=/api/v1/logs/10 message="cat log benchmark line 946" trace=tr-00016082
2026-04-27T12:15:47.947Z level=WARN service=renderer request_id=req-000947 user_id=1074 latency_ms=231 payload_bytes=1203 path=/api/v1/logs/11 message="cat log benchmark line 947" trace=tr-00016099
2026-04-27T12:15:48.948Z level=ERROR service=gateway request_id=req-000948 user_id=1075 latency_ms=232 payload_bytes=1204 path=/api/v1/logs/12 message="cat log benchmark line 948" trace=tr-00016116
2026-04-27T12:15:49.949Z level=TRACE service=timeline request_id=req-000949 user_id=1076 latency_ms=233 payload_bytes=1205 path=/api/v1/logs/0 message="cat log benchmark line 949" trace=tr-00016133
2026-04-27T12:15:50.950Z level=INFO service=session request_id=req-000950 user_id=1077 latency_ms=234 payload_bytes=1206 path=/api/v1/logs/1 message="cat log benchmark line 950" trace=tr-00016150
2026-04-27T12:15:51.951Z level=DEBUG service=renderer request_id=req-000951 user_id=1078 latency_ms=235 payload_bytes=1207 path=/api/v1/logs/2 message="cat log benchmark line 951" trace=tr-00016167
2026-04-27T12:15:52.952Z level=WARN service=gateway request_id=req-000952 user_id=1079 latency_ms=236 payload_bytes=1208 path=/api/v1/logs/3 message="cat log benchmark line 952" trace=tr-00016184
2026-04-27T12:15:53.953Z level=ERROR service=timeline request_id=req-000953 user_id=1080 latency_ms=237 payload_bytes=1209 path=/api/v1/logs/4 message="cat log benchmark line 953" trace=tr-00016201
2026-04-27T12:15:54.954Z level=TRACE service=session request_id=req-000954 user_id=1081 latency_ms=238 payload_bytes=1210 path=/api/v1/logs/5 message="cat log benchmark line 954" trace=tr-00016218
2026-04-27T12:15:55.955Z level=INFO service=renderer request_id=req-000955 user_id=1082 latency_ms=239 payload_bytes=1211 path=/api/v1/logs/6 message="cat log benchmark line 955" trace=tr-00016235
2026-04-27T12:15:56.956Z level=DEBUG service=gateway request_id=req-000956 user_id=1083 latency_ms=240 payload_bytes=1212 path=/api/v1/logs/7 message="cat log benchmark line 956" trace=tr-00016252
2026-04-27T12:15:57.957Z level=WARN service=timeline request_id=req-000957 user_id=1084 latency_ms=241 payload_bytes=1213 path=/api/v1/logs/8 message="cat log benchmark line 957" trace=tr-00016269
2026-04-27T12:15:58.958Z level=ERROR service=session request_id=req-000958 user_id=1085 latency_ms=242 payload_bytes=1214 path=/api/v1/logs/9 message="cat log benchmark line 958" trace=tr-00016286
2026-04-27T12:15:59.959Z level=TRACE service=renderer request_id=req-000959 user_id=1086 latency_ms=243 payload_bytes=1215 path=/api/v1/logs/10 message="cat log benchmark line 959" trace=tr-00016303
2026-04-27T12:16:00.960Z level=INFO service=gateway request_id=req-000960 user_id=1087 latency_ms=4 payload_bytes=1216 path=/api/v1/logs/11 message="cat log benchmark line 960" trace=tr-00016320
2026-04-27T12:16:01.961Z level=DEBUG service=timeline request_id=req-000961 user_id=1088 latency_ms=5 payload_bytes=1217 path=/api/v1/logs/12 message="cat log benchmark line 961" trace=tr-00016337
2026-04-27T12:16:02.962Z level=WARN service=session request_id=req-000962 user_id=1089 latency_ms=6 payload_bytes=1218 path=/api/v1/logs/0 message="cat log benchmark line 962" trace=tr-00016354
2026-04-27T12:16:03.963Z level=ERROR service=renderer request_id=req-000963 user_id=1090 latency_ms=7 payload_bytes=1219 path=/api/v1/logs/1 message="cat log benchmark line 963" trace=tr-00016371
2026-04-27T12:16:04.964Z level=TRACE service=gateway request_id=req-000964 user_id=1091 latency_ms=8 payload_bytes=1220 path=/api/v1/logs/2 message="cat log benchmark line 964" trace=tr-00016388
2026-04-27T12:16:05.965Z level=INFO service=timeline request_id=req-000965 user_id=1092 latency_ms=9 payload_bytes=1221 path=/api/v1/logs/3 message="cat log benchmark line 965" trace=tr-00016405
2026-04-27T12:16:06.966Z level=DEBUG service=session request_id=req-000966 user_id=1093 latency_ms=10 payload_bytes=1222 path=/api/v1/logs/4 message="cat log benchmark line 966" trace=tr-00016422
2026-04-27T12:16:07.967Z level=WARN service=renderer request_id=req-000967 user_id=1094 latency_ms=11 payload_bytes=1223 path=/api/v1/logs/5 message="cat log benchmark line 967" trace=tr-00016439
2026-04-27T12:16:08.968Z level=ERROR service=gateway request_id=req-000968 user_id=1095 latency_ms=12 payload_bytes=1224 path=/api/v1/logs/6 message="cat log benchmark line 968" trace=tr-00016456
2026-04-27T12:16:09.969Z level=TRACE service=timeline request_id=req-000969 user_id=1096 latency_ms=13 payload_bytes=1225 path=/api/v1/logs/7 message="cat log benchmark line 969" trace=tr-00016473
2026-04-27T12:16:10.970Z level=INFO service=session request_id=req-000970 user_id=1000 latency_ms=14 payload_bytes=1226 path=/api/v1/logs/8 message="cat log benchmark line 970" trace=tr-00016490
2026-04-27T12:16:11.971Z level=DEBUG service=renderer request_id=req-000971 user_id=1001 latency_ms=15 payload_bytes=1227 path=/api/v1/logs/9 message="cat log benchmark line 971" trace=tr-00016507
2026-04-27T12:16:12.972Z level=WARN service=gateway request_id=req-000972 user_id=1002 latency_ms=16 payload_bytes=1228 path=/api/v1/logs/10 message="cat log benchmark line 972" trace=tr-00016524
2026-04-27T12:16:13.973Z level=ERROR service=timeline request_id=req-000973 user_id=1003 latency_ms=17 payload_bytes=1229 path=/api/v1/logs/11 message="cat log benchmark line 973" trace=tr-00016541
2026-04-27T12:16:14.974Z level=TRACE service=session request_id=req-000974 user_id=1004 latency_ms=18 payload_bytes=1230 path=/api/v1/logs/12 message="cat log benchmark line 974" trace=tr-00016558
2026-04-27T12:16:15.975Z level=INFO service=renderer request_id=req-000975 user_id=1005 latency_ms=19 payload_bytes=1231 path=/api/v1/logs/0 message="cat log benchmark line 975" trace=tr-00016575
2026-04-27T12:16:16.976Z level=DEBUG service=gateway request_id=req-000976 user_id=1006 latency_ms=20 payload_bytes=1232 path=/api/v1/logs/1 message="cat log benchmark line 976" trace=tr-00016592
2026-04-27T12:16:17.977Z level=WARN service=timeline request_id=req-000977 user_id=1007 latency_ms=21 payload_bytes=1233 path=/api/v1/logs/2 message="cat log benchmark line 977" trace=tr-00016609
2026-04-27T12:16:18.978Z level=ERROR service=session request_id=req-000978 user_id=1008 latency_ms=22 payload_bytes=1234 path=/api/v1/logs/3 message="cat log benchmark line 978" trace=tr-00016626
2026-04-27T12:16:19.979Z level=TRACE service=renderer request_id=req-000979 user_id=1009 latency_ms=23 payload_bytes=1235 path=/api/v1/logs/4 message="cat log benchmark line 979" trace=tr-00016643
2026-04-27T12:16:20.980Z level=INFO service=gateway request_id=req-000980 user_id=1010 latency_ms=24 payload_bytes=1236 path=/api/v1/logs/5 message="cat log benchmark line 980" trace=tr-00016660
2026-04-27T12:16:21.981Z level=DEBUG service=timeline request_id=req-000981 user_id=1011 latency_ms=25 payload_bytes=1237 path=/api/v1/logs/6 message="cat log benchmark line 981" trace=tr-00016677
2026-04-27T12:16:22.982Z level=WARN service=session request_id=req-000982 user_id=1012 latency_ms=26 payload_bytes=1238 path=/api/v1/logs/7 message="cat log benchmark line 982" trace=tr-00016694
2026-04-27T12:16:23.983Z level=ERROR service=renderer request_id=req-000983 user_id=1013 latency_ms=27 payload_bytes=1239 path=/api/v1/logs/8 message="cat log benchmark line 983" trace=tr-00016711
2026-04-27T12:16:24.984Z level=TRACE service=gateway request_id=req-000984 user_id=1014 latency_ms=28 payload_bytes=1240 path=/api/v1/logs/9 message="cat log benchmark line 984" trace=tr-00016728
2026-04-27T12:16:25.985Z level=INFO service=timeline request_id=req-000985 user_id=1015 latency_ms=29 payload_bytes=1241 path=/api/v1/logs/10 message="cat log benchmark line 985" trace=tr-00016745
2026-04-27T12:16:26.986Z level=DEBUG service=session request_id=req-000986 user_id=1016 latency_ms=30 payload_bytes=1242 path=/api/v1/logs/11 message="cat log benchmark line 986" trace=tr-00016762
2026-04-27T12:16:27.987Z level=WARN service=renderer request_id=req-000987 user_id=1017 latency_ms=31 payload_bytes=1243 path=/api/v1/logs/12 message="cat log benchmark line 987" trace=tr-00016779
2026-04-27T12:16:28.988Z level=ERROR service=gateway request_id=req-000988 user_id=1018 latency_ms=32 payload_bytes=1244 path=/api/v1/logs/0 message="cat log benchmark line 988" trace=tr-00016796
2026-04-27T12:16:29.989Z level=TRACE service=timeline request_id=req-000989 user_id=1019 latency_ms=33 payload_bytes=1245 path=/api/v1/logs/1 message="cat log benchmark line 989" trace=tr-00016813
2026-04-27T12:16:30.990Z level=INFO service=session request_id=req-000990 user_id=1020 latency_ms=34 payload_bytes=1246 path=/api/v1/logs/2 message="cat log benchmark line 990" trace=tr-00016830
2026-04-27T12:16:31.991Z level=DEBUG service=renderer request_id=req-000991 user_id=1021 latency_ms=35 payload_bytes=1247 path=/api/v1/logs/3 message="cat log benchmark line 991" trace=tr-00016847
2026-04-27T12:16:32.992Z level=WARN service=gateway request_id=req-000992 user_id=1022 latency_ms=36 payload_bytes=1248 path=/api/v1/logs/4 message="cat log benchmark line 992" trace=tr-00016864
2026-04-27T12:16:33.993Z level=ERROR service=timeline request_id=req-000993 user_id=1023 latency_ms=37 payload_bytes=1249 path=/api/v1/logs/5 message="cat log benchmark line 993" trace=tr-00016881
2026-04-27T12:16:34.994Z level=TRACE service=session request_id=req-000994 user_id=1024 latency_ms=38 payload_bytes=1250 path=/api/v1/logs/6 message="cat log benchmark line 994" trace=tr-00016898
2026-04-27T12:16:35.995Z level=INFO service=renderer request_id=req-000995 user_id=1025 latency_ms=39 payload_bytes=1251 path=/api/v1/logs/7 message="cat log benchmark line 995" trace=tr-00016915
2026-04-27T12:16:36.996Z level=DEBUG service=gateway request_id=req-000996 user_id=1026 latency_ms=40 payload_bytes=1252 path=/api/v1/logs/8 message="cat log benchmark line 996" trace=tr-00016932
2026-04-27T12:16:37.997Z level=WARN service=timeline request_id=req-000997 user_id=1027 latency_ms=41 payload_bytes=1253 path=/api/v1/logs/9 message="cat log benchmark line 997" trace=tr-00016949
2026-04-27T12:16:38.998Z level=ERROR service=session request_id=req-000998 user_id=1028 latency_ms=42 payload_bytes=1254 path=/api/v1/logs/10 message="cat log benchmark line 998" trace=tr-00016966
2026-04-27T12:16:39.999Z level=TRACE service=renderer request_id=req-000999 user_id=1029 latency_ms=43 payload_bytes=1255 path=/api/v1/logs/11 message="cat log benchmark line 999" trace=tr-00016983
2026-04-27T12:16:40.000Z level=INFO service=gateway request_id=req-001000 user_id=1030 latency_ms=44 payload_bytes=1256 path=/api/v1/logs/12 message="cat log benchmark line 1000" trace=tr-00017000
2026-04-27T12:16:41.001Z level=DEBUG service=timeline request_id=req-001001 user_id=1031 latency_ms=45 payload_bytes=1257 path=/api/v1/logs/0 message="cat log benchmark line 1001" trace=tr-00017017
2026-04-27T12:16:42.002Z level=WARN service=session request_id=req-001002 user_id=1032 latency_ms=46 payload_bytes=1258 path=/api/v1/logs/1 message="cat log benchmark line 1002" trace=tr-00017034
2026-04-27T12:16:43.003Z level=ERROR service=renderer request_id=req-001003 user_id=1033 latency_ms=47 payload_bytes=1259 path=/api/v1/logs/2 message="cat log benchmark line 1003" trace=tr-00017051
2026-04-27T12:16:44.004Z level=TRACE service=gateway request_id=req-001004 user_id=1034 latency_ms=48 payload_bytes=1260 path=/api/v1/logs/3 message="cat log benchmark line 1004" trace=tr-00017068
2026-04-27T12:16:45.005Z level=INFO service=timeline request_id=req-001005 user_id=1035 latency_ms=49 payload_bytes=1261 path=/api/v1/logs/4 message="cat log benchmark line 1005" trace=tr-00017085
2026-04-27T12:16:46.006Z level=DEBUG service=session request_id=req-001006 user_id=1036 latency_ms=50 payload_bytes=1262 path=/api/v1/logs/5 message="cat log benchmark line 1006" trace=tr-00017102
2026-04-27T12:16:47.007Z level=WARN service=renderer request_id=req-001007 user_id=1037 latency_ms=51 payload_bytes=1263 path=/api/v1/logs/6 message="cat log benchmark line 1007" trace=tr-00017119
2026-04-27T12:16:48.008Z level=ERROR service=gateway request_id=req-001008 user_id=1038 latency_ms=52 payload_bytes=1264 path=/api/v1/logs/7 message="cat log benchmark line 1008" trace=tr-00017136
2026-04-27T12:16:49.009Z level=TRACE service=timeline request_id=req-001009 user_id=1039 latency_ms=53 payload_bytes=1265 path=/api/v1/logs/8 message="cat log benchmark line 1009" trace=tr-00017153
2026-04-27T12:16:50.010Z level=INFO service=session request_id=req-001010 user_id=1040 latency_ms=54 payload_bytes=1266 path=/api/v1/logs/9 message="cat log benchmark line 1010" trace=tr-00017170
2026-04-27T12:16:51.011Z level=DEBUG service=renderer request_id=req-001011 user_id=1041 latency_ms=55 payload_bytes=1267 path=/api/v1/logs/10 message="cat log benchmark line 1011" trace=tr-00017187
2026-04-27T12:16:52.012Z level=WARN service=gateway request_id=req-001012 user_id=1042 latency_ms=56 payload_bytes=1268 path=/api/v1/logs/11 message="cat log benchmark line 1012" trace=tr-00017204
2026-04-27T12:16:53.013Z level=ERROR service=timeline request_id=req-001013 user_id=1043 latency_ms=57 payload_bytes=1269 path=/api/v1/logs/12 message="cat log benchmark line 1013" trace=tr-00017221
2026-04-27T12:16:54.014Z level=TRACE service=session request_id=req-001014 user_id=1044 latency_ms=58 payload_bytes=1270 path=/api/v1/logs/0 message="cat log benchmark line 1014" trace=tr-00017238
2026-04-27T12:16:55.015Z level=INFO service=renderer request_id=req-001015 user_id=1045 latency_ms=59 payload_bytes=1271 path=/api/v1/logs/1 message="cat log benchmark line 1015" trace=tr-00017255
2026-04-27T12:16:56.016Z level=DEBUG service=gateway request_id=req-001016 user_id=1046 latency_ms=60 payload_bytes=1272 path=/api/v1/logs/2 message="cat log benchmark line 1016" trace=tr-00017272
2026-04-27T12:16:57.017Z level=WARN service=timeline request_id=req-001017 user_id=1047 latency_ms=61 payload_bytes=1273 path=/api/v1/logs/3 message="cat log benchmark line 1017" trace=tr-00017289
2026-04-27T12:16:58.018Z level=ERROR service=session request_id=req-001018 user_id=1048 latency_ms=62 payload_bytes=1274 path=/api/v1/logs/4 message="cat log benchmark line 1018" trace=tr-00017306
2026-04-27T12:16:59.019Z level=TRACE service=renderer request_id=req-001019 user_id=1049 latency_ms=63 payload_bytes=1275 path=/api/v1/logs/5 message="cat log benchmark line 1019" trace=tr-00017323
2026-04-27T12:17:00.020Z level=INFO service=gateway request_id=req-001020 user_id=1050 latency_ms=64 payload_bytes=1276 path=/api/v1/logs/6 message="cat log benchmark line 1020" trace=tr-00017340
2026-04-27T12:17:01.021Z level=DEBUG service=timeline request_id=req-001021 user_id=1051 latency_ms=65 payload_bytes=1277 path=/api/v1/logs/7 message="cat log benchmark line 1021" trace=tr-00017357
2026-04-27T12:17:02.022Z level=WARN service=session request_id=req-001022 user_id=1052 latency_ms=66 payload_bytes=1278 path=/api/v1/logs/8 message="cat log benchmark line 1022" trace=tr-00017374
2026-04-27T12:17:03.023Z level=ERROR service=renderer request_id=req-001023 user_id=1053 latency_ms=67 payload_bytes=1279 path=/api/v1/logs/9 message="cat log benchmark line 1023" trace=tr-00017391
2026-04-27T12:17:04.024Z level=TRACE service=gateway request_id=req-001024 user_id=1054 latency_ms=68 payload_bytes=1280 path=/api/v1/logs/10 message="cat log benchmark line 1024" trace=tr-00017408
2026-04-27T12:17:05.025Z level=INFO service=timeline request_id=req-001025 user_id=1055 latency_ms=69 payload_bytes=1281 path=/api/v1/logs/11 message="cat log benchmark line 1025" trace=tr-00017425
2026-04-27T12:17:06.026Z level=DEBUG service=session request_id=req-001026 user_id=1056 latency_ms=70 payload_bytes=1282 path=/api/v1/logs/12 message="cat log benchmark line 1026" trace=tr-00017442
2026-04-27T12:17:07.027Z level=WARN service=renderer request_id=req-001027 user_id=1057 latency_ms=71 payload_bytes=1283 path=/api/v1/logs/0 message="cat log benchmark line 1027" trace=tr-00017459
2026-04-27T12:17:08.028Z level=ERROR service=gateway request_id=req-001028 user_id=1058 latency_ms=72 payload_bytes=1284 path=/api/v1/logs/1 message="cat log benchmark line 1028" trace=tr-00017476
2026-04-27T12:17:09.029Z level=TRACE service=timeline request_id=req-001029 user_id=1059 latency_ms=73 payload_bytes=1285 path=/api/v1/logs/2 message="cat log benchmark line 1029" trace=tr-00017493
2026-04-27T12:17:10.030Z level=INFO service=session request_id=req-001030 user_id=1060 latency_ms=74 payload_bytes=1286 path=/api/v1/logs/3 message="cat log benchmark line 1030" trace=tr-00017510
2026-04-27T12:17:11.031Z level=DEBUG service=renderer request_id=req-001031 user_id=1061 latency_ms=75 payload_bytes=1287 path=/api/v1/logs/4 message="cat log benchmark line 1031" trace=tr-00017527
2026-04-27T12:17:12.032Z level=WARN service=gateway request_id=req-001032 user_id=1062 latency_ms=76 payload_bytes=1288 path=/api/v1/logs/5 message="cat log benchmark line 1032" trace=tr-00017544
2026-04-27T12:17:13.033Z level=ERROR service=timeline request_id=req-001033 user_id=1063 latency_ms=77 payload_bytes=1289 path=/api/v1/logs/6 message="cat log benchmark line 1033" trace=tr-00017561
2026-04-27T12:17:14.034Z level=TRACE service=session request_id=req-001034 user_id=1064 latency_ms=78 payload_bytes=1290 path=/api/v1/logs/7 message="cat log benchmark line 1034" trace=tr-00017578
2026-04-27T12:17:15.035Z level=INFO service=renderer request_id=req-001035 user_id=1065 latency_ms=79 payload_bytes=1291 path=/api/v1/logs/8 message="cat log benchmark line 1035" trace=tr-00017595
2026-04-27T12:17:16.036Z level=DEBUG service=gateway request_id=req-001036 user_id=1066 latency_ms=80 payload_bytes=1292 path=/api/v1/logs/9 message="cat log benchmark line 1036" trace=tr-00017612
2026-04-27T12:17:17.037Z level=WARN service=timeline request_id=req-001037 user_id=1067 latency_ms=81 payload_bytes=1293 path=/api/v1/logs/10 message="cat log benchmark line 1037" trace=tr-00017629
2026-04-27T12:17:18.038Z level=ERROR service=session request_id=req-001038 user_id=1068 latency_ms=82 payload_bytes=1294 path=/api/v1/logs/11 message="cat log benchmark line 1038" trace=tr-00017646
2026-04-27T12:17:19.039Z level=TRACE service=renderer request_id=req-001039 user_id=1069 latency_ms=83 payload_bytes=1295 path=/api/v1/logs/12 message="cat log benchmark line 1039" trace=tr-00017663
2026-04-27T12:17:20.040Z level=INFO service=gateway request_id=req-001040 user_id=1070 latency_ms=84 payload_bytes=1296 path=/api/v1/logs/0 message="cat log benchmark line 1040" trace=tr-00017680
2026-04-27T12:17:21.041Z level=DEBUG service=timeline request_id=req-001041 user_id=1071 latency_ms=85 payload_bytes=1297 path=/api/v1/logs/1 message="cat log benchmark line 1041" trace=tr-00017697
2026-04-27T12:17:22.042Z level=WARN service=session request_id=req-001042 user_id=1072 latency_ms=86 payload_bytes=1298 path=/api/v1/logs/2 message="cat log benchmark line 1042" trace=tr-00017714
2026-04-27T12:17:23.043Z level=ERROR service=renderer request_id=req-001043 user_id=1073 latency_ms=87 payload_bytes=1299 path=/api/v1/logs/3 message="cat log benchmark line 1043" trace=tr-00017731
2026-04-27T12:17:24.044Z level=TRACE service=gateway request_id=req-001044 user_id=1074 latency_ms=88 payload_bytes=1300 path=/api/v1/logs/4 message="cat log benchmark line 1044" trace=tr-00017748
2026-04-27T12:17:25.045Z level=INFO service=timeline request_id=req-001045 user_id=1075 latency_ms=89 payload_bytes=1301 path=/api/v1/logs/5 message="cat log benchmark line 1045" trace=tr-00017765
2026-04-27T12:17:26.046Z level=DEBUG service=session request_id=req-001046 user_id=1076 latency_ms=90 payload_bytes=1302 path=/api/v1/logs/6 message="cat log benchmark line 1046" trace=tr-00017782
2026-04-27T12:17:27.047Z level=WARN service=renderer request_id=req-001047 user_id=1077 latency_ms=91 payload_bytes=1303 path=/api/v1/logs/7 message="cat log benchmark line 1047" trace=tr-00017799
2026-04-27T12:17:28.048Z level=ERROR service=gateway request_id=req-001048 user_id=1078 latency_ms=92 payload_bytes=1304 path=/api/v1/logs/8 message="cat log benchmark line 1048" trace=tr-00017816
2026-04-27T12:17:29.049Z level=TRACE service=timeline request_id=req-001049 user_id=1079 latency_ms=93 payload_bytes=1305 path=/api/v1/logs/9 message="cat log benchmark line 1049" trace=tr-00017833
2026-04-27T12:17:30.050Z level=INFO service=session request_id=req-001050 user_id=1080 latency_ms=94 payload_bytes=1306 path=/api/v1/logs/10 message="cat log benchmark line 1050" trace=tr-00017850
2026-04-27T12:17:31.051Z level=DEBUG service=renderer request_id=req-001051 user_id=1081 latency_ms=95 payload_bytes=1307 path=/api/v1/logs/11 message="cat log benchmark line 1051" trace=tr-00017867
2026-04-27T12:17:32.052Z level=WARN service=gateway request_id=req-001052 user_id=1082 latency_ms=96 payload_bytes=1308 path=/api/v1/logs/12 message="cat log benchmark line 1052" trace=tr-00017884
2026-04-27T12:17:33.053Z level=ERROR service=timeline request_id=req-001053 user_id=1083 latency_ms=97 payload_bytes=1309 path=/api/v1/logs/0 message="cat log benchmark line 1053" trace=tr-00017901
2026-04-27T12:17:34.054Z level=TRACE service=session request_id=req-001054 user_id=1084 latency_ms=98 payload_bytes=1310 path=/api/v1/logs/1 message="cat log benchmark line 1054" trace=tr-00017918
2026-04-27T12:17:35.055Z level=INFO service=renderer request_id=req-001055 user_id=1085 latency_ms=99 payload_bytes=1311 path=/api/v1/logs/2 message="cat log benchmark line 1055" trace=tr-00017935
2026-04-27T12:17:36.056Z level=DEBUG service=gateway request_id=req-001056 user_id=1086 latency_ms=100 payload_bytes=1312 path=/api/v1/logs/3 message="cat log benchmark line 1056" trace=tr-00017952
2026-04-27T12:17:37.057Z level=WARN service=timeline request_id=req-001057 user_id=1087 latency_ms=101 payload_bytes=1313 path=/api/v1/logs/4 message="cat log benchmark line 1057" trace=tr-00017969
2026-04-27T12:17:38.058Z level=ERROR service=session request_id=req-001058 user_id=1088 latency_ms=102 payload_bytes=1314 path=/api/v1/logs/5 message="cat log benchmark line 1058" trace=tr-00017986
2026-04-27T12:17:39.059Z level=TRACE service=renderer request_id=req-001059 user_id=1089 latency_ms=103 payload_bytes=1315 path=/api/v1/logs/6 message="cat log benchmark line 1059" trace=tr-00018003
2026-04-27T12:17:40.060Z level=INFO service=gateway request_id=req-001060 user_id=1090 latency_ms=104 payload_bytes=1316 path=/api/v1/logs/7 message="cat log benchmark line 1060" trace=tr-00018020
2026-04-27T12:17:41.061Z level=DEBUG service=timeline request_id=req-001061 user_id=1091 latency_ms=105 payload_bytes=1317 path=/api/v1/logs/8 message="cat log benchmark line 1061" trace=tr-00018037
2026-04-27T12:17:42.062Z level=WARN service=session request_id=req-001062 user_id=1092 latency_ms=106 payload_bytes=1318 path=/api/v1/logs/9 message="cat log benchmark line 1062" trace=tr-00018054
2026-04-27T12:17:43.063Z level=ERROR service=renderer request_id=req-001063 user_id=1093 latency_ms=107 payload_bytes=1319 path=/api/v1/logs/10 message="cat log benchmark line 1063" trace=tr-00018071
2026-04-27T12:17:44.064Z level=TRACE service=gateway request_id=req-001064 user_id=1094 latency_ms=108 payload_bytes=1320 path=/api/v1/logs/11 message="cat log benchmark line 1064" trace=tr-00018088
2026-04-27T12:17:45.065Z level=INFO service=timeline request_id=req-001065 user_id=1095 latency_ms=109 payload_bytes=1321 path=/api/v1/logs/12 message="cat log benchmark line 1065" trace=tr-00018105
2026-04-27T12:17:46.066Z level=DEBUG service=session request_id=req-001066 user_id=1096 latency_ms=110 payload_bytes=1322 path=/api/v1/logs/0 message="cat log benchmark line 1066" trace=tr-00018122
2026-04-27T12:17:47.067Z level=WARN service=renderer request_id=req-001067 user_id=1000 latency_ms=111 payload_bytes=1323 path=/api/v1/logs/1 message="cat log benchmark line 1067" trace=tr-00018139
2026-04-27T12:17:48.068Z level=ERROR service=gateway request_id=req-001068 user_id=1001 latency_ms=112 payload_bytes=1324 path=/api/v1/logs/2 message="cat log benchmark line 1068" trace=tr-00018156
2026-04-27T12:17:49.069Z level=TRACE service=timeline request_id=req-001069 user_id=1002 latency_ms=113 payload_bytes=1325 path=/api/v1/logs/3 message="cat log benchmark line 1069" trace=tr-00018173
2026-04-27T12:17:50.070Z level=INFO service=session request_id=req-001070 user_id=1003 latency_ms=114 payload_bytes=1326 path=/api/v1/logs/4 message="cat log benchmark line 1070" trace=tr-00018190
2026-04-27T12:17:51.071Z level=DEBUG service=renderer request_id=req-001071 user_id=1004 latency_ms=115 payload_bytes=1327 path=/api/v1/logs/5 message="cat log benchmark line 1071" trace=tr-00018207
2026-04-27T12:17:52.072Z level=WARN service=gateway request_id=req-001072 user_id=1005 latency_ms=116 payload_bytes=1328 path=/api/v1/logs/6 message="cat log benchmark line 1072" trace=tr-00018224
2026-04-27T12:17:53.073Z level=ERROR service=timeline request_id=req-001073 user_id=1006 latency_ms=117 payload_bytes=1329 path=/api/v1/logs/7 message="cat log benchmark line 1073" trace=tr-00018241
2026-04-27T12:17:54.074Z level=TRACE service=session request_id=req-001074 user_id=1007 latency_ms=118 payload_bytes=1330 path=/api/v1/logs/8 message="cat log benchmark line 1074" trace=tr-00018258
2026-04-27T12:17:55.075Z level=INFO service=renderer request_id=req-001075 user_id=1008 latency_ms=119 payload_bytes=1331 path=/api/v1/logs/9 message="cat log benchmark line 1075" trace=tr-00018275
2026-04-27T12:17:56.076Z level=DEBUG service=gateway request_id=req-001076 user_id=1009 latency_ms=120 payload_bytes=1332 path=/api/v1/logs/10 message="cat log benchmark line 1076" trace=tr-00018292
2026-04-27T12:17:57.077Z level=WARN service=timeline request_id=req-001077 user_id=1010 latency_ms=121 payload_bytes=1333 path=/api/v1/logs/11 message="cat log benchmark line 1077" trace=tr-00018309
2026-04-27T12:17:58.078Z level=ERROR service=session request_id=req-001078 user_id=1011 latency_ms=122 payload_bytes=1334 path=/api/v1/logs/12 message="cat log benchmark line 1078" trace=tr-00018326
2026-04-27T12:17:59.079Z level=TRACE service=renderer request_id=req-001079 user_id=1012 latency_ms=123 payload_bytes=1335 path=/api/v1/logs/0 message="cat log benchmark line 1079" trace=tr-00018343
2026-04-27T12:18:00.080Z level=INFO service=gateway request_id=req-001080 user_id=1013 latency_ms=124 payload_bytes=1336 path=/api/v1/logs/1 message="cat log benchmark line 1080" trace=tr-00018360
2026-04-27T12:18:01.081Z level=DEBUG service=timeline request_id=req-001081 user_id=1014 latency_ms=125 payload_bytes=1337 path=/api/v1/logs/2 message="cat log benchmark line 1081" trace=tr-00018377
2026-04-27T12:18:02.082Z level=WARN service=session request_id=req-001082 user_id=1015 latency_ms=126 payload_bytes=1338 path=/api/v1/logs/3 message="cat log benchmark line 1082" trace=tr-00018394
2026-04-27T12:18:03.083Z level=ERROR service=renderer request_id=req-001083 user_id=1016 latency_ms=127 payload_bytes=1339 path=/api/v1/logs/4 message="cat log benchmark line 1083" trace=tr-00018411
2026-04-27T12:18:04.084Z level=TRACE service=gateway request_id=req-001084 user_id=1017 latency_ms=128 payload_bytes=1340 path=/api/v1/logs/5 message="cat log benchmark line 1084" trace=tr-00018428
2026-04-27T12:18:05.085Z level=INFO service=timeline request_id=req-001085 user_id=1018 latency_ms=129 payload_bytes=1341 path=/api/v1/logs/6 message="cat log benchmark line 1085" trace=tr-00018445
2026-04-27T12:18:06.086Z level=DEBUG service=session request_id=req-001086 user_id=1019 latency_ms=130 payload_bytes=1342 path=/api/v1/logs/7 message="cat log benchmark line 1086" trace=tr-00018462
2026-04-27T12:18:07.087Z level=WARN service=renderer request_id=req-001087 user_id=1020 latency_ms=131 payload_bytes=1343 path=/api/v1/logs/8 message="cat log benchmark line 1087" trace=tr-00018479
2026-04-27T12:18:08.088Z level=ERROR service=gateway request_id=req-001088 user_id=1021 latency_ms=132 payload_bytes=1344 path=/api/v1/logs/9 message="cat log benchmark line 1088" trace=tr-00018496
2026-04-27T12:18:09.089Z level=TRACE service=timeline request_id=req-001089 user_id=1022 latency_ms=133 payload_bytes=1345 path=/api/v1/logs/10 message="cat log benchmark line 1089" trace=tr-00018513
2026-04-27T12:18:10.090Z level=INFO service=session request_id=req-001090 user_id=1023 latency_ms=134 payload_bytes=1346 path=/api/v1/logs/11 message="cat log benchmark line 1090" trace=tr-00018530
2026-04-27T12:18:11.091Z level=DEBUG service=renderer request_id=req-001091 user_id=1024 latency_ms=135 payload_bytes=1347 path=/api/v1/logs/12 message="cat log benchmark line 1091" trace=tr-00018547
2026-04-27T12:18:12.092Z level=WARN service=gateway request_id=req-001092 user_id=1025 latency_ms=136 payload_bytes=1348 path=/api/v1/logs/0 message="cat log benchmark line 1092" trace=tr-00018564
2026-04-27T12:18:13.093Z level=ERROR service=timeline request_id=req-001093 user_id=1026 latency_ms=137 payload_bytes=1349 path=/api/v1/logs/1 message="cat log benchmark line 1093" trace=tr-00018581
2026-04-27T12:18:14.094Z level=TRACE service=session request_id=req-001094 user_id=1027 latency_ms=138 payload_bytes=1350 path=/api/v1/logs/2 message="cat log benchmark line 1094" trace=tr-00018598
2026-04-27T12:18:15.095Z level=INFO service=renderer request_id=req-001095 user_id=1028 latency_ms=139 payload_bytes=1351 path=/api/v1/logs/3 message="cat log benchmark line 1095" trace=tr-00018615
2026-04-27T12:18:16.096Z level=DEBUG service=gateway request_id=req-001096 user_id=1029 latency_ms=140 payload_bytes=1352 path=/api/v1/logs/4 message="cat log benchmark line 1096" trace=tr-00018632
2026-04-27T12:18:17.097Z level=WARN service=timeline request_id=req-001097 user_id=1030 latency_ms=141 payload_bytes=1353 path=/api/v1/logs/5 message="cat log benchmark line 1097" trace=tr-00018649
2026-04-27T12:18:18.098Z level=ERROR service=session request_id=req-001098 user_id=1031 latency_ms=142 payload_bytes=1354 path=/api/v1/logs/6 message="cat log benchmark line 1098" trace=tr-00018666
2026-04-27T12:18:19.099Z level=TRACE service=renderer request_id=req-001099 user_id=1032 latency_ms=143 payload_bytes=1355 path=/api/v1/logs/7 message="cat log benchmark line 1099" trace=tr-00018683
2026-04-27T12:18:20.100Z level=INFO service=gateway request_id=req-001100 user_id=1033 latency_ms=144 payload_bytes=1356 path=/api/v1/logs/8 message="cat log benchmark line 1100" trace=tr-00018700
2026-04-27T12:18:21.101Z level=DEBUG service=timeline request_id=req-001101 user_id=1034 latency_ms=145 payload_bytes=1357 path=/api/v1/logs/9 message="cat log benchmark line 1101" trace=tr-00018717
2026-04-27T12:18:22.102Z level=WARN service=session request_id=req-001102 user_id=1035 latency_ms=146 payload_bytes=1358 path=/api/v1/logs/10 message="cat log benchmark line 1102" trace=tr-00018734
2026-04-27T12:18:23.103Z level=ERROR service=renderer request_id=req-001103 user_id=1036 latency_ms=147 payload_bytes=1359 path=/api/v1/logs/11 message="cat log benchmark line 1103" trace=tr-00018751
2026-04-27T12:18:24.104Z level=TRACE service=gateway request_id=req-001104 user_id=1037 latency_ms=148 payload_bytes=1360 path=/api/v1/logs/12 message="cat log benchmark line 1104" trace=tr-00018768
2026-04-27T12:18:25.105Z level=INFO service=timeline request_id=req-001105 user_id=1038 latency_ms=149 payload_bytes=1361 path=/api/v1/logs/0 message="cat log benchmark line 1105" trace=tr-00018785
2026-04-27T12:18:26.106Z level=DEBUG service=session request_id=req-001106 user_id=1039 latency_ms=150 payload_bytes=1362 path=/api/v1/logs/1 message="cat log benchmark line 1106" trace=tr-00018802
2026-04-27T12:18:27.107Z level=WARN service=renderer request_id=req-001107 user_id=1040 latency_ms=151 payload_bytes=1363 path=/api/v1/logs/2 message="cat log benchmark line 1107" trace=tr-00018819
2026-04-27T12:18:28.108Z level=ERROR service=gateway request_id=req-001108 user_id=1041 latency_ms=152 payload_bytes=1364 path=/api/v1/logs/3 message="cat log benchmark line 1108" trace=tr-00018836
2026-04-27T12:18:29.109Z level=TRACE service=timeline request_id=req-001109 user_id=1042 latency_ms=153 payload_bytes=1365 path=/api/v1/logs/4 message="cat log benchmark line 1109" trace=tr-00018853
2026-04-27T12:18:30.110Z level=INFO service=session request_id=req-001110 user_id=1043 latency_ms=154 payload_bytes=1366 path=/api/v1/logs/5 message="cat log benchmark line 1110" trace=tr-00018870
2026-04-27T12:18:31.111Z level=DEBUG service=renderer request_id=req-001111 user_id=1044 latency_ms=155 payload_bytes=1367 path=/api/v1/logs/6 message="cat log benchmark line 1111" trace=tr-00018887
2026-04-27T12:18:32.112Z level=WARN service=gateway request_id=req-001112 user_id=1045 latency_ms=156 payload_bytes=1368 path=/api/v1/logs/7 message="cat log benchmark line 1112" trace=tr-00018904
2026-04-27T12:18:33.113Z level=ERROR service=timeline request_id=req-001113 user_id=1046 latency_ms=157 payload_bytes=1369 path=/api/v1/logs/8 message="cat log benchmark line 1113" trace=tr-00018921
2026-04-27T12:18:34.114Z level=TRACE service=session request_id=req-001114 user_id=1047 latency_ms=158 payload_bytes=1370 path=/api/v1/logs/9 message="cat log benchmark line 1114" trace=tr-00018938
2026-04-27T12:18:35.115Z level=INFO service=renderer request_id=req-001115 user_id=1048 latency_ms=159 payload_bytes=1371 path=/api/v1/logs/10 message="cat log benchmark line 1115" trace=tr-00018955
2026-04-27T12:18:36.116Z level=DEBUG service=gateway request_id=req-001116 user_id=1049 latency_ms=160 payload_bytes=1372 path=/api/v1/logs/11 message="cat log benchmark line 1116" trace=tr-00018972
2026-04-27T12:18:37.117Z level=WARN service=timeline request_id=req-001117 user_id=1050 latency_ms=161 payload_bytes=1373 path=/api/v1/logs/12 message="cat log benchmark line 1117" trace=tr-00018989
2026-04-27T12:18:38.118Z level=ERROR service=session request_id=req-001118 user_id=1051 latency_ms=162 payload_bytes=1374 path=/api/v1/logs/0 message="cat log benchmark line 1118" trace=tr-00019006
2026-04-27T12:18:39.119Z level=TRACE service=renderer request_id=req-001119 user_id=1052 latency_ms=163 payload_bytes=1375 path=/api/v1/logs/1 message="cat log benchmark line 1119" trace=tr-00019023
2026-04-27T12:18:40.120Z level=INFO service=gateway request_id=req-001120 user_id=1053 latency_ms=164 payload_bytes=1376 path=/api/v1/logs/2 message="cat log benchmark line 1120" trace=tr-00019040
2026-04-27T12:18:41.121Z level=DEBUG service=timeline request_id=req-001121 user_id=1054 latency_ms=165 payload_bytes=1377 path=/api/v1/logs/3 message="cat log benchmark line 1121" trace=tr-00019057
2026-04-27T12:18:42.122Z level=WARN service=session request_id=req-001122 user_id=1055 latency_ms=166 payload_bytes=1378 path=/api/v1/logs/4 message="cat log benchmark line 1122" trace=tr-00019074
2026-04-27T12:18:43.123Z level=ERROR service=renderer request_id=req-001123 user_id=1056 latency_ms=167 payload_bytes=1379 path=/api/v1/logs/5 message="cat log benchmark line 1123" trace=tr-00019091
2026-04-27T12:18:44.124Z level=TRACE service=gateway request_id=req-001124 user_id=1057 latency_ms=168 payload_bytes=1380 path=/api/v1/logs/6 message="cat log benchmark line 1124" trace=tr-00019108
2026-04-27T12:18:45.125Z level=INFO service=timeline request_id=req-001125 user_id=1058 latency_ms=169 payload_bytes=1381 path=/api/v1/logs/7 message="cat log benchmark line 1125" trace=tr-00019125
2026-04-27T12:18:46.126Z level=DEBUG service=session request_id=req-001126 user_id=1059 latency_ms=170 payload_bytes=1382 path=/api/v1/logs/8 message="cat log benchmark line 1126" trace=tr-00019142
2026-04-27T12:18:47.127Z level=WARN service=renderer request_id=req-001127 user_id=1060 latency_ms=171 payload_bytes=1383 path=/api/v1/logs/9 message="cat log benchmark line 1127" trace=tr-00019159
2026-04-27T12:18:48.128Z level=ERROR service=gateway request_id=req-001128 user_id=1061 latency_ms=172 payload_bytes=1384 path=/api/v1/logs/10 message="cat log benchmark line 1128" trace=tr-00019176
2026-04-27T12:18:49.129Z level=TRACE service=timeline request_id=req-001129 user_id=1062 latency_ms=173 payload_bytes=1385 path=/api/v1/logs/11 message="cat log benchmark line 1129" trace=tr-00019193
2026-04-27T12:18:50.130Z level=INFO service=session request_id=req-001130 user_id=1063 latency_ms=174 payload_bytes=1386 path=/api/v1/logs/12 message="cat log benchmark line 1130" trace=tr-00019210
2026-04-27T12:18:51.131Z level=DEBUG service=renderer request_id=req-001131 user_id=1064 latency_ms=175 payload_bytes=1387 path=/api/v1/logs/0 message="cat log benchmark line 1131" trace=tr-00019227
2026-04-27T12:18:52.132Z level=WARN service=gateway request_id=req-001132 user_id=1065 latency_ms=176 payload_bytes=1388 path=/api/v1/logs/1 message="cat log benchmark line 1132" trace=tr-00019244
2026-04-27T12:18:53.133Z level=ERROR service=timeline request_id=req-001133 user_id=1066 latency_ms=177 payload_bytes=1389 path=/api/v1/logs/2 message="cat log benchmark line 1133" trace=tr-00019261
2026-04-27T12:18:54.134Z level=TRACE service=session request_id=req-001134 user_id=1067 latency_ms=178 payload_bytes=1390 path=/api/v1/logs/3 message="cat log benchmark line 1134" trace=tr-00019278
2026-04-27T12:18:55.135Z level=INFO service=renderer request_id=req-001135 user_id=1068 latency_ms=179 payload_bytes=1391 path=/api/v1/logs/4 message="cat log benchmark line 1135" trace=tr-00019295
2026-04-27T12:18:56.136Z level=DEBUG service=gateway request_id=req-001136 user_id=1069 latency_ms=180 payload_bytes=1392 path=/api/v1/logs/5 message="cat log benchmark line 1136" trace=tr-00019312
2026-04-27T12:18:57.137Z level=WARN service=timeline request_id=req-001137 user_id=1070 latency_ms=181 payload_bytes=1393 path=/api/v1/logs/6 message="cat log benchmark line 1137" trace=tr-00019329
2026-04-27T12:18:58.138Z level=ERROR service=session request_id=req-001138 user_id=1071 latency_ms=182 payload_bytes=1394 path=/api/v1/logs/7 message="cat log benchmark line 1138" trace=tr-00019346
2026-04-27T12:18:59.139Z level=TRACE service=renderer request_id=req-001139 user_id=1072 latency_ms=183 payload_bytes=1395 path=/api/v1/logs/8 message="cat log benchmark line 1139" trace=tr-00019363
2026-04-27T12:19:00.140Z level=INFO service=gateway request_id=req-001140 user_id=1073 latency_ms=184 payload_bytes=1396 path=/api/v1/logs/9 message="cat log benchmark line 1140" trace=tr-00019380
2026-04-27T12:19:01.141Z level=DEBUG service=timeline request_id=req-001141 user_id=1074 latency_ms=185 payload_bytes=1397 path=/api/v1/logs/10 message="cat log benchmark line 1141" trace=tr-00019397
2026-04-27T12:19:02.142Z level=WARN service=session request_id=req-001142 user_id=1075 latency_ms=186 payload_bytes=1398 path=/api/v1/logs/11 message="cat log benchmark line 1142" trace=tr-00019414
2026-04-27T12:19:03.143Z level=ERROR service=renderer request_id=req-001143 user_id=1076 latency_ms=187 payload_bytes=1399 path=/api/v1/logs/12 message="cat log benchmark line 1143" trace=tr-00019431
2026-04-27T12:19:04.144Z level=TRACE service=gateway request_id=req-001144 user_id=1077 latency_ms=188 payload_bytes=1400 path=/api/v1/logs/0 message="cat log benchmark line 1144" trace=tr-00019448
2026-04-27T12:19:05.145Z level=INFO service=timeline request_id=req-001145 user_id=1078 latency_ms=189 payload_bytes=1401 path=/api/v1/logs/1 message="cat log benchmark line 1145" trace=tr-00019465
2026-04-27T12:19:06.146Z level=DEBUG service=session request_id=req-001146 user_id=1079 latency_ms=190 payload_bytes=1402 path=/api/v1/logs/2 message="cat log benchmark line 1146" trace=tr-00019482
2026-04-27T12:19:07.147Z level=WARN service=renderer request_id=req-001147 user_id=1080 latency_ms=191 payload_bytes=1403 path=/api/v1/logs/3 message="cat log benchmark line 1147" trace=tr-00019499
2026-04-27T12:19:08.148Z level=ERROR service=gateway request_id=req-001148 user_id=1081 latency_ms=192 payload_bytes=1404 path=/api/v1/logs/4 message="cat log benchmark line 1148" trace=tr-00019516
2026-04-27T12:19:09.149Z level=TRACE service=timeline request_id=req-001149 user_id=1082 latency_ms=193 payload_bytes=1405 path=/api/v1/logs/5 message="cat log benchmark line 1149" trace=tr-00019533
2026-04-27T12:19:10.150Z level=INFO service=session request_id=req-001150 user_id=1083 latency_ms=194 payload_bytes=1406 path=/api/v1/logs/6 message="cat log benchmark line 1150" trace=tr-00019550
2026-04-27T12:19:11.151Z level=DEBUG service=renderer request_id=req-001151 user_id=1084 latency_ms=195 payload_bytes=1407 path=/api/v1/logs/7 message="cat log benchmark line 1151" trace=tr-00019567
2026-04-27T12:19:12.152Z level=WARN service=gateway request_id=req-001152 user_id=1085 latency_ms=196 payload_bytes=1408 path=/api/v1/logs/8 message="cat log benchmark line 1152" trace=tr-00019584
2026-04-27T12:19:13.153Z level=ERROR service=timeline request_id=req-001153 user_id=1086 latency_ms=197 payload_bytes=1409 path=/api/v1/logs/9 message="cat log benchmark line 1153" trace=tr-00019601
2026-04-27T12:19:14.154Z level=TRACE service=session request_id=req-001154 user_id=1087 latency_ms=198 payload_bytes=1410 path=/api/v1/logs/10 message="cat log benchmark line 1154" trace=tr-00019618
2026-04-27T12:19:15.155Z level=INFO service=renderer request_id=req-001155 user_id=1088 latency_ms=199 payload_bytes=1411 path=/api/v1/logs/11 message="cat log benchmark line 1155" trace=tr-00019635
2026-04-27T12:19:16.156Z level=DEBUG service=gateway request_id=req-001156 user_id=1089 latency_ms=200 payload_bytes=1412 path=/api/v1/logs/12 message="cat log benchmark line 1156" trace=tr-00019652
2026-04-27T12:19:17.157Z level=WARN service=timeline request_id=req-001157 user_id=1090 latency_ms=201 payload_bytes=1413 path=/api/v1/logs/0 message="cat log benchmark line 1157" trace=tr-00019669
2026-04-27T12:19:18.158Z level=ERROR service=session request_id=req-001158 user_id=1091 latency_ms=202 payload_bytes=1414 path=/api/v1/logs/1 message="cat log benchmark line 1158" trace=tr-00019686
2026-04-27T12:19:19.159Z level=TRACE service=renderer request_id=req-001159 user_id=1092 latency_ms=203 payload_bytes=1415 path=/api/v1/logs/2 message="cat log benchmark line 1159" trace=tr-00019703
2026-04-27T12:19:20.160Z level=INFO service=gateway request_id=req-001160 user_id=1093 latency_ms=204 payload_bytes=1416 path=/api/v1/logs/3 message="cat log benchmark line 1160" trace=tr-00019720
2026-04-27T12:19:21.161Z level=DEBUG service=timeline request_id=req-001161 user_id=1094 latency_ms=205 payload_bytes=1417 path=/api/v1/logs/4 message="cat log benchmark line 1161" trace=tr-00019737
2026-04-27T12:19:22.162Z level=WARN service=session request_id=req-001162 user_id=1095 latency_ms=206 payload_bytes=1418 path=/api/v1/logs/5 message="cat log benchmark line 1162" trace=tr-00019754
2026-04-27T12:19:23.163Z level=ERROR service=renderer request_id=req-001163 user_id=1096 latency_ms=207 payload_bytes=1419 path=/api/v1/logs/6 message="cat log benchmark line 1163" trace=tr-00019771
2026-04-27T12:19:24.164Z level=TRACE service=gateway request_id=req-001164 user_id=1000 latency_ms=208 payload_bytes=1420 path=/api/v1/logs/7 message="cat log benchmark line 1164" trace=tr-00019788
2026-04-27T12:19:25.165Z level=INFO service=timeline request_id=req-001165 user_id=1001 latency_ms=209 payload_bytes=1421 path=/api/v1/logs/8 message="cat log benchmark line 1165" trace=tr-00019805
2026-04-27T12:19:26.166Z level=DEBUG service=session request_id=req-001166 user_id=1002 latency_ms=210 payload_bytes=1422 path=/api/v1/logs/9 message="cat log benchmark line 1166" trace=tr-00019822
2026-04-27T12:19:27.167Z level=WARN service=renderer request_id=req-001167 user_id=1003 latency_ms=211 payload_bytes=1423 path=/api/v1/logs/10 message="cat log benchmark line 1167" trace=tr-00019839
2026-04-27T12:19:28.168Z level=ERROR service=gateway request_id=req-001168 user_id=1004 latency_ms=212 payload_bytes=1424 path=/api/v1/logs/11 message="cat log benchmark line 1168" trace=tr-00019856
2026-04-27T12:19:29.169Z level=TRACE service=timeline request_id=req-001169 user_id=1005 latency_ms=213 payload_bytes=1425 path=/api/v1/logs/12 message="cat log benchmark line 1169" trace=tr-00019873
2026-04-27T12:19:30.170Z level=INFO service=session request_id=req-001170 user_id=1006 latency_ms=214 payload_bytes=1426 path=/api/v1/logs/0 message="cat log benchmark line 1170" trace=tr-00019890
2026-04-27T12:19:31.171Z level=DEBUG service=renderer request_id=req-001171 user_id=1007 latency_ms=215 payload_bytes=1427 path=/api/v1/logs/1 message="cat log benchmark line 1171" trace=tr-00019907
2026-04-27T12:19:32.172Z level=WARN service=gateway request_id=req-001172 user_id=1008 latency_ms=216 payload_bytes=1428 path=/api/v1/logs/2 message="cat log benchmark line 1172" trace=tr-00019924
2026-04-27T12:19:33.173Z level=ERROR service=timeline request_id=req-001173 user_id=1009 latency_ms=217 payload_bytes=1429 path=/api/v1/logs/3 message="cat log benchmark line 1173" trace=tr-00019941
2026-04-27T12:19:34.174Z level=TRACE service=session request_id=req-001174 user_id=1010 latency_ms=218 payload_bytes=1430 path=/api/v1/logs/4 message="cat log benchmark line 1174" trace=tr-00019958
2026-04-27T12:19:35.175Z level=INFO service=renderer request_id=req-001175 user_id=1011 latency_ms=219 payload_bytes=1431 path=/api/v1/logs/5 message="cat log benchmark line 1175" trace=tr-00019975
2026-04-27T12:19:36.176Z level=DEBUG service=gateway request_id=req-001176 user_id=1012 latency_ms=220 payload_bytes=1432 path=/api/v1/logs/6 message="cat log benchmark line 1176" trace=tr-00019992
2026-04-27T12:19:37.177Z level=WARN service=timeline request_id=req-001177 user_id=1013 latency_ms=221 payload_bytes=1433 path=/api/v1/logs/7 message="cat log benchmark line 1177" trace=tr-00020009
2026-04-27T12:19:38.178Z level=ERROR service=session request_id=req-001178 user_id=1014 latency_ms=222 payload_bytes=1434 path=/api/v1/logs/8 message="cat log benchmark line 1178" trace=tr-00020026
2026-04-27T12:19:39.179Z level=TRACE service=renderer request_id=req-001179 user_id=1015 latency_ms=223 payload_bytes=1435 path=/api/v1/logs/9 message="cat log benchmark line 1179" trace=tr-00020043
2026-04-27T12:19:40.180Z level=INFO service=gateway request_id=req-001180 user_id=1016 latency_ms=224 payload_bytes=1436 path=/api/v1/logs/10 message="cat log benchmark line 1180" trace=tr-00020060
2026-04-27T12:19:41.181Z level=DEBUG service=timeline request_id=req-001181 user_id=1017 latency_ms=225 payload_bytes=1437 path=/api/v1/logs/11 message="cat log benchmark line 1181" trace=tr-00020077
2026-04-27T12:19:42.182Z level=WARN service=session request_id=req-001182 user_id=1018 latency_ms=226 payload_bytes=1438 path=/api/v1/logs/12 message="cat log benchmark line 1182" trace=tr-00020094
2026-04-27T12:19:43.183Z level=ERROR service=renderer request_id=req-001183 user_id=1019 latency_ms=227 payload_bytes=1439 path=/api/v1/logs/0 message="cat log benchmark line 1183" trace=tr-00020111
2026-04-27T12:19:44.184Z level=TRACE service=gateway request_id=req-001184 user_id=1020 latency_ms=228 payload_bytes=1440 path=/api/v1/logs/1 message="cat log benchmark line 1184" trace=tr-00020128
2026-04-27T12:19:45.185Z level=INFO service=timeline request_id=req-001185 user_id=1021 latency_ms=229 payload_bytes=1441 path=/api/v1/logs/2 message="cat log benchmark line 1185" trace=tr-00020145
2026-04-27T12:19:46.186Z level=DEBUG service=session request_id=req-001186 user_id=1022 latency_ms=230 payload_bytes=1442 path=/api/v1/logs/3 message="cat log benchmark line 1186" trace=tr-00020162
2026-04-27T12:19:47.187Z level=WARN service=renderer request_id=req-001187 user_id=1023 latency_ms=231 payload_bytes=1443 path=/api/v1/logs/4 message="cat log benchmark line 1187" trace=tr-00020179
2026-04-27T12:19:48.188Z level=ERROR service=gateway request_id=req-001188 user_id=1024 latency_ms=232 payload_bytes=1444 path=/api/v1/logs/5 message="cat log benchmark line 1188" trace=tr-00020196
2026-04-27T12:19:49.189Z level=TRACE service=timeline request_id=req-001189 user_id=1025 latency_ms=233 payload_bytes=1445 path=/api/v1/logs/6 message="cat log benchmark line 1189" trace=tr-00020213
2026-04-27T12:19:50.190Z level=INFO service=session request_id=req-001190 user_id=1026 latency_ms=234 payload_bytes=1446 path=/api/v1/logs/7 message="cat log benchmark line 1190" trace=tr-00020230
2026-04-27T12:19:51.191Z level=DEBUG service=renderer request_id=req-001191 user_id=1027 latency_ms=235 payload_bytes=1447 path=/api/v1/logs/8 message="cat log benchmark line 1191" trace=tr-00020247
2026-04-27T12:19:52.192Z level=WARN service=gateway request_id=req-001192 user_id=1028 latency_ms=236 payload_bytes=1448 path=/api/v1/logs/9 message="cat log benchmark line 1192" trace=tr-00020264
2026-04-27T12:19:53.193Z level=ERROR service=timeline request_id=req-001193 user_id=1029 latency_ms=237 payload_bytes=1449 path=/api/v1/logs/10 message="cat log benchmark line 1193" trace=tr-00020281
2026-04-27T12:19:54.194Z level=TRACE service=session request_id=req-001194 user_id=1030 latency_ms=238 payload_bytes=1450 path=/api/v1/logs/11 message="cat log benchmark line 1194" trace=tr-00020298
2026-04-27T12:19:55.195Z level=INFO service=renderer request_id=req-001195 user_id=1031 latency_ms=239 payload_bytes=1451 path=/api/v1/logs/12 message="cat log benchmark line 1195" trace=tr-00020315
2026-04-27T12:19:56.196Z level=DEBUG service=gateway request_id=req-001196 user_id=1032 latency_ms=240 payload_bytes=1452 path=/api/v1/logs/0 message="cat log benchmark line 1196" trace=tr-00020332
2026-04-27T12:19:57.197Z level=WARN service=timeline request_id=req-001197 user_id=1033 latency_ms=241 payload_bytes=1453 path=/api/v1/logs/1 message="cat log benchmark line 1197" trace=tr-00020349
2026-04-27T12:19:58.198Z level=ERROR service=session request_id=req-001198 user_id=1034 latency_ms=242 payload_bytes=1454 path=/api/v1/logs/2 message="cat log benchmark line 1198" trace=tr-00020366
2026-04-27T12:19:59.199Z level=TRACE service=renderer request_id=req-001199 user_id=1035 latency_ms=243 payload_bytes=1455 path=/api/v1/logs/3 message="cat log benchmark line 1199" trace=tr-00020383
2026-04-27T12:20:00.200Z level=INFO service=gateway request_id=req-001200 user_id=1036 latency_ms=4 payload_bytes=1456 path=/api/v1/logs/4 message="cat log benchmark line 1200" trace=tr-00020400
2026-04-27T12:20:01.201Z level=DEBUG service=timeline request_id=req-001201 user_id=1037 latency_ms=5 payload_bytes=1457 path=/api/v1/logs/5 message="cat log benchmark line 1201" trace=tr-00020417
2026-04-27T12:20:02.202Z level=WARN service=session request_id=req-001202 user_id=1038 latency_ms=6 payload_bytes=1458 path=/api/v1/logs/6 message="cat log benchmark line 1202" trace=tr-00020434
2026-04-27T12:20:03.203Z level=ERROR service=renderer request_id=req-001203 user_id=1039 latency_ms=7 payload_bytes=1459 path=/api/v1/logs/7 message="cat log benchmark line 1203" trace=tr-00020451
2026-04-27T12:20:04.204Z level=TRACE service=gateway request_id=req-001204 user_id=1040 latency_ms=8 payload_bytes=1460 path=/api/v1/logs/8 message="cat log benchmark line 1204" trace=tr-00020468
2026-04-27T12:20:05.205Z level=INFO service=timeline request_id=req-001205 user_id=1041 latency_ms=9 payload_bytes=1461 path=/api/v1/logs/9 message="cat log benchmark line 1205" trace=tr-00020485
2026-04-27T12:20:06.206Z level=DEBUG service=session request_id=req-001206 user_id=1042 latency_ms=10 payload_bytes=1462 path=/api/v1/logs/10 message="cat log benchmark line 1206" trace=tr-00020502
2026-04-27T12:20:07.207Z level=WARN service=renderer request_id=req-001207 user_id=1043 latency_ms=11 payload_bytes=1463 path=/api/v1/logs/11 message="cat log benchmark line 1207" trace=tr-00020519
2026-04-27T12:20:08.208Z level=ERROR service=gateway request_id=req-001208 user_id=1044 latency_ms=12 payload_bytes=1464 path=/api/v1/logs/12 message="cat log benchmark line 1208" trace=tr-00020536
2026-04-27T12:20:09.209Z level=TRACE service=timeline request_id=req-001209 user_id=1045 latency_ms=13 payload_bytes=1465 path=/api/v1/logs/0 message="cat log benchmark line 1209" trace=tr-00020553
2026-04-27T12:20:10.210Z level=INFO service=session request_id=req-001210 user_id=1046 latency_ms=14 payload_bytes=1466 path=/api/v1/logs/1 message="cat log benchmark line 1210" trace=tr-00020570
2026-04-27T12:20:11.211Z level=DEBUG service=renderer request_id=req-001211 user_id=1047 latency_ms=15 payload_bytes=1467 path=/api/v1/logs/2 message="cat log benchmark line 1211" trace=tr-00020587
2026-04-27T12:20:12.212Z level=WARN service=gateway request_id=req-001212 user_id=1048 latency_ms=16 payload_bytes=1468 path=/api/v1/logs/3 message="cat log benchmark line 1212" trace=tr-00020604
2026-04-27T12:20:13.213Z level=ERROR service=timeline request_id=req-001213 user_id=1049 latency_ms=17 payload_bytes=1469 path=/api/v1/logs/4 message="cat log benchmark line 1213" trace=tr-00020621
2026-04-27T12:20:14.214Z level=TRACE service=session request_id=req-001214 user_id=1050 latency_ms=18 payload_bytes=1470 path=/api/v1/logs/5 message="cat log benchmark line 1214" trace=tr-00020638
2026-04-27T12:20:15.215Z level=INFO service=renderer request_id=req-001215 user_id=1051 latency_ms=19 payload_bytes=1471 path=/api/v1/logs/6 message="cat log benchmark line 1215" trace=tr-00020655
2026-04-27T12:20:16.216Z level=DEBUG service=gateway request_id=req-001216 user_id=1052 latency_ms=20 payload_bytes=1472 path=/api/v1/logs/7 message="cat log benchmark line 1216" trace=tr-00020672
2026-04-27T12:20:17.217Z level=WARN service=timeline request_id=req-001217 user_id=1053 latency_ms=21 payload_bytes=1473 path=/api/v1/logs/8 message="cat log benchmark line 1217" trace=tr-00020689
2026-04-27T12:20:18.218Z level=ERROR service=session request_id=req-001218 user_id=1054 latency_ms=22 payload_bytes=1474 path=/api/v1/logs/9 message="cat log benchmark line 1218" trace=tr-00020706
2026-04-27T12:20:19.219Z level=TRACE service=renderer request_id=req-001219 user_id=1055 latency_ms=23 payload_bytes=1475 path=/api/v1/logs/10 message="cat log benchmark line 1219" trace=tr-00020723
2026-04-27T12:20:20.220Z level=INFO service=gateway request_id=req-001220 user_id=1056 latency_ms=24 payload_bytes=1476 path=/api/v1/logs/11 message="cat log benchmark line 1220" trace=tr-00020740
2026-04-27T12:20:21.221Z level=DEBUG service=timeline request_id=req-001221 user_id=1057 latency_ms=25 payload_bytes=1477 path=/api/v1/logs/12 message="cat log benchmark line 1221" trace=tr-00020757
2026-04-27T12:20:22.222Z level=WARN service=session request_id=req-001222 user_id=1058 latency_ms=26 payload_bytes=1478 path=/api/v1/logs/0 message="cat log benchmark line 1222" trace=tr-00020774
2026-04-27T12:20:23.223Z level=ERROR service=renderer request_id=req-001223 user_id=1059 latency_ms=27 payload_bytes=1479 path=/api/v1/logs/1 message="cat log benchmark line 1223" trace=tr-00020791
2026-04-27T12:20:24.224Z level=TRACE service=gateway request_id=req-001224 user_id=1060 latency_ms=28 payload_bytes=1480 path=/api/v1/logs/2 message="cat log benchmark line 1224" trace=tr-00020808
2026-04-27T12:20:25.225Z level=INFO service=timeline request_id=req-001225 user_id=1061 latency_ms=29 payload_bytes=1481 path=/api/v1/logs/3 message="cat log benchmark line 1225" trace=tr-00020825
2026-04-27T12:20:26.226Z level=DEBUG service=session request_id=req-001226 user_id=1062 latency_ms=30 payload_bytes=1482 path=/api/v1/logs/4 message="cat log benchmark line 1226" trace=tr-00020842
2026-04-27T12:20:27.227Z level=WARN service=renderer request_id=req-001227 user_id=1063 latency_ms=31 payload_bytes=1483 path=/api/v1/logs/5 message="cat log benchmark line 1227" trace=tr-00020859
2026-04-27T12:20:28.228Z level=ERROR service=gateway request_id=req-001228 user_id=1064 latency_ms=32 payload_bytes=1484 path=/api/v1/logs/6 message="cat log benchmark line 1228" trace=tr-00020876
2026-04-27T12:20:29.229Z level=TRACE service=timeline request_id=req-001229 user_id=1065 latency_ms=33 payload_bytes=1485 path=/api/v1/logs/7 message="cat log benchmark line 1229" trace=tr-00020893
2026-04-27T12:20:30.230Z level=INFO service=session request_id=req-001230 user_id=1066 latency_ms=34 payload_bytes=1486 path=/api/v1/logs/8 message="cat log benchmark line 1230" trace=tr-00020910
2026-04-27T12:20:31.231Z level=DEBUG service=renderer request_id=req-001231 user_id=1067 latency_ms=35 payload_bytes=1487 path=/api/v1/logs/9 message="cat log benchmark line 1231" trace=tr-00020927
2026-04-27T12:20:32.232Z level=WARN service=gateway request_id=req-001232 user_id=1068 latency_ms=36 payload_bytes=1488 path=/api/v1/logs/10 message="cat log benchmark line 1232" trace=tr-00020944
2026-04-27T12:20:33.233Z level=ERROR service=timeline request_id=req-001233 user_id=1069 latency_ms=37 payload_bytes=1489 path=/api/v1/logs/11 message="cat log benchmark line 1233" trace=tr-00020961
2026-04-27T12:20:34.234Z level=TRACE service=session request_id=req-001234 user_id=1070 latency_ms=38 payload_bytes=1490 path=/api/v1/logs/12 message="cat log benchmark line 1234" trace=tr-00020978
2026-04-27T12:20:35.235Z level=INFO service=renderer request_id=req-001235 user_id=1071 latency_ms=39 payload_bytes=1491 path=/api/v1/logs/0 message="cat log benchmark line 1235" trace=tr-00020995
2026-04-27T12:20:36.236Z level=DEBUG service=gateway request_id=req-001236 user_id=1072 latency_ms=40 payload_bytes=1492 path=/api/v1/logs/1 message="cat log benchmark line 1236" trace=tr-00021012
2026-04-27T12:20:37.237Z level=WARN service=timeline request_id=req-001237 user_id=1073 latency_ms=41 payload_bytes=1493 path=/api/v1/logs/2 message="cat log benchmark line 1237" trace=tr-00021029
2026-04-27T12:20:38.238Z level=ERROR service=session request_id=req-001238 user_id=1074 latency_ms=42 payload_bytes=1494 path=/api/v1/logs/3 message="cat log benchmark line 1238" trace=tr-00021046
2026-04-27T12:20:39.239Z level=TRACE service=renderer request_id=req-001239 user_id=1075 latency_ms=43 payload_bytes=1495 path=/api/v1/logs/4 message="cat log benchmark line 1239" trace=tr-00021063
2026-04-27T12:20:40.240Z level=INFO service=gateway request_id=req-001240 user_id=1076 latency_ms=44 payload_bytes=1496 path=/api/v1/logs/5 message="cat log benchmark line 1240" trace=tr-00021080
2026-04-27T12:20:41.241Z level=DEBUG service=timeline request_id=req-001241 user_id=1077 latency_ms=45 payload_bytes=1497 path=/api/v1/logs/6 message="cat log benchmark line 1241" trace=tr-00021097
2026-04-27T12:20:42.242Z level=WARN service=session request_id=req-001242 user_id=1078 latency_ms=46 payload_bytes=1498 path=/api/v1/logs/7 message="cat log benchmark line 1242" trace=tr-00021114
2026-04-27T12:20:43.243Z level=ERROR service=renderer request_id=req-001243 user_id=1079 latency_ms=47 payload_bytes=1499 path=/api/v1/logs/8 message="cat log benchmark line 1243" trace=tr-00021131
2026-04-27T12:20:44.244Z level=TRACE service=gateway request_id=req-001244 user_id=1080 latency_ms=48 payload_bytes=1500 path=/api/v1/logs/9 message="cat log benchmark line 1244" trace=tr-00021148
2026-04-27T12:20:45.245Z level=INFO service=timeline request_id=req-001245 user_id=1081 latency_ms=49 payload_bytes=1501 path=/api/v1/logs/10 message="cat log benchmark line 1245" trace=tr-00021165
2026-04-27T12:20:46.246Z level=DEBUG service=session request_id=req-001246 user_id=1082 latency_ms=50 payload_bytes=1502 path=/api/v1/logs/11 message="cat log benchmark line 1246" trace=tr-00021182
2026-04-27T12:20:47.247Z level=WARN service=renderer request_id=req-001247 user_id=1083 latency_ms=51 payload_bytes=1503 path=/api/v1/logs/12 message="cat log benchmark line 1247" trace=tr-00021199
2026-04-27T12:20:48.248Z level=ERROR service=gateway request_id=req-001248 user_id=1084 latency_ms=52 payload_bytes=1504 path=/api/v1/logs/0 message="cat log benchmark line 1248" trace=tr-00021216
2026-04-27T12:20:49.249Z level=TRACE service=timeline request_id=req-001249 user_id=1085 latency_ms=53 payload_bytes=1505 path=/api/v1/logs/1 message="cat log benchmark line 1249" trace=tr-00021233
2026-04-27T12:20:50.250Z level=INFO service=session request_id=req-001250 user_id=1086 latency_ms=54 payload_bytes=1506 path=/api/v1/logs/2 message="cat log benchmark line 1250" trace=tr-00021250
2026-04-27T12:20:51.251Z level=DEBUG service=renderer request_id=req-001251 user_id=1087 latency_ms=55 payload_bytes=1507 path=/api/v1/logs/3 message="cat log benchmark line 1251" trace=tr-00021267
2026-04-27T12:20:52.252Z level=WARN service=gateway request_id=req-001252 user_id=1088 latency_ms=56 payload_bytes=1508 path=/api/v1/logs/4 message="cat log benchmark line 1252" trace=tr-00021284
2026-04-27T12:20:53.253Z level=ERROR service=timeline request_id=req-001253 user_id=1089 latency_ms=57 payload_bytes=1509 path=/api/v1/logs/5 message="cat log benchmark line 1253" trace=tr-00021301
2026-04-27T12:20:54.254Z level=TRACE service=session request_id=req-001254 user_id=1090 latency_ms=58 payload_bytes=1510 path=/api/v1/logs/6 message="cat log benchmark line 1254" trace=tr-00021318
2026-04-27T12:20:55.255Z level=INFO service=renderer request_id=req-001255 user_id=1091 latency_ms=59 payload_bytes=1511 path=/api/v1/logs/7 message="cat log benchmark line 1255" trace=tr-00021335
2026-04-27T12:20:56.256Z level=DEBUG service=gateway request_id=req-001256 user_id=1092 latency_ms=60 payload_bytes=1512 path=/api/v1/logs/8 message="cat log benchmark line 1256" trace=tr-00021352
2026-04-27T12:20:57.257Z level=WARN service=timeline request_id=req-001257 user_id=1093 latency_ms=61 payload_bytes=1513 path=/api/v1/logs/9 message="cat log benchmark line 1257" trace=tr-00021369
2026-04-27T12:20:58.258Z level=ERROR service=session request_id=req-001258 user_id=1094 latency_ms=62 payload_bytes=1514 path=/api/v1/logs/10 message="cat log benchmark line 1258" trace=tr-00021386
2026-04-27T12:20:59.259Z level=TRACE service=renderer request_id=req-001259 user_id=1095 latency_ms=63 payload_bytes=1515 path=/api/v1/logs/11 message="cat log benchmark line 1259" trace=tr-00021403
2026-04-27T12:21:00.260Z level=INFO service=gateway request_id=req-001260 user_id=1096 latency_ms=64 payload_bytes=1516 path=/api/v1/logs/12 message="cat log benchmark line 1260" trace=tr-00021420
2026-04-27T12:21:01.261Z level=DEBUG service=timeline request_id=req-001261 user_id=1000 latency_ms=65 payload_bytes=1517 path=/api/v1/logs/0 message="cat log benchmark line 1261" trace=tr-00021437
2026-04-27T12:21:02.262Z level=WARN service=session request_id=req-001262 user_id=1001 latency_ms=66 payload_bytes=1518 path=/api/v1/logs/1 message="cat log benchmark line 1262" trace=tr-00021454
2026-04-27T12:21:03.263Z level=ERROR service=renderer request_id=req-001263 user_id=1002 latency_ms=67 payload_bytes=1519 path=/api/v1/logs/2 message="cat log benchmark line 1263" trace=tr-00021471
2026-04-27T12:21:04.264Z level=TRACE service=gateway request_id=req-001264 user_id=1003 latency_ms=68 payload_bytes=1520 path=/api/v1/logs/3 message="cat log benchmark line 1264" trace=tr-00021488
2026-04-27T12:21:05.265Z level=INFO service=timeline request_id=req-001265 user_id=1004 latency_ms=69 payload_bytes=1521 path=/api/v1/logs/4 message="cat log benchmark line 1265" trace=tr-00021505
2026-04-27T12:21:06.266Z level=DEBUG service=session request_id=req-001266 user_id=1005 latency_ms=70 payload_bytes=1522 path=/api/v1/logs/5 message="cat log benchmark line 1266" trace=tr-00021522
2026-04-27T12:21:07.267Z level=WARN service=renderer request_id=req-001267 user_id=1006 latency_ms=71 payload_bytes=1523 path=/api/v1/logs/6 message="cat log benchmark line 1267" trace=tr-00021539
2026-04-27T12:21:08.268Z level=ERROR service=gateway request_id=req-001268 user_id=1007 latency_ms=72 payload_bytes=1524 path=/api/v1/logs/7 message="cat log benchmark line 1268" trace=tr-00021556
2026-04-27T12:21:09.269Z level=TRACE service=timeline request_id=req-001269 user_id=1008 latency_ms=73 payload_bytes=1525 path=/api/v1/logs/8 message="cat log benchmark line 1269" trace=tr-00021573
2026-04-27T12:21:10.270Z level=INFO service=session request_id=req-001270 user_id=1009 latency_ms=74 payload_bytes=1526 path=/api/v1/logs/9 message="cat log benchmark line 1270" trace=tr-00021590
2026-04-27T12:21:11.271Z level=DEBUG service=renderer request_id=req-001271 user_id=1010 latency_ms=75 payload_bytes=1527 path=/api/v1/logs/10 message="cat log benchmark line 1271" trace=tr-00021607
2026-04-27T12:21:12.272Z level=WARN service=gateway request_id=req-001272 user_id=1011 latency_ms=76 payload_bytes=1528 path=/api/v1/logs/11 message="cat log benchmark line 1272" trace=tr-00021624
2026-04-27T12:21:13.273Z level=ERROR service=timeline request_id=req-001273 user_id=1012 latency_ms=77 payload_bytes=1529 path=/api/v1/logs/12 message="cat log benchmark line 1273" trace=tr-00021641
2026-04-27T12:21:14.274Z level=TRACE service=session request_id=req-001274 user_id=1013 latency_ms=78 payload_bytes=1530 path=/api/v1/logs/0 message="cat log benchmark line 1274" trace=tr-00021658
2026-04-27T12:21:15.275Z level=INFO service=renderer request_id=req-001275 user_id=1014 latency_ms=79 payload_bytes=1531 path=/api/v1/logs/1 message="cat log benchmark line 1275" trace=tr-00021675
2026-04-27T12:21:16.276Z level=DEBUG service=gateway request_id=req-001276 user_id=1015 latency_ms=80 payload_bytes=1532 path=/api/v1/logs/2 message="cat log benchmark line 1276" trace=tr-00021692
2026-04-27T12:21:17.277Z level=WARN service=timeline request_id=req-001277 user_id=1016 latency_ms=81 payload_bytes=1533 path=/api/v1/logs/3 message="cat log benchmark line 1277" trace=tr-00021709
2026-04-27T12:21:18.278Z level=ERROR service=session request_id=req-001278 user_id=1017 latency_ms=82 payload_bytes=1534 path=/api/v1/logs/4 message="cat log benchmark line 1278" trace=tr-00021726
2026-04-27T12:21:19.279Z level=TRACE service=renderer request_id=req-001279 user_id=1018 latency_ms=83 payload_bytes=1535 path=/api/v1/logs/5 message="cat log benchmark line 1279" trace=tr-00021743
2026-04-27T12:21:20.280Z level=INFO service=gateway request_id=req-001280 user_id=1019 latency_ms=84 payload_bytes=1536 path=/api/v1/logs/6 message="cat log benchmark line 1280" trace=tr-00021760
2026-04-27T12:21:21.281Z level=DEBUG service=timeline request_id=req-001281 user_id=1020 latency_ms=85 payload_bytes=1537 path=/api/v1/logs/7 message="cat log benchmark line 1281" trace=tr-00021777
2026-04-27T12:21:22.282Z level=WARN service=session request_id=req-001282 user_id=1021 latency_ms=86 payload_bytes=1538 path=/api/v1/logs/8 message="cat log benchmark line 1282" trace=tr-00021794
2026-04-27T12:21:23.283Z level=ERROR service=renderer request_id=req-001283 user_id=1022 latency_ms=87 payload_bytes=1539 path=/api/v1/logs/9 message="cat log benchmark line 1283" trace=tr-00021811
2026-04-27T12:21:24.284Z level=TRACE service=gateway request_id=req-001284 user_id=1023 latency_ms=88 payload_bytes=1540 path=/api/v1/logs/10 message="cat log benchmark line 1284" trace=tr-00021828
2026-04-27T12:21:25.285Z level=INFO service=timeline request_id=req-001285 user_id=1024 latency_ms=89 payload_bytes=1541 path=/api/v1/logs/11 message="cat log benchmark line 1285" trace=tr-00021845
2026-04-27T12:21:26.286Z level=DEBUG service=session request_id=req-001286 user_id=1025 latency_ms=90 payload_bytes=1542 path=/api/v1/logs/12 message="cat log benchmark line 1286" trace=tr-00021862
2026-04-27T12:21:27.287Z level=WARN service=renderer request_id=req-001287 user_id=1026 latency_ms=91 payload_bytes=1543 path=/api/v1/logs/0 message="cat log benchmark line 1287" trace=tr-00021879
2026-04-27T12:21:28.288Z level=ERROR service=gateway request_id=req-001288 user_id=1027 latency_ms=92 payload_bytes=1544 path=/api/v1/logs/1 message="cat log benchmark line 1288" trace=tr-00021896
2026-04-27T12:21:29.289Z level=TRACE service=timeline request_id=req-001289 user_id=1028 latency_ms=93 payload_bytes=1545 path=/api/v1/logs/2 message="cat log benchmark line 1289" trace=tr-00021913
2026-04-27T12:21:30.290Z level=INFO service=session request_id=req-001290 user_id=1029 latency_ms=94 payload_bytes=1546 path=/api/v1/logs/3 message="cat log benchmark line 1290" trace=tr-00021930
2026-04-27T12:21:31.291Z level=DEBUG service=renderer request_id=req-001291 user_id=1030 latency_ms=95 payload_bytes=1547 path=/api/v1/logs/4 message="cat log benchmark line 1291" trace=tr-00021947
2026-04-27T12:21:32.292Z level=WARN service=gateway request_id=req-001292 user_id=1031 latency_ms=96 payload_bytes=1548 path=/api/v1/logs/5 message="cat log benchmark line 1292" trace=tr-00021964
2026-04-27T12:21:33.293Z level=ERROR service=timeline request_id=req-001293 user_id=1032 latency_ms=97 payload_bytes=1549 path=/api/v1/logs/6 message="cat log benchmark line 1293" trace=tr-00021981
2026-04-27T12:21:34.294Z level=TRACE service=session request_id=req-001294 user_id=1033 latency_ms=98 payload_bytes=1550 path=/api/v1/logs/7 message="cat log benchmark line 1294" trace=tr-00021998
2026-04-27T12:21:35.295Z level=INFO service=renderer request_id=req-001295 user_id=1034 latency_ms=99 payload_bytes=1551 path=/api/v1/logs/8 message="cat log benchmark line 1295" trace=tr-00022015
2026-04-27T12:21:36.296Z level=DEBUG service=gateway request_id=req-001296 user_id=1035 latency_ms=100 payload_bytes=1552 path=/api/v1/logs/9 message="cat log benchmark line 1296" trace=tr-00022032
2026-04-27T12:21:37.297Z level=WARN service=timeline request_id=req-001297 user_id=1036 latency_ms=101 payload_bytes=1553 path=/api/v1/logs/10 message="cat log benchmark line 1297" trace=tr-00022049
2026-04-27T12:21:38.298Z level=ERROR service=session request_id=req-001298 user_id=1037 latency_ms=102 payload_bytes=1554 path=/api/v1/logs/11 message="cat log benchmark line 1298" trace=tr-00022066
2026-04-27T12:21:39.299Z level=TRACE service=renderer request_id=req-001299 user_id=1038 latency_ms=103 payload_bytes=1555 path=/api/v1/logs/12 message="cat log benchmark line 1299" trace=tr-00022083
2026-04-27T12:21:40.300Z level=INFO service=gateway request_id=req-001300 user_id=1039 latency_ms=104 payload_bytes=1556 path=/api/v1/logs/0 message="cat log benchmark line 1300" trace=tr-00022100
2026-04-27T12:21:41.301Z level=DEBUG service=timeline request_id=req-001301 user_id=1040 latency_ms=105 payload_bytes=1557 path=/api/v1/logs/1 message="cat log benchmark line 1301" trace=tr-00022117
2026-04-27T12:21:42.302Z level=WARN service=session request_id=req-001302 user_id=1041 latency_ms=106 payload_bytes=1558 path=/api/v1/logs/2 message="cat log benchmark line 1302" trace=tr-00022134
2026-04-27T12:21:43.303Z level=ERROR service=renderer request_id=req-001303 user_id=1042 latency_ms=107 payload_bytes=1559 path=/api/v1/logs/3 message="cat log benchmark line 1303" trace=tr-00022151
2026-04-27T12:21:44.304Z level=TRACE service=gateway request_id=req-001304 user_id=1043 latency_ms=108 payload_bytes=1560 path=/api/v1/logs/4 message="cat log benchmark line 1304" trace=tr-00022168
2026-04-27T12:21:45.305Z level=INFO service=timeline request_id=req-001305 user_id=1044 latency_ms=109 payload_bytes=1561 path=/api/v1/logs/5 message="cat log benchmark line 1305" trace=tr-00022185
2026-04-27T12:21:46.306Z level=DEBUG service=session request_id=req-001306 user_id=1045 latency_ms=110 payload_bytes=1562 path=/api/v1/logs/6 message="cat log benchmark line 1306" trace=tr-00022202
2026-04-27T12:21:47.307Z level=WARN service=renderer request_id=req-001307 user_id=1046 latency_ms=111 payload_bytes=1563 path=/api/v1/logs/7 message="cat log benchmark line 1307" trace=tr-00022219
2026-04-27T12:21:48.308Z level=ERROR service=gateway request_id=req-001308 user_id=1047 latency_ms=112 payload_bytes=1564 path=/api/v1/logs/8 message="cat log benchmark line 1308" trace=tr-00022236
2026-04-27T12:21:49.309Z level=TRACE service=timeline request_id=req-001309 user_id=1048 latency_ms=113 payload_bytes=1565 path=/api/v1/logs/9 message="cat log benchmark line 1309" trace=tr-00022253
2026-04-27T12:21:50.310Z level=INFO service=session request_id=req-001310 user_id=1049 latency_ms=114 payload_bytes=1566 path=/api/v1/logs/10 message="cat log benchmark line 1310" trace=tr-00022270
2026-04-27T12:21:51.311Z level=DEBUG service=renderer request_id=req-001311 user_id=1050 latency_ms=115 payload_bytes=1567 path=/api/v1/logs/11 message="cat log benchmark line 1311" trace=tr-00022287
2026-04-27T12:21:52.312Z level=WARN service=gateway request_id=req-001312 user_id=1051 latency_ms=116 payload_bytes=1568 path=/api/v1/logs/12 message="cat log benchmark line 1312" trace=tr-00022304
2026-04-27T12:21:53.313Z level=ERROR service=timeline request_id=req-001313 user_id=1052 latency_ms=117 payload_bytes=1569 path=/api/v1/logs/0 message="cat log benchmark line 1313" trace=tr-00022321
2026-04-27T12:21:54.314Z level=TRACE service=session request_id=req-001314 user_id=1053 latency_ms=118 payload_bytes=1570 path=/api/v1/logs/1 message="cat log benchmark line 1314" trace=tr-00022338
2026-04-27T12:21:55.315Z level=INFO service=renderer request_id=req-001315 user_id=1054 latency_ms=119 payload_bytes=1571 path=/api/v1/logs/2 message="cat log benchmark line 1315" trace=tr-00022355
2026-04-27T12:21:56.316Z level=DEBUG service=gateway request_id=req-001316 user_id=1055 latency_ms=120 payload_bytes=1572 path=/api/v1/logs/3 message="cat log benchmark line 1316" trace=tr-00022372
2026-04-27T12:21:57.317Z level=WARN service=timeline request_id=req-001317 user_id=1056 latency_ms=121 payload_bytes=1573 path=/api/v1/logs/4 message="cat log benchmark line 1317" trace=tr-00022389
2026-04-27T12:21:58.318Z level=ERROR service=session request_id=req-001318 user_id=1057 latency_ms=122 payload_bytes=1574 path=/api/v1/logs/5 message="cat log benchmark line 1318" trace=tr-00022406
2026-04-27T12:21:59.319Z level=TRACE service=renderer request_id=req-001319 user_id=1058 latency_ms=123 payload_bytes=1575 path=/api/v1/logs/6 message="cat log benchmark line 1319" trace=tr-00022423
2026-04-27T12:22:00.320Z level=INFO service=gateway request_id=req-001320 user_id=1059 latency_ms=124 payload_bytes=1576 path=/api/v1/logs/7 message="cat log benchmark line 1320" trace=tr-00022440
2026-04-27T12:22:01.321Z level=DEBUG service=timeline request_id=req-001321 user_id=1060 latency_ms=125 payload_bytes=1577 path=/api/v1/logs/8 message="cat log benchmark line 1321" trace=tr-00022457
2026-04-27T12:22:02.322Z level=WARN service=session request_id=req-001322 user_id=1061 latency_ms=126 payload_bytes=1578 path=/api/v1/logs/9 message="cat log benchmark line 1322" trace=tr-00022474
2026-04-27T12:22:03.323Z level=ERROR service=renderer request_id=req-001323 user_id=1062 latency_ms=127 payload_bytes=1579 path=/api/v1/logs/10 message="cat log benchmark line 1323" trace=tr-00022491
2026-04-27T12:22:04.324Z level=TRACE service=gateway request_id=req-001324 user_id=1063 latency_ms=128 payload_bytes=1580 path=/api/v1/logs/11 message="cat log benchmark line 1324" trace=tr-00022508
2026-04-27T12:22:05.325Z level=INFO service=timeline request_id=req-001325 user_id=1064 latency_ms=129 payload_bytes=1581 path=/api/v1/logs/12 message="cat log benchmark line 1325" trace=tr-00022525
2026-04-27T12:22:06.326Z level=DEBUG service=session request_id=req-001326 user_id=1065 latency_ms=130 payload_bytes=1582 path=/api/v1/logs/0 message="cat log benchmark line 1326" trace=tr-00022542
2026-04-27T12:22:07.327Z level=WARN service=renderer request_id=req-001327 user_id=1066 latency_ms=131 payload_bytes=1583 path=/api/v1/logs/1 message="cat log benchmark line 1327" trace=tr-00022559
2026-04-27T12:22:08.328Z level=ERROR service=gateway request_id=req-001328 user_id=1067 latency_ms=132 payload_bytes=1584 path=/api/v1/logs/2 message="cat log benchmark line 1328" trace=tr-00022576
2026-04-27T12:22:09.329Z level=TRACE service=timeline request_id=req-001329 user_id=1068 latency_ms=133 payload_bytes=1585 path=/api/v1/logs/3 message="cat log benchmark line 1329" trace=tr-00022593
2026-04-27T12:22:10.330Z level=INFO service=session request_id=req-001330 user_id=1069 latency_ms=134 payload_bytes=1586 path=/api/v1/logs/4 message="cat log benchmark line 1330" trace=tr-00022610
2026-04-27T12:22:11.331Z level=DEBUG service=renderer request_id=req-001331 user_id=1070 latency_ms=135 payload_bytes=1587 path=/api/v1/logs/5 message="cat log benchmark line 1331" trace=tr-00022627
2026-04-27T12:22:12.332Z level=WARN service=gateway request_id=req-001332 user_id=1071 latency_ms=136 payload_bytes=1588 path=/api/v1/logs/6 message="cat log benchmark line 1332" trace=tr-00022644
2026-04-27T12:22:13.333Z level=ERROR service=timeline request_id=req-001333 user_id=1072 latency_ms=137 payload_bytes=1589 path=/api/v1/logs/7 message="cat log benchmark line 1333" trace=tr-00022661
2026-04-27T12:22:14.334Z level=TRACE service=session request_id=req-001334 user_id=1073 latency_ms=138 payload_bytes=1590 path=/api/v1/logs/8 message="cat log benchmark line 1334" trace=tr-00022678
2026-04-27T12:22:15.335Z level=INFO service=renderer request_id=req-001335 user_id=1074 latency_ms=139 payload_bytes=1591 path=/api/v1/logs/9 message="cat log benchmark line 1335" trace=tr-00022695
2026-04-27T12:22:16.336Z level=DEBUG service=gateway request_id=req-001336 user_id=1075 latency_ms=140 payload_bytes=1592 path=/api/v1/logs/10 message="cat log benchmark line 1336" trace=tr-00022712
2026-04-27T12:22:17.337Z level=WARN service=timeline request_id=req-001337 user_id=1076 latency_ms=141 payload_bytes=1593 path=/api/v1/logs/11 message="cat log benchmark line 1337" trace=tr-00022729
2026-04-27T12:22:18.338Z level=ERROR service=session request_id=req-001338 user_id=1077 latency_ms=142 payload_bytes=1594 path=/api/v1/logs/12 message="cat log benchmark line 1338" trace=tr-00022746
2026-04-27T12:22:19.339Z level=TRACE service=renderer request_id=req-001339 user_id=1078 latency_ms=143 payload_bytes=1595 path=/api/v1/logs/0 message="cat log benchmark line 1339" trace=tr-00022763
2026-04-27T12:22:20.340Z level=INFO service=gateway request_id=req-001340 user_id=1079 latency_ms=144 payload_bytes=1596 path=/api/v1/logs/1 message="cat log benchmark line 1340" trace=tr-00022780
2026-04-27T12:22:21.341Z level=DEBUG service=timeline request_id=req-001341 user_id=1080 latency_ms=145 payload_bytes=1597 path=/api/v1/logs/2 message="cat log benchmark line 1341" trace=tr-00022797
2026-04-27T12:22:22.342Z level=WARN service=session request_id=req-001342 user_id=1081 latency_ms=146 payload_bytes=1598 path=/api/v1/logs/3 message="cat log benchmark line 1342" trace=tr-00022814
2026-04-27T12:22:23.343Z level=ERROR service=renderer request_id=req-001343 user_id=1082 latency_ms=147 payload_bytes=1599 path=/api/v1/logs/4 message="cat log benchmark line 1343" trace=tr-00022831
2026-04-27T12:22:24.344Z level=TRACE service=gateway request_id=req-001344 user_id=1083 latency_ms=148 payload_bytes=1600 path=/api/v1/logs/5 message="cat log benchmark line 1344" trace=tr-00022848
2026-04-27T12:22:25.345Z level=INFO service=timeline request_id=req-001345 user_id=1084 latency_ms=149 payload_bytes=1601 path=/api/v1/logs/6 message="cat log benchmark line 1345" trace=tr-00022865
2026-04-27T12:22:26.346Z level=DEBUG service=session request_id=req-001346 user_id=1085 latency_ms=150 payload_bytes=1602 path=/api/v1/logs/7 message="cat log benchmark line 1346" trace=tr-00022882
2026-04-27T12:22:27.347Z level=WARN service=renderer request_id=req-001347 user_id=1086 latency_ms=151 payload_bytes=1603 path=/api/v1/logs/8 message="cat log benchmark line 1347" trace=tr-00022899
2026-04-27T12:22:28.348Z level=ERROR service=gateway request_id=req-001348 user_id=1087 latency_ms=152 payload_bytes=1604 path=/api/v1/logs/9 message="cat log benchmark line 1348" trace=tr-00022916
2026-04-27T12:22:29.349Z level=TRACE service=timeline request_id=req-001349 user_id=1088 latency_ms=153 payload_bytes=1605 path=/api/v1/logs/10 message="cat log benchmark line 1349" trace=tr-00022933
2026-04-27T12:22:30.350Z level=INFO service=session request_id=req-001350 user_id=1089 latency_ms=154 payload_bytes=1606 path=/api/v1/logs/11 message="cat log benchmark line 1350" trace=tr-00022950
2026-04-27T12:22:31.351Z level=DEBUG service=renderer request_id=req-001351 user_id=1090 latency_ms=155 payload_bytes=1607 path=/api/v1/logs/12 message="cat log benchmark line 1351" trace=tr-00022967
2026-04-27T12:22:32.352Z level=WARN service=gateway request_id=req-001352 user_id=1091 latency_ms=156 payload_bytes=1608 path=/api/v1/logs/0 message="cat log benchmark line 1352" trace=tr-00022984
2026-04-27T12:22:33.353Z level=ERROR service=timeline request_id=req-001353 user_id=1092 latency_ms=157 payload_bytes=1609 path=/api/v1/logs/1 message="cat log benchmark line 1353" trace=tr-00023001
2026-04-27T12:22:34.354Z level=TRACE service=session request_id=req-001354 user_id=1093 latency_ms=158 payload_bytes=1610 path=/api/v1/logs/2 message="cat log benchmark line 1354" trace=tr-00023018
2026-04-27T12:22:35.355Z level=INFO service=renderer request_id=req-001355 user_id=1094 latency_ms=159 payload_bytes=1611 path=/api/v1/logs/3 message="cat log benchmark line 1355" trace=tr-00023035
2026-04-27T12:22:36.356Z level=DEBUG service=gateway request_id=req-001356 user_id=1095 latency_ms=160 payload_bytes=1612 path=/api/v1/logs/4 message="cat log benchmark line 1356" trace=tr-00023052
2026-04-27T12:22:37.357Z level=WARN service=timeline request_id=req-001357 user_id=1096 latency_ms=161 payload_bytes=1613 path=/api/v1/logs/5 message="cat log benchmark line 1357" trace=tr-00023069
2026-04-27T12:22:38.358Z level=ERROR service=session request_id=req-001358 user_id=1000 latency_ms=162 payload_bytes=1614 path=/api/v1/logs/6 message="cat log benchmark line 1358" trace=tr-00023086
2026-04-27T12:22:39.359Z level=TRACE service=renderer request_id=req-001359 user_id=1001 latency_ms=163 payload_bytes=1615 path=/api/v1/logs/7 message="cat log benchmark line 1359" trace=tr-00023103
2026-04-27T12:22:40.360Z level=INFO service=gateway request_id=req-001360 user_id=1002 latency_ms=164 payload_bytes=1616 path=/api/v1/logs/8 message="cat log benchmark line 1360" trace=tr-00023120
2026-04-27T12:22:41.361Z level=DEBUG service=timeline request_id=req-001361 user_id=1003 latency_ms=165 payload_bytes=1617 path=/api/v1/logs/9 message="cat log benchmark line 1361" trace=tr-00023137
2026-04-27T12:22:42.362Z level=WARN service=session request_id=req-001362 user_id=1004 latency_ms=166 payload_bytes=1618 path=/api/v1/logs/10 message="cat log benchmark line 1362" trace=tr-00023154
2026-04-27T12:22:43.363Z level=ERROR service=renderer request_id=req-001363 user_id=1005 latency_ms=167 payload_bytes=1619 path=/api/v1/logs/11 message="cat log benchmark line 1363" trace=tr-00023171
2026-04-27T12:22:44.364Z level=TRACE service=gateway request_id=req-001364 user_id=1006 latency_ms=168 payload_bytes=1620 path=/api/v1/logs/12 message="cat log benchmark line 1364" trace=tr-00023188
2026-04-27T12:22:45.365Z level=INFO service=timeline request_id=req-001365 user_id=1007 latency_ms=169 payload_bytes=1621 path=/api/v1/logs/0 message="cat log benchmark line 1365" trace=tr-00023205
2026-04-27T12:22:46.366Z level=DEBUG service=session request_id=req-001366 user_id=1008 latency_ms=170 payload_bytes=1622 path=/api/v1/logs/1 message="cat log benchmark line 1366" trace=tr-00023222
2026-04-27T12:22:47.367Z level=WARN service=renderer request_id=req-001367 user_id=1009 latency_ms=171 payload_bytes=1623 path=/api/v1/logs/2 message="cat log benchmark line 1367" trace=tr-00023239
2026-04-27T12:22:48.368Z level=ERROR service=gateway request_id=req-001368 user_id=1010 latency_ms=172 payload_bytes=1624 path=/api/v1/logs/3 message="cat log benchmark line 1368" trace=tr-00023256
2026-04-27T12:22:49.369Z level=TRACE service=timeline request_id=req-001369 user_id=1011 latency_ms=173 payload_bytes=1625 path=/api/v1/logs/4 message="cat log benchmark line 1369" trace=tr-00023273
2026-04-27T12:22:50.370Z level=INFO service=session request_id=req-001370 user_id=1012 latency_ms=174 payload_bytes=1626 path=/api/v1/logs/5 message="cat log benchmark line 1370" trace=tr-00023290
2026-04-27T12:22:51.371Z level=DEBUG service=renderer request_id=req-001371 user_id=1013 latency_ms=175 payload_bytes=1627 path=/api/v1/logs/6 message="cat log benchmark line 1371" trace=tr-00023307
2026-04-27T12:22:52.372Z level=WARN service=gateway request_id=req-001372 user_id=1014 latency_ms=176 payload_bytes=1628 path=/api/v1/logs/7 message="cat log benchmark line 1372" trace=tr-00023324
2026-04-27T12:22:53.373Z level=ERROR service=timeline request_id=req-001373 user_id=1015 latency_ms=177 payload_bytes=1629 path=/api/v1/logs/8 message="cat log benchmark line 1373" trace=tr-00023341
2026-04-27T12:22:54.374Z level=TRACE service=session request_id=req-001374 user_id=1016 latency_ms=178 payload_bytes=1630 path=/api/v1/logs/9 message="cat log benchmark line 1374" trace=tr-00023358
2026-04-27T12:22:55.375Z level=INFO service=renderer request_id=req-001375 user_id=1017 latency_ms=179 payload_bytes=1631 path=/api/v1/logs/10 message="cat log benchmark line 1375" trace=tr-00023375
2026-04-27T12:22:56.376Z level=DEBUG service=gateway request_id=req-001376 user_id=1018 latency_ms=180 payload_bytes=1632 path=/api/v1/logs/11 message="cat log benchmark line 1376" trace=tr-00023392
2026-04-27T12:22:57.377Z level=WARN service=timeline request_id=req-001377 user_id=1019 latency_ms=181 payload_bytes=1633 path=/api/v1/logs/12 message="cat log benchmark line 1377" trace=tr-00023409
2026-04-27T12:22:58.378Z level=ERROR service=session request_id=req-001378 user_id=1020 latency_ms=182 payload_bytes=1634 path=/api/v1/logs/0 message="cat log benchmark line 1378" trace=tr-00023426
2026-04-27T12:22:59.379Z level=TRACE service=renderer request_id=req-001379 user_id=1021 latency_ms=183 payload_bytes=1635 path=/api/v1/logs/1 message="cat log benchmark line 1379" trace=tr-00023443
2026-04-27T12:23:00.380Z level=INFO service=gateway request_id=req-001380 user_id=1022 latency_ms=184 payload_bytes=1636 path=/api/v1/logs/2 message="cat log benchmark line 1380" trace=tr-00023460
2026-04-27T12:23:01.381Z level=DEBUG service=timeline request_id=req-001381 user_id=1023 latency_ms=185 payload_bytes=1637 path=/api/v1/logs/3 message="cat log benchmark line 1381" trace=tr-00023477
2026-04-27T12:23:02.382Z level=WARN service=session request_id=req-001382 user_id=1024 latency_ms=186 payload_bytes=1638 path=/api/v1/logs/4 message="cat log benchmark line 1382" trace=tr-00023494
2026-04-27T12:23:03.383Z level=ERROR service=renderer request_id=req-001383 user_id=1025 latency_ms=187 payload_bytes=1639 path=/api/v1/logs/5 message="cat log benchmark line 1383" trace=tr-00023511
2026-04-27T12:23:04.384Z level=TRACE service=gateway request_id=req-001384 user_id=1026 latency_ms=188 payload_bytes=1640 path=/api/v1/logs/6 message="cat log benchmark line 1384" trace=tr-00023528
2026-04-27T12:23:05.385Z level=INFO service=timeline request_id=req-001385 user_id=1027 latency_ms=189 payload_bytes=1641 path=/api/v1/logs/7 message="cat log benchmark line 1385" trace=tr-00023545
2026-04-27T12:23:06.386Z level=DEBUG service=session request_id=req-001386 user_id=1028 latency_ms=190 payload_bytes=1642 path=/api/v1/logs/8 message="cat log benchmark line 1386" trace=tr-00023562
2026-04-27T12:23:07.387Z level=WARN service=renderer request_id=req-001387 user_id=1029 latency_ms=191 payload_bytes=1643 path=/api/v1/logs/9 message="cat log benchmark line 1387" trace=tr-00023579
2026-04-27T12:23:08.388Z level=ERROR service=gateway request_id=req-001388 user_id=1030 latency_ms=192 payload_bytes=1644 path=/api/v1/logs/10 message="cat log benchmark line 1388" trace=tr-00023596
2026-04-27T12:23:09.389Z level=TRACE service=timeline request_id=req-001389 user_id=1031 latency_ms=193 payload_bytes=1645 path=/api/v1/logs/11 message="cat log benchmark line 1389" trace=tr-00023613
2026-04-27T12:23:10.390Z level=INFO service=session request_id=req-001390 user_id=1032 latency_ms=194 payload_bytes=1646 path=/api/v1/logs/12 message="cat log benchmark line 1390" trace=tr-00023630
2026-04-27T12:23:11.391Z level=DEBUG service=renderer request_id=req-001391 user_id=1033 latency_ms=195 payload_bytes=1647 path=/api/v1/logs/0 message="cat log benchmark line 1391" trace=tr-00023647
2026-04-27T12:23:12.392Z level=WARN service=gateway request_id=req-001392 user_id=1034 latency_ms=196 payload_bytes=1648 path=/api/v1/logs/1 message="cat log benchmark line 1392" trace=tr-00023664
2026-04-27T12:23:13.393Z level=ERROR service=timeline request_id=req-001393 user_id=1035 latency_ms=197 payload_bytes=1649 path=/api/v1/logs/2 message="cat log benchmark line 1393" trace=tr-00023681
2026-04-27T12:23:14.394Z level=TRACE service=session request_id=req-001394 user_id=1036 latency_ms=198 payload_bytes=1650 path=/api/v1/logs/3 message="cat log benchmark line 1394" trace=tr-00023698
2026-04-27T12:23:15.395Z level=INFO service=renderer request_id=req-001395 user_id=1037 latency_ms=199 payload_bytes=1651 path=/api/v1/logs/4 message="cat log benchmark line 1395" trace=tr-00023715
2026-04-27T12:23:16.396Z level=DEBUG service=gateway request_id=req-001396 user_id=1038 latency_ms=200 payload_bytes=1652 path=/api/v1/logs/5 message="cat log benchmark line 1396" trace=tr-00023732
2026-04-27T12:23:17.397Z level=WARN service=timeline request_id=req-001397 user_id=1039 latency_ms=201 payload_bytes=1653 path=/api/v1/logs/6 message="cat log benchmark line 1397" trace=tr-00023749
2026-04-27T12:23:18.398Z level=ERROR service=session request_id=req-001398 user_id=1040 latency_ms=202 payload_bytes=1654 path=/api/v1/logs/7 message="cat log benchmark line 1398" trace=tr-00023766
2026-04-27T12:23:19.399Z level=TRACE service=renderer request_id=req-001399 user_id=1041 latency_ms=203 payload_bytes=1655 path=/api/v1/logs/8 message="cat log benchmark line 1399" trace=tr-00023783
2026-04-27T12:23:20.400Z level=INFO service=gateway request_id=req-001400 user_id=1042 latency_ms=204 payload_bytes=1656 path=/api/v1/logs/9 message="cat log benchmark line 1400" trace=tr-00023800
2026-04-27T12:23:21.401Z level=DEBUG service=timeline request_id=req-001401 user_id=1043 latency_ms=205 payload_bytes=1657 path=/api/v1/logs/10 message="cat log benchmark line 1401" trace=tr-00023817
2026-04-27T12:23:22.402Z level=WARN service=session request_id=req-001402 user_id=1044 latency_ms=206 payload_bytes=1658 path=/api/v1/logs/11 message="cat log benchmark line 1402" trace=tr-00023834
2026-04-27T12:23:23.403Z level=ERROR service=renderer request_id=req-001403 user_id=1045 latency_ms=207 payload_bytes=1659 path=/api/v1/logs/12 message="cat log benchmark line 1403" trace=tr-00023851
2026-04-27T12:23:24.404Z level=TRACE service=gateway request_id=req-001404 user_id=1046 latency_ms=208 payload_bytes=1660 path=/api/v1/logs/0 message="cat log benchmark line 1404" trace=tr-00023868
2026-04-27T12:23:25.405Z level=INFO service=timeline request_id=req-001405 user_id=1047 latency_ms=209 payload_bytes=1661 path=/api/v1/logs/1 message="cat log benchmark line 1405" trace=tr-00023885
2026-04-27T12:23:26.406Z level=DEBUG service=session request_id=req-001406 user_id=1048 latency_ms=210 payload_bytes=1662 path=/api/v1/logs/2 message="cat log benchmark line 1406" trace=tr-00023902
2026-04-27T12:23:27.407Z level=WARN service=renderer request_id=req-001407 user_id=1049 latency_ms=211 payload_bytes=1663 path=/api/v1/logs/3 message="cat log benchmark line 1407" trace=tr-00023919
2026-04-27T12:23:28.408Z level=ERROR service=gateway request_id=req-001408 user_id=1050 latency_ms=212 payload_bytes=1664 path=/api/v1/logs/4 message="cat log benchmark line 1408" trace=tr-00023936
2026-04-27T12:23:29.409Z level=TRACE service=timeline request_id=req-001409 user_id=1051 latency_ms=213 payload_bytes=1665 path=/api/v1/logs/5 message="cat log benchmark line 1409" trace=tr-00023953
2026-04-27T12:23:30.410Z level=INFO service=session request_id=req-001410 user_id=1052 latency_ms=214 payload_bytes=1666 path=/api/v1/logs/6 message="cat log benchmark line 1410" trace=tr-00023970
2026-04-27T12:23:31.411Z level=DEBUG service=renderer request_id=req-001411 user_id=1053 latency_ms=215 payload_bytes=1667 path=/api/v1/logs/7 message="cat log benchmark line 1411" trace=tr-00023987
2026-04-27T12:23:32.412Z level=WARN service=gateway request_id=req-001412 user_id=1054 latency_ms=216 payload_bytes=1668 path=/api/v1/logs/8 message="cat log benchmark line 1412" trace=tr-00024004
2026-04-27T12:23:33.413Z level=ERROR service=timeline request_id=req-001413 user_id=1055 latency_ms=217 payload_bytes=1669 path=/api/v1/logs/9 message="cat log benchmark line 1413" trace=tr-00024021
2026-04-27T12:23:34.414Z level=TRACE service=session request_id=req-001414 user_id=1056 latency_ms=218 payload_bytes=1670 path=/api/v1/logs/10 message="cat log benchmark line 1414" trace=tr-00024038
2026-04-27T12:23:35.415Z level=INFO service=renderer request_id=req-001415 user_id=1057 latency_ms=219 payload_bytes=1671 path=/api/v1/logs/11 message="cat log benchmark line 1415" trace=tr-00024055
2026-04-27T12:23:36.416Z level=DEBUG service=gateway request_id=req-001416 user_id=1058 latency_ms=220 payload_bytes=1672 path=/api/v1/logs/12 message="cat log benchmark line 1416" trace=tr-00024072
2026-04-27T12:23:37.417Z level=WARN service=timeline request_id=req-001417 user_id=1059 latency_ms=221 payload_bytes=1673 path=/api/v1/logs/0 message="cat log benchmark line 1417" trace=tr-00024089
2026-04-27T12:23:38.418Z level=ERROR service=session request_id=req-001418 user_id=1060 latency_ms=222 payload_bytes=1674 path=/api/v1/logs/1 message="cat log benchmark line 1418" trace=tr-00024106
2026-04-27T12:23:39.419Z level=TRACE service=renderer request_id=req-001419 user_id=1061 latency_ms=223 payload_bytes=1675 path=/api/v1/logs/2 message="cat log benchmark line 1419" trace=tr-00024123
2026-04-27T12:23:40.420Z level=INFO service=gateway request_id=req-001420 user_id=1062 latency_ms=224 payload_bytes=1676 path=/api/v1/logs/3 message="cat log benchmark line 1420" trace=tr-00024140
2026-04-27T12:23:41.421Z level=DEBUG service=timeline request_id=req-001421 user_id=1063 latency_ms=225 payload_bytes=1677 path=/api/v1/logs/4 message="cat log benchmark line 1421" trace=tr-00024157
2026-04-27T12:23:42.422Z level=WARN service=session request_id=req-001422 user_id=1064 latency_ms=226 payload_bytes=1678 path=/api/v1/logs/5 message="cat log benchmark line 1422" trace=tr-00024174
2026-04-27T12:23:43.423Z level=ERROR service=renderer request_id=req-001423 user_id=1065 latency_ms=227 payload_bytes=1679 path=/api/v1/logs/6 message="cat log benchmark line 1423" trace=tr-00024191
2026-04-27T12:23:44.424Z level=TRACE service=gateway request_id=req-001424 user_id=1066 latency_ms=228 payload_bytes=1680 path=/api/v1/logs/7 message="cat log benchmark line 1424" trace=tr-00024208
2026-04-27T12:23:45.425Z level=INFO service=timeline request_id=req-001425 user_id=1067 latency_ms=229 payload_bytes=1681 path=/api/v1/logs/8 message="cat log benchmark line 1425" trace=tr-00024225
2026-04-27T12:23:46.426Z level=DEBUG service=session request_id=req-001426 user_id=1068 latency_ms=230 payload_bytes=1682 path=/api/v1/logs/9 message="cat log benchmark line 1426" trace=tr-00024242
2026-04-27T12:23:47.427Z level=WARN service=renderer request_id=req-001427 user_id=1069 latency_ms=231 payload_bytes=1683 path=/api/v1/logs/10 message="cat log benchmark line 1427" trace=tr-00024259
2026-04-27T12:23:48.428Z level=ERROR service=gateway request_id=req-001428 user_id=1070 latency_ms=232 payload_bytes=1684 path=/api/v1/logs/11 message="cat log benchmark line 1428" trace=tr-00024276
2026-04-27T12:23:49.429Z level=TRACE service=timeline request_id=req-001429 user_id=1071 latency_ms=233 payload_bytes=1685 path=/api/v1/logs/12 message="cat log benchmark line 1429" trace=tr-00024293
2026-04-27T12:23:50.430Z level=INFO service=session request_id=req-001430 user_id=1072 latency_ms=234 payload_bytes=1686 path=/api/v1/logs/0 message="cat log benchmark line 1430" trace=tr-00024310
2026-04-27T12:23:51.431Z level=DEBUG service=renderer request_id=req-001431 user_id=1073 latency_ms=235 payload_bytes=1687 path=/api/v1/logs/1 message="cat log benchmark line 1431" trace=tr-00024327
2026-04-27T12:23:52.432Z level=WARN service=gateway request_id=req-001432 user_id=1074 latency_ms=236 payload_bytes=1688 path=/api/v1/logs/2 message="cat log benchmark line 1432" trace=tr-00024344
2026-04-27T12:23:53.433Z level=ERROR service=timeline request_id=req-001433 user_id=1075 latency_ms=237 payload_bytes=1689 path=/api/v1/logs/3 message="cat log benchmark line 1433" trace=tr-00024361
2026-04-27T12:23:54.434Z level=TRACE service=session request_id=req-001434 user_id=1076 latency_ms=238 payload_bytes=1690 path=/api/v1/logs/4 message="cat log benchmark line 1434" trace=tr-00024378
2026-04-27T12:23:55.435Z level=INFO service=renderer request_id=req-001435 user_id=1077 latency_ms=239 payload_bytes=1691 path=/api/v1/logs/5 message="cat log benchmark line 1435" trace=tr-00024395
2026-04-27T12:23:56.436Z level=DEBUG service=gateway request_id=req-001436 user_id=1078 latency_ms=240 payload_bytes=1692 path=/api/v1/logs/6 message="cat log benchmark line 1436" trace=tr-00024412
2026-04-27T12:23:57.437Z level=WARN service=timeline request_id=req-001437 user_id=1079 latency_ms=241 payload_bytes=1693 path=/api/v1/logs/7 message="cat log benchmark line 1437" trace=tr-00024429
2026-04-27T12:23:58.438Z level=ERROR service=session request_id=req-001438 user_id=1080 latency_ms=242 payload_bytes=1694 path=/api/v1/logs/8 message="cat log benchmark line 1438" trace=tr-00024446
2026-04-27T12:23:59.439Z level=TRACE service=renderer request_id=req-001439 user_id=1081 latency_ms=243 payload_bytes=1695 path=/api/v1/logs/9 message="cat log benchmark line 1439" trace=tr-00024463
2026-04-27T12:24:00.440Z level=INFO service=gateway request_id=req-001440 user_id=1082 latency_ms=4 payload_bytes=1696 path=/api/v1/logs/10 message="cat log benchmark line 1440" trace=tr-00024480
2026-04-27T12:24:01.441Z level=DEBUG service=timeline request_id=req-001441 user_id=1083 latency_ms=5 payload_bytes=1697 path=/api/v1/logs/11 message="cat log benchmark line 1441" trace=tr-00024497
2026-04-27T12:24:02.442Z level=WARN service=session request_id=req-001442 user_id=1084 latency_ms=6 payload_bytes=1698 path=/api/v1/logs/12 message="cat log benchmark line 1442" trace=tr-00024514
2026-04-27T12:24:03.443Z level=ERROR service=renderer request_id=req-001443 user_id=1085 latency_ms=7 payload_bytes=1699 path=/api/v1/logs/0 message="cat log benchmark line 1443" trace=tr-00024531
2026-04-27T12:24:04.444Z level=TRACE service=gateway request_id=req-001444 user_id=1086 latency_ms=8 payload_bytes=1700 path=/api/v1/logs/1 message="cat log benchmark line 1444" trace=tr-00024548
2026-04-27T12:24:05.445Z level=INFO service=timeline request_id=req-001445 user_id=1087 latency_ms=9 payload_bytes=1701 path=/api/v1/logs/2 message="cat log benchmark line 1445" trace=tr-00024565
2026-04-27T12:24:06.446Z level=DEBUG service=session request_id=req-001446 user_id=1088 latency_ms=10 payload_bytes=1702 path=/api/v1/logs/3 message="cat log benchmark line 1446" trace=tr-00024582
2026-04-27T12:24:07.447Z level=WARN service=renderer request_id=req-001447 user_id=1089 latency_ms=11 payload_bytes=1703 path=/api/v1/logs/4 message="cat log benchmark line 1447" trace=tr-00024599
2026-04-27T12:24:08.448Z level=ERROR service=gateway request_id=req-001448 user_id=1090 latency_ms=12 payload_bytes=1704 path=/api/v1/logs/5 message="cat log benchmark line 1448" trace=tr-00024616
2026-04-27T12:24:09.449Z level=TRACE service=timeline request_id=req-001449 user_id=1091 latency_ms=13 payload_bytes=1705 path=/api/v1/logs/6 message="cat log benchmark line 1449" trace=tr-00024633
2026-04-27T12:24:10.450Z level=INFO service=session request_id=req-001450 user_id=1092 latency_ms=14 payload_bytes=1706 path=/api/v1/logs/7 message="cat log benchmark line 1450" trace=tr-00024650
2026-04-27T12:24:11.451Z level=DEBUG service=renderer request_id=req-001451 user_id=1093 latency_ms=15 payload_bytes=1707 path=/api/v1/logs/8 message="cat log benchmark line 1451" trace=tr-00024667
2026-04-27T12:24:12.452Z level=WARN service=gateway request_id=req-001452 user_id=1094 latency_ms=16 payload_bytes=1708 path=/api/v1/logs/9 message="cat log benchmark line 1452" trace=tr-00024684
2026-04-27T12:24:13.453Z level=ERROR service=timeline request_id=req-001453 user_id=1095 latency_ms=17 payload_bytes=1709 path=/api/v1/logs/10 message="cat log benchmark line 1453" trace=tr-00024701
2026-04-27T12:24:14.454Z level=TRACE service=session request_id=req-001454 user_id=1096 latency_ms=18 payload_bytes=1710 path=/api/v1/logs/11 message="cat log benchmark line 1454" trace=tr-00024718
2026-04-27T12:24:15.455Z level=INFO service=renderer request_id=req-001455 user_id=1000 latency_ms=19 payload_bytes=1711 path=/api/v1/logs/12 message="cat log benchmark line 1455" trace=tr-00024735
2026-04-27T12:24:16.456Z level=DEBUG service=gateway request_id=req-001456 user_id=1001 latency_ms=20 payload_bytes=1712 path=/api/v1/logs/0 message="cat log benchmark line 1456" trace=tr-00024752
2026-04-27T12:24:17.457Z level=WARN service=timeline request_id=req-001457 user_id=1002 latency_ms=21 payload_bytes=1713 path=/api/v1/logs/1 message="cat log benchmark line 1457" trace=tr-00024769
2026-04-27T12:24:18.458Z level=ERROR service=session request_id=req-001458 user_id=1003 latency_ms=22 payload_bytes=1714 path=/api/v1/logs/2 message="cat log benchmark line 1458" trace=tr-00024786
2026-04-27T12:24:19.459Z level=TRACE service=renderer request_id=req-001459 user_id=1004 latency_ms=23 payload_bytes=1715 path=/api/v1/logs/3 message="cat log benchmark line 1459" trace=tr-00024803
2026-04-27T12:24:20.460Z level=INFO service=gateway request_id=req-001460 user_id=1005 latency_ms=24 payload_bytes=1716 path=/api/v1/logs/4 message="cat log benchmark line 1460" trace=tr-00024820
2026-04-27T12:24:21.461Z level=DEBUG service=timeline request_id=req-001461 user_id=1006 latency_ms=25 payload_bytes=1717 path=/api/v1/logs/5 message="cat log benchmark line 1461" trace=tr-00024837
2026-04-27T12:24:22.462Z level=WARN service=session request_id=req-001462 user_id=1007 latency_ms=26 payload_bytes=1718 path=/api/v1/logs/6 message="cat log benchmark line 1462" trace=tr-00024854
2026-04-27T12:24:23.463Z level=ERROR service=renderer request_id=req-001463 user_id=1008 latency_ms=27 payload_bytes=1719 path=/api/v1/logs/7 message="cat log benchmark line 1463" trace=tr-00024871
2026-04-27T12:24:24.464Z level=TRACE service=gateway request_id=req-001464 user_id=1009 latency_ms=28 payload_bytes=1720 path=/api/v1/logs/8 message="cat log benchmark line 1464" trace=tr-00024888
2026-04-27T12:24:25.465Z level=INFO service=timeline request_id=req-001465 user_id=1010 latency_ms=29 payload_bytes=1721 path=/api/v1/logs/9 message="cat log benchmark line 1465" trace=tr-00024905
2026-04-27T12:24:26.466Z level=DEBUG service=session request_id=req-001466 user_id=1011 latency_ms=30 payload_bytes=1722 path=/api/v1/logs/10 message="cat log benchmark line 1466" trace=tr-00024922
2026-04-27T12:24:27.467Z level=WARN service=renderer request_id=req-001467 user_id=1012 latency_ms=31 payload_bytes=1723 path=/api/v1/logs/11 message="cat log benchmark line 1467" trace=tr-00024939
2026-04-27T12:24:28.468Z level=ERROR service=gateway request_id=req-001468 user_id=1013 latency_ms=32 payload_bytes=1724 path=/api/v1/logs/12 message="cat log benchmark line 1468" trace=tr-00024956
2026-04-27T12:24:29.469Z level=TRACE service=timeline request_id=req-001469 user_id=1014 latency_ms=33 payload_bytes=1725 path=/api/v1/logs/0 message="cat log benchmark line 1469" trace=tr-00024973
2026-04-27T12:24:30.470Z level=INFO service=session request_id=req-001470 user_id=1015 latency_ms=34 payload_bytes=1726 path=/api/v1/logs/1 message="cat log benchmark line 1470" trace=tr-00024990
2026-04-27T12:24:31.471Z level=DEBUG service=renderer request_id=req-001471 user_id=1016 latency_ms=35 payload_bytes=1727 path=/api/v1/logs/2 message="cat log benchmark line 1471" trace=tr-00025007
2026-04-27T12:24:32.472Z level=WARN service=gateway request_id=req-001472 user_id=1017 latency_ms=36 payload_bytes=1728 path=/api/v1/logs/3 message="cat log benchmark line 1472" trace=tr-00025024
2026-04-27T12:24:33.473Z level=ERROR service=timeline request_id=req-001473 user_id=1018 latency_ms=37 payload_bytes=1729 path=/api/v1/logs/4 message="cat log benchmark line 1473" trace=tr-00025041
2026-04-27T12:24:34.474Z level=TRACE service=session request_id=req-001474 user_id=1019 latency_ms=38 payload_bytes=1730 path=/api/v1/logs/5 message="cat log benchmark line 1474" trace=tr-00025058
2026-04-27T12:24:35.475Z level=INFO service=renderer request_id=req-001475 user_id=1020 latency_ms=39 payload_bytes=1731 path=/api/v1/logs/6 message="cat log benchmark line 1475" trace=tr-00025075
2026-04-27T12:24:36.476Z level=DEBUG service=gateway request_id=req-001476 user_id=1021 latency_ms=40 payload_bytes=1732 path=/api/v1/logs/7 message="cat log benchmark line 1476" trace=tr-00025092
2026-04-27T12:24:37.477Z level=WARN service=timeline request_id=req-001477 user_id=1022 latency_ms=41 payload_bytes=1733 path=/api/v1/logs/8 message="cat log benchmark line 1477" trace=tr-00025109
2026-04-27T12:24:38.478Z level=ERROR service=session request_id=req-001478 user_id=1023 latency_ms=42 payload_bytes=1734 path=/api/v1/logs/9 message="cat log benchmark line 1478" trace=tr-00025126
2026-04-27T12:24:39.479Z level=TRACE service=renderer request_id=req-001479 user_id=1024 latency_ms=43 payload_bytes=1735 path=/api/v1/logs/10 message="cat log benchmark line 1479" trace=tr-00025143
2026-04-27T12:24:40.480Z level=INFO service=gateway request_id=req-001480 user_id=1025 latency_ms=44 payload_bytes=1736 path=/api/v1/logs/11 message="cat log benchmark line 1480" trace=tr-00025160
2026-04-27T12:24:41.481Z level=DEBUG service=timeline request_id=req-001481 user_id=1026 latency_ms=45 payload_bytes=1737 path=/api/v1/logs/12 message="cat log benchmark line 1481" trace=tr-00025177
2026-04-27T12:24:42.482Z level=WARN service=session request_id=req-001482 user_id=1027 latency_ms=46 payload_bytes=1738 path=/api/v1/logs/0 message="cat log benchmark line 1482" trace=tr-00025194
2026-04-27T12:24:43.483Z level=ERROR service=renderer request_id=req-001483 user_id=1028 latency_ms=47 payload_bytes=1739 path=/api/v1/logs/1 message="cat log benchmark line 1483" trace=tr-00025211
2026-04-27T12:24:44.484Z level=TRACE service=gateway request_id=req-001484 user_id=1029 latency_ms=48 payload_bytes=1740 path=/api/v1/logs/2 message="cat log benchmark line 1484" trace=tr-00025228
2026-04-27T12:24:45.485Z level=INFO service=timeline request_id=req-001485 user_id=1030 latency_ms=49 payload_bytes=1741 path=/api/v1/logs/3 message="cat log benchmark line 1485" trace=tr-00025245
2026-04-27T12:24:46.486Z level=DEBUG service=session request_id=req-001486 user_id=1031 latency_ms=50 payload_bytes=1742 path=/api/v1/logs/4 message="cat log benchmark line 1486" trace=tr-00025262
2026-04-27T12:24:47.487Z level=WARN service=renderer request_id=req-001487 user_id=1032 latency_ms=51 payload_bytes=1743 path=/api/v1/logs/5 message="cat log benchmark line 1487" trace=tr-00025279
2026-04-27T12:24:48.488Z level=ERROR service=gateway request_id=req-001488 user_id=1033 latency_ms=52 payload_bytes=1744 path=/api/v1/logs/6 message="cat log benchmark line 1488" trace=tr-00025296
2026-04-27T12:24:49.489Z level=TRACE service=timeline request_id=req-001489 user_id=1034 latency_ms=53 payload_bytes=1745 path=/api/v1/logs/7 message="cat log benchmark line 1489" trace=tr-00025313
2026-04-27T12:24:50.490Z level=INFO service=session request_id=req-001490 user_id=1035 latency_ms=54 payload_bytes=1746 path=/api/v1/logs/8 message="cat log benchmark line 1490" trace=tr-00025330
2026-04-27T12:24:51.491Z level=DEBUG service=renderer request_id=req-001491 user_id=1036 latency_ms=55 payload_bytes=1747 path=/api/v1/logs/9 message="cat log benchmark line 1491" trace=tr-00025347
2026-04-27T12:24:52.492Z level=WARN service=gateway request_id=req-001492 user_id=1037 latency_ms=56 payload_bytes=1748 path=/api/v1/logs/10 message="cat log benchmark line 1492" trace=tr-00025364
2026-04-27T12:24:53.493Z level=ERROR service=timeline request_id=req-001493 user_id=1038 latency_ms=57 payload_bytes=1749 path=/api/v1/logs/11 message="cat log benchmark line 1493" trace=tr-00025381
2026-04-27T12:24:54.494Z level=TRACE service=session request_id=req-001494 user_id=1039 latency_ms=58 payload_bytes=1750 path=/api/v1/logs/12 message="cat log benchmark line 1494" trace=tr-00025398
2026-04-27T12:24:55.495Z level=INFO service=renderer request_id=req-001495 user_id=1040 latency_ms=59 payload_bytes=1751 path=/api/v1/logs/0 message="cat log benchmark line 1495" trace=tr-00025415
2026-04-27T12:24:56.496Z level=DEBUG service=gateway request_id=req-001496 user_id=1041 latency_ms=60 payload_bytes=1752 path=/api/v1/logs/1 message="cat log benchmark line 1496" trace=tr-00025432
2026-04-27T12:24:57.497Z level=WARN service=timeline request_id=req-001497 user_id=1042 latency_ms=61 payload_bytes=1753 path=/api/v1/logs/2 message="cat log benchmark line 1497" trace=tr-00025449
2026-04-27T12:24:58.498Z level=ERROR service=session request_id=req-001498 user_id=1043 latency_ms=62 payload_bytes=1754 path=/api/v1/logs/3 message="cat log benchmark line 1498" trace=tr-00025466
2026-04-27T12:24:59.499Z level=TRACE service=renderer request_id=req-001499 user_id=1044 latency_ms=63 payload_bytes=1755 path=/api/v1/logs/4 message="cat log benchmark line 1499" trace=tr-00025483
2026-04-27T12:25:00.500Z level=INFO service=gateway request_id=req-001500 user_id=1045 latency_ms=64 payload_bytes=1756 path=/api/v1/logs/5 message="cat log benchmark line 1500" trace=tr-00025500
2026-04-27T12:25:01.501Z level=DEBUG service=timeline request_id=req-001501 user_id=1046 latency_ms=65 payload_bytes=1757 path=/api/v1/logs/6 message="cat log benchmark line 1501" trace=tr-00025517
2026-04-27T12:25:02.502Z level=WARN service=session request_id=req-001502 user_id=1047 latency_ms=66 payload_bytes=1758 path=/api/v1/logs/7 message="cat log benchmark line 1502" trace=tr-00025534
2026-04-27T12:25:03.503Z level=ERROR service=renderer request_id=req-001503 user_id=1048 latency_ms=67 payload_bytes=1759 path=/api/v1/logs/8 message="cat log benchmark line 1503" trace=tr-00025551
2026-04-27T12:25:04.504Z level=TRACE service=gateway request_id=req-001504 user_id=1049 latency_ms=68 payload_bytes=1760 path=/api/v1/logs/9 message="cat log benchmark line 1504" trace=tr-00025568
2026-04-27T12:25:05.505Z level=INFO service=timeline request_id=req-001505 user_id=1050 latency_ms=69 payload_bytes=1761 path=/api/v1/logs/10 message="cat log benchmark line 1505" trace=tr-00025585
2026-04-27T12:25:06.506Z level=DEBUG service=session request_id=req-001506 user_id=1051 latency_ms=70 payload_bytes=1762 path=/api/v1/logs/11 message="cat log benchmark line 1506" trace=tr-00025602
2026-04-27T12:25:07.507Z level=WARN service=renderer request_id=req-001507 user_id=1052 latency_ms=71 payload_bytes=1763 path=/api/v1/logs/12 message="cat log benchmark line 1507" trace=tr-00025619
2026-04-27T12:25:08.508Z level=ERROR service=gateway request_id=req-001508 user_id=1053 latency_ms=72 payload_bytes=1764 path=/api/v1/logs/0 message="cat log benchmark line 1508" trace=tr-00025636
2026-04-27T12:25:09.509Z level=TRACE service=timeline request_id=req-001509 user_id=1054 latency_ms=73 payload_bytes=1765 path=/api/v1/logs/1 message="cat log benchmark line 1509" trace=tr-00025653
2026-04-27T12:25:10.510Z level=INFO service=session request_id=req-001510 user_id=1055 latency_ms=74 payload_bytes=1766 path=/api/v1/logs/2 message="cat log benchmark line 1510" trace=tr-00025670
2026-04-27T12:25:11.511Z level=DEBUG service=renderer request_id=req-001511 user_id=1056 latency_ms=75 payload_bytes=1767 path=/api/v1/logs/3 message="cat log benchmark line 1511" trace=tr-00025687
2026-04-27T12:25:12.512Z level=WARN service=gateway request_id=req-001512 user_id=1057 latency_ms=76 payload_bytes=1768 path=/api/v1/logs/4 message="cat log benchmark line 1512" trace=tr-00025704
2026-04-27T12:25:13.513Z level=ERROR service=timeline request_id=req-001513 user_id=1058 latency_ms=77 payload_bytes=1769 path=/api/v1/logs/5 message="cat log benchmark line 1513" trace=tr-00025721
2026-04-27T12:25:14.514Z level=TRACE service=session request_id=req-001514 user_id=1059 latency_ms=78 payload_bytes=1770 path=/api/v1/logs/6 message="cat log benchmark line 1514" trace=tr-00025738
2026-04-27T12:25:15.515Z level=INFO service=renderer request_id=req-001515 user_id=1060 latency_ms=79 payload_bytes=1771 path=/api/v1/logs/7 message="cat log benchmark line 1515" trace=tr-00025755
2026-04-27T12:25:16.516Z level=DEBUG service=gateway request_id=req-001516 user_id=1061 latency_ms=80 payload_bytes=1772 path=/api/v1/logs/8 message="cat log benchmark line 1516" trace=tr-00025772
2026-04-27T12:25:17.517Z level=WARN service=timeline request_id=req-001517 user_id=1062 latency_ms=81 payload_bytes=1773 path=/api/v1/logs/9 message="cat log benchmark line 1517" trace=tr-00025789
2026-04-27T12:25:18.518Z level=ERROR service=session request_id=req-001518 user_id=1063 latency_ms=82 payload_bytes=1774 path=/api/v1/logs/10 message="cat log benchmark line 1518" trace=tr-00025806
2026-04-27T12:25:19.519Z level=TRACE service=renderer request_id=req-001519 user_id=1064 latency_ms=83 payload_bytes=1775 path=/api/v1/logs/11 message="cat log benchmark line 1519" trace=tr-00025823
2026-04-27T12:25:20.520Z level=INFO service=gateway request_id=req-001520 user_id=1065 latency_ms=84 payload_bytes=1776 path=/api/v1/logs/12 message="cat log benchmark line 1520" trace=tr-00025840
2026-04-27T12:25:21.521Z level=DEBUG service=timeline request_id=req-001521 user_id=1066 latency_ms=85 payload_bytes=1777 path=/api/v1/logs/0 message="cat log benchmark line 1521" trace=tr-00025857
2026-04-27T12:25:22.522Z level=WARN service=session request_id=req-001522 user_id=1067 latency_ms=86 payload_bytes=1778 path=/api/v1/logs/1 message="cat log benchmark line 1522" trace=tr-00025874
2026-04-27T12:25:23.523Z level=ERROR service=renderer request_id=req-001523 user_id=1068 latency_ms=87 payload_bytes=1779 path=/api/v1/logs/2 message="cat log benchmark line 1523" trace=tr-00025891
2026-04-27T12:25:24.524Z level=TRACE service=gateway request_id=req-001524 user_id=1069 latency_ms=88 payload_bytes=1780 path=/api/v1/logs/3 message="cat log benchmark line 1524" trace=tr-00025908
2026-04-27T12:25:25.525Z level=INFO service=timeline request_id=req-001525 user_id=1070 latency_ms=89 payload_bytes=1781 path=/api/v1/logs/4 message="cat log benchmark line 1525" trace=tr-00025925
2026-04-27T12:25:26.526Z level=DEBUG service=session request_id=req-001526 user_id=1071 latency_ms=90 payload_bytes=1782 path=/api/v1/logs/5 message="cat log benchmark line 1526" trace=tr-00025942
2026-04-27T12:25:27.527Z level=WARN service=renderer request_id=req-001527 user_id=1072 latency_ms=91 payload_bytes=1783 path=/api/v1/logs/6 message="cat log benchmark line 1527" trace=tr-00025959
2026-04-27T12:25:28.528Z level=ERROR service=gateway request_id=req-001528 user_id=1073 latency_ms=92 payload_bytes=1784 path=/api/v1/logs/7 message="cat log benchmark line 1528" trace=tr-00025976
2026-04-27T12:25:29.529Z level=TRACE service=timeline request_id=req-001529 user_id=1074 latency_ms=93 payload_bytes=1785 path=/api/v1/logs/8 message="cat log benchmark line 1529" trace=tr-00025993
2026-04-27T12:25:30.530Z level=INFO service=session request_id=req-001530 user_id=1075 latency_ms=94 payload_bytes=1786 path=/api/v1/logs/9 message="cat log benchmark line 1530" trace=tr-00026010
2026-04-27T12:25:31.531Z level=DEBUG service=renderer request_id=req-001531 user_id=1076 latency_ms=95 payload_bytes=1787 path=/api/v1/logs/10 message="cat log benchmark line 1531" trace=tr-00026027
2026-04-27T12:25:32.532Z level=WARN service=gateway request_id=req-001532 user_id=1077 latency_ms=96 payload_bytes=1788 path=/api/v1/logs/11 message="cat log benchmark line 1532" trace=tr-00026044
2026-04-27T12:25:33.533Z level=ERROR service=timeline request_id=req-001533 user_id=1078 latency_ms=97 payload_bytes=1789 path=/api/v1/logs/12 message="cat log benchmark line 1533" trace=tr-00026061
2026-04-27T12:25:34.534Z level=TRACE service=session request_id=req-001534 user_id=1079 latency_ms=98 payload_bytes=1790 path=/api/v1/logs/0 message="cat log benchmark line 1534" trace=tr-00026078
2026-04-27T12:25:35.535Z level=INFO service=renderer request_id=req-001535 user_id=1080 latency_ms=99 payload_bytes=1791 path=/api/v1/logs/1 message="cat log benchmark line 1535" trace=tr-00026095
2026-04-27T12:25:36.536Z level=DEBUG service=gateway request_id=req-001536 user_id=1081 latency_ms=100 payload_bytes=1792 path=/api/v1/logs/2 message="cat log benchmark line 1536" trace=tr-00026112
2026-04-27T12:25:37.537Z level=WARN service=timeline request_id=req-001537 user_id=1082 latency_ms=101 payload_bytes=1793 path=/api/v1/logs/3 message="cat log benchmark line 1537" trace=tr-00026129
2026-04-27T12:25:38.538Z level=ERROR service=session request_id=req-001538 user_id=1083 latency_ms=102 payload_bytes=1794 path=/api/v1/logs/4 message="cat log benchmark line 1538" trace=tr-00026146
2026-04-27T12:25:39.539Z level=TRACE service=renderer request_id=req-001539 user_id=1084 latency_ms=103 payload_bytes=1795 path=/api/v1/logs/5 message="cat log benchmark line 1539" trace=tr-00026163
2026-04-27T12:25:40.540Z level=INFO service=gateway request_id=req-001540 user_id=1085 latency_ms=104 payload_bytes=1796 path=/api/v1/logs/6 message="cat log benchmark line 1540" trace=tr-00026180
2026-04-27T12:25:41.541Z level=DEBUG service=timeline request_id=req-001541 user_id=1086 latency_ms=105 payload_bytes=1797 path=/api/v1/logs/7 message="cat log benchmark line 1541" trace=tr-00026197
2026-04-27T12:25:42.542Z level=WARN service=session request_id=req-001542 user_id=1087 latency_ms=106 payload_bytes=1798 path=/api/v1/logs/8 message="cat log benchmark line 1542" trace=tr-00026214
2026-04-27T12:25:43.543Z level=ERROR service=renderer request_id=req-001543 user_id=1088 latency_ms=107 payload_bytes=1799 path=/api/v1/logs/9 message="cat log benchmark line 1543" trace=tr-00026231
2026-04-27T12:25:44.544Z level=TRACE service=gateway request_id=req-001544 user_id=1089 latency_ms=108 payload_bytes=1800 path=/api/v1/logs/10 message="cat log benchmark line 1544" trace=tr-00026248
2026-04-27T12:25:45.545Z level=INFO service=timeline request_id=req-001545 user_id=1090 latency_ms=109 payload_bytes=1801 path=/api/v1/logs/11 message="cat log benchmark line 1545" trace=tr-00026265
2026-04-27T12:25:46.546Z level=DEBUG service=session request_id=req-001546 user_id=1091 latency_ms=110 payload_bytes=1802 path=/api/v1/logs/12 message="cat log benchmark line 1546" trace=tr-00026282
2026-04-27T12:25:47.547Z level=WARN service=renderer request_id=req-001547 user_id=1092 latency_ms=111 payload_bytes=1803 path=/api/v1/logs/0 message="cat log benchmark line 1547" trace=tr-00026299
2026-04-27T12:25:48.548Z level=ERROR service=gateway request_id=req-001548 user_id=1093 latency_ms=112 payload_bytes=1804 path=/api/v1/logs/1 message="cat log benchmark line 1548" trace=tr-00026316
2026-04-27T12:25:49.549Z level=TRACE service=timeline request_id=req-001549 user_id=1094 latency_ms=113 payload_bytes=1805 path=/api/v1/logs/2 message="cat log benchmark line 1549" trace=tr-00026333
2026-04-27T12:25:50.550Z level=INFO service=session request_id=req-001550 user_id=1095 latency_ms=114 payload_bytes=1806 path=/api/v1/logs/3 message="cat log benchmark line 1550" trace=tr-00026350
2026-04-27T12:25:51.551Z level=DEBUG service=renderer request_id=req-001551 user_id=1096 latency_ms=115 payload_bytes=1807 path=/api/v1/logs/4 message="cat log benchmark line 1551" trace=tr-00026367
2026-04-27T12:25:52.552Z level=WARN service=gateway request_id=req-001552 user_id=1000 latency_ms=116 payload_bytes=1808 path=/api/v1/logs/5 message="cat log benchmark line 1552" trace=tr-00026384
2026-04-27T12:25:53.553Z level=ERROR service=timeline request_id=req-001553 user_id=1001 latency_ms=117 payload_bytes=1809 path=/api/v1/logs/6 message="cat log benchmark line 1553" trace=tr-00026401
2026-04-27T12:25:54.554Z level=TRACE service=session request_id=req-001554 user_id=1002 latency_ms=118 payload_bytes=1810 path=/api/v1/logs/7 message="cat log benchmark line 1554" trace=tr-00026418
2026-04-27T12:25:55.555Z level=INFO service=renderer request_id=req-001555 user_id=1003 latency_ms=119 payload_bytes=1811 path=/api/v1/logs/8 message="cat log benchmark line 1555" trace=tr-00026435
2026-04-27T12:25:56.556Z level=DEBUG service=gateway request_id=req-001556 user_id=1004 latency_ms=120 payload_bytes=1812 path=/api/v1/logs/9 message="cat log benchmark line 1556" trace=tr-00026452
2026-04-27T12:25:57.557Z level=WARN service=timeline request_id=req-001557 user_id=1005 latency_ms=121 payload_bytes=1813 path=/api/v1/logs/10 message="cat log benchmark line 1557" trace=tr-00026469
2026-04-27T12:25:58.558Z level=ERROR service=session request_id=req-001558 user_id=1006 latency_ms=122 payload_bytes=1814 path=/api/v1/logs/11 message="cat log benchmark line 1558" trace=tr-00026486
2026-04-27T12:25:59.559Z level=TRACE service=renderer request_id=req-001559 user_id=1007 latency_ms=123 payload_bytes=1815 path=/api/v1/logs/12 message="cat log benchmark line 1559" trace=tr-00026503
2026-04-27T12:26:00.560Z level=INFO service=gateway request_id=req-001560 user_id=1008 latency_ms=124 payload_bytes=1816 path=/api/v1/logs/0 message="cat log benchmark line 1560" trace=tr-00026520
2026-04-27T12:26:01.561Z level=DEBUG service=timeline request_id=req-001561 user_id=1009 latency_ms=125 payload_bytes=1817 path=/api/v1/logs/1 message="cat log benchmark line 1561" trace=tr-00026537
2026-04-27T12:26:02.562Z level=WARN service=session request_id=req-001562 user_id=1010 latency_ms=126 payload_bytes=1818 path=/api/v1/logs/2 message="cat log benchmark line 1562" trace=tr-00026554
2026-04-27T12:26:03.563Z level=ERROR service=renderer request_id=req-001563 user_id=1011 latency_ms=127 payload_bytes=1819 path=/api/v1/logs/3 message="cat log benchmark line 1563" trace=tr-00026571
2026-04-27T12:26:04.564Z level=TRACE service=gateway request_id=req-001564 user_id=1012 latency_ms=128 payload_bytes=1820 path=/api/v1/logs/4 message="cat log benchmark line 1564" trace=tr-00026588
2026-04-27T12:26:05.565Z level=INFO service=timeline request_id=req-001565 user_id=1013 latency_ms=129 payload_bytes=1821 path=/api/v1/logs/5 message="cat log benchmark line 1565" trace=tr-00026605
2026-04-27T12:26:06.566Z level=DEBUG service=session request_id=req-001566 user_id=1014 latency_ms=130 payload_bytes=1822 path=/api/v1/logs/6 message="cat log benchmark line 1566" trace=tr-00026622
2026-04-27T12:26:07.567Z level=WARN service=renderer request_id=req-001567 user_id=1015 latency_ms=131 payload_bytes=1823 path=/api/v1/logs/7 message="cat log benchmark line 1567" trace=tr-00026639
2026-04-27T12:26:08.568Z level=ERROR service=gateway request_id=req-001568 user_id=1016 latency_ms=132 payload_bytes=1824 path=/api/v1/logs/8 message="cat log benchmark line 1568" trace=tr-00026656
2026-04-27T12:26:09.569Z level=TRACE service=timeline request_id=req-001569 user_id=1017 latency_ms=133 payload_bytes=1825 path=/api/v1/logs/9 message="cat log benchmark line 1569" trace=tr-00026673
2026-04-27T12:26:10.570Z level=INFO service=session request_id=req-001570 user_id=1018 latency_ms=134 payload_bytes=1826 path=/api/v1/logs/10 message="cat log benchmark line 1570" trace=tr-00026690
2026-04-27T12:26:11.571Z level=DEBUG service=renderer request_id=req-001571 user_id=1019 latency_ms=135 payload_bytes=1827 path=/api/v1/logs/11 message="cat log benchmark line 1571" trace=tr-00026707
2026-04-27T12:26:12.572Z level=WARN service=gateway request_id=req-001572 user_id=1020 latency_ms=136 payload_bytes=1828 path=/api/v1/logs/12 message="cat log benchmark line 1572" trace=tr-00026724
2026-04-27T12:26:13.573Z level=ERROR service=timeline request_id=req-001573 user_id=1021 latency_ms=137 payload_bytes=1829 path=/api/v1/logs/0 message="cat log benchmark line 1573" trace=tr-00026741
2026-04-27T12:26:14.574Z level=TRACE service=session request_id=req-001574 user_id=1022 latency_ms=138 payload_bytes=1830 path=/api/v1/logs/1 message="cat log benchmark line 1574" trace=tr-00026758
2026-04-27T12:26:15.575Z level=INFO service=renderer request_id=req-001575 user_id=1023 latency_ms=139 payload_bytes=1831 path=/api/v1/logs/2 message="cat log benchmark line 1575" trace=tr-00026775
2026-04-27T12:26:16.576Z level=DEBUG service=gateway request_id=req-001576 user_id=1024 latency_ms=140 payload_bytes=1832 path=/api/v1/logs/3 message="cat log benchmark line 1576" trace=tr-00026792
2026-04-27T12:26:17.577Z level=WARN service=timeline request_id=req-001577 user_id=1025 latency_ms=141 payload_bytes=1833 path=/api/v1/logs/4 message="cat log benchmark line 1577" trace=tr-00026809
2026-04-27T12:26:18.578Z level=ERROR service=session request_id=req-001578 user_id=1026 latency_ms=142 payload_bytes=1834 path=/api/v1/logs/5 message="cat log benchmark line 1578" trace=tr-00026826
2026-04-27T12:26:19.579Z level=TRACE service=renderer request_id=req-001579 user_id=1027 latency_ms=143 payload_bytes=1835 path=/api/v1/logs/6 message="cat log benchmark line 1579" trace=tr-00026843
2026-04-27T12:26:20.580Z level=INFO service=gateway request_id=req-001580 user_id=1028 latency_ms=144 payload_bytes=1836 path=/api/v1/logs/7 message="cat log benchmark line 1580" trace=tr-00026860
2026-04-27T12:26:21.581Z level=DEBUG service=timeline request_id=req-001581 user_id=1029 latency_ms=145 payload_bytes=1837 path=/api/v1/logs/8 message="cat log benchmark line 1581" trace=tr-00026877
2026-04-27T12:26:22.582Z level=WARN service=session request_id=req-001582 user_id=1030 latency_ms=146 payload_bytes=1838 path=/api/v1/logs/9 message="cat log benchmark line 1582" trace=tr-00026894
2026-04-27T12:26:23.583Z level=ERROR service=renderer request_id=req-001583 user_id=1031 latency_ms=147 payload_bytes=1839 path=/api/v1/logs/10 message="cat log benchmark line 1583" trace=tr-00026911
2026-04-27T12:26:24.584Z level=TRACE service=gateway request_id=req-001584 user_id=1032 latency_ms=148 payload_bytes=1840 path=/api/v1/logs/11 message="cat log benchmark line 1584" trace=tr-00026928
2026-04-27T12:26:25.585Z level=INFO service=timeline request_id=req-001585 user_id=1033 latency_ms=149 payload_bytes=1841 path=/api/v1/logs/12 message="cat log benchmark line 1585" trace=tr-00026945
2026-04-27T12:26:26.586Z level=DEBUG service=session request_id=req-001586 user_id=1034 latency_ms=150 payload_bytes=1842 path=/api/v1/logs/0 message="cat log benchmark line 1586" trace=tr-00026962
2026-04-27T12:26:27.587Z level=WARN service=renderer request_id=req-001587 user_id=1035 latency_ms=151 payload_bytes=1843 path=/api/v1/logs/1 message="cat log benchmark line 1587" trace=tr-00026979
2026-04-27T12:26:28.588Z level=ERROR service=gateway request_id=req-001588 user_id=1036 latency_ms=152 payload_bytes=1844 path=/api/v1/logs/2 message="cat log benchmark line 1588" trace=tr-00026996
2026-04-27T12:26:29.589Z level=TRACE service=timeline request_id=req-001589 user_id=1037 latency_ms=153 payload_bytes=1845 path=/api/v1/logs/3 message="cat log benchmark line 1589" trace=tr-00027013
2026-04-27T12:26:30.590Z level=INFO service=session request_id=req-001590 user_id=1038 latency_ms=154 payload_bytes=1846 path=/api/v1/logs/4 message="cat log benchmark line 1590" trace=tr-00027030
2026-04-27T12:26:31.591Z level=DEBUG service=renderer request_id=req-001591 user_id=1039 latency_ms=155 payload_bytes=1847 path=/api/v1/logs/5 message="cat log benchmark line 1591" trace=tr-00027047
2026-04-27T12:26:32.592Z level=WARN service=gateway request_id=req-001592 user_id=1040 latency_ms=156 payload_bytes=1848 path=/api/v1/logs/6 message="cat log benchmark line 1592" trace=tr-00027064
2026-04-27T12:26:33.593Z level=ERROR service=timeline request_id=req-001593 user_id=1041 latency_ms=157 payload_bytes=1849 path=/api/v1/logs/7 message="cat log benchmark line 1593" trace=tr-00027081
2026-04-27T12:26:34.594Z level=TRACE service=session request_id=req-001594 user_id=1042 latency_ms=158 payload_bytes=1850 path=/api/v1/logs/8 message="cat log benchmark line 1594" trace=tr-00027098
2026-04-27T12:26:35.595Z level=INFO service=renderer request_id=req-001595 user_id=1043 latency_ms=159 payload_bytes=1851 path=/api/v1/logs/9 message="cat log benchmark line 1595" trace=tr-00027115
2026-04-27T12:26:36.596Z level=DEBUG service=gateway request_id=req-001596 user_id=1044 latency_ms=160 payload_bytes=1852 path=/api/v1/logs/10 message="cat log benchmark line 1596" trace=tr-00027132
2026-04-27T12:26:37.597Z level=WARN service=timeline request_id=req-001597 user_id=1045 latency_ms=161 payload_bytes=1853 path=/api/v1/logs/11 message="cat log benchmark line 1597" trace=tr-00027149
2026-04-27T12:26:38.598Z level=ERROR service=session request_id=req-001598 user_id=1046 latency_ms=162 payload_bytes=1854 path=/api/v1/logs/12 message="cat log benchmark line 1598" trace=tr-00027166
2026-04-27T12:26:39.599Z level=TRACE service=renderer request_id=req-001599 user_id=1047 latency_ms=163 payload_bytes=1855 path=/api/v1/logs/0 message="cat log benchmark line 1599" trace=tr-00027183
2026-04-27T12:26:40.600Z level=INFO service=gateway request_id=req-001600 user_id=1048 latency_ms=164 payload_bytes=1856 path=/api/v1/logs/1 message="cat log benchmark line 1600" trace=tr-00027200
2026-04-27T12:26:41.601Z level=DEBUG service=timeline request_id=req-001601 user_id=1049 latency_ms=165 payload_bytes=1857 path=/api/v1/logs/2 message="cat log benchmark line 1601" trace=tr-00027217
2026-04-27T12:26:42.602Z level=WARN service=session request_id=req-001602 user_id=1050 latency_ms=166 payload_bytes=1858 path=/api/v1/logs/3 message="cat log benchmark line 1602" trace=tr-00027234
2026-04-27T12:26:43.603Z level=ERROR service=renderer request_id=req-001603 user_id=1051 latency_ms=167 payload_bytes=1859 path=/api/v1/logs/4 message="cat log benchmark line 1603" trace=tr-00027251
2026-04-27T12:26:44.604Z level=TRACE service=gateway request_id=req-001604 user_id=1052 latency_ms=168 payload_bytes=1860 path=/api/v1/logs/5 message="cat log benchmark line 1604" trace=tr-00027268
2026-04-27T12:26:45.605Z level=INFO service=timeline request_id=req-001605 user_id=1053 latency_ms=169 payload_bytes=1861 path=/api/v1/logs/6 message="cat log benchmark line 1605" trace=tr-00027285
2026-04-27T12:26:46.606Z level=DEBUG service=session request_id=req-001606 user_id=1054 latency_ms=170 payload_bytes=1862 path=/api/v1/logs/7 message="cat log benchmark line 1606" trace=tr-00027302
2026-04-27T12:26:47.607Z level=WARN service=renderer request_id=req-001607 user_id=1055 latency_ms=171 payload_bytes=1863 path=/api/v1/logs/8 message="cat log benchmark line 1607" trace=tr-00027319
2026-04-27T12:26:48.608Z level=ERROR service=gateway request_id=req-001608 user_id=1056 latency_ms=172 payload_bytes=1864 path=/api/v1/logs/9 message="cat log benchmark line 1608" trace=tr-00027336
2026-04-27T12:26:49.609Z level=TRACE service=timeline request_id=req-001609 user_id=1057 latency_ms=173 payload_bytes=1865 path=/api/v1/logs/10 message="cat log benchmark line 1609" trace=tr-00027353
2026-04-27T12:26:50.610Z level=INFO service=session request_id=req-001610 user_id=1058 latency_ms=174 payload_bytes=1866 path=/api/v1/logs/11 message="cat log benchmark line 1610" trace=tr-00027370
2026-04-27T12:26:51.611Z level=DEBUG service=renderer request_id=req-001611 user_id=1059 latency_ms=175 payload_bytes=1867 path=/api/v1/logs/12 message="cat log benchmark line 1611" trace=tr-00027387
2026-04-27T12:26:52.612Z level=WARN service=gateway request_id=req-001612 user_id=1060 latency_ms=176 payload_bytes=1868 path=/api/v1/logs/0 message="cat log benchmark line 1612" trace=tr-00027404
2026-04-27T12:26:53.613Z level=ERROR service=timeline request_id=req-001613 user_id=1061 latency_ms=177 payload_bytes=1869 path=/api/v1/logs/1 message="cat log benchmark line 1613" trace=tr-00027421
2026-04-27T12:26:54.614Z level=TRACE service=session request_id=req-001614 user_id=1062 latency_ms=178 payload_bytes=1870 path=/api/v1/logs/2 message="cat log benchmark line 1614" trace=tr-00027438
2026-04-27T12:26:55.615Z level=INFO service=renderer request_id=req-001615 user_id=1063 latency_ms=179 payload_bytes=1871 path=/api/v1/logs/3 message="cat log benchmark line 1615" trace=tr-00027455
2026-04-27T12:26:56.616Z level=DEBUG service=gateway request_id=req-001616 user_id=1064 latency_ms=180 payload_bytes=1872 path=/api/v1/logs/4 message="cat log benchmark line 1616" trace=tr-00027472
2026-04-27T12:26:57.617Z level=WARN service=timeline request_id=req-001617 user_id=1065 latency_ms=181 payload_bytes=1873 path=/api/v1/logs/5 message="cat log benchmark line 1617" trace=tr-00027489
2026-04-27T12:26:58.618Z level=ERROR service=session request_id=req-001618 user_id=1066 latency_ms=182 payload_bytes=1874 path=/api/v1/logs/6 message="cat log benchmark line 1618" trace=tr-00027506
2026-04-27T12:26:59.619Z level=TRACE service=renderer request_id=req-001619 user_id=1067 latency_ms=183 payload_bytes=1875 path=/api/v1/logs/7 message="cat log benchmark line 1619" trace=tr-00027523
2026-04-27T12:27:00.620Z level=INFO service=gateway request_id=req-001620 user_id=1068 latency_ms=184 payload_bytes=1876 path=/api/v1/logs/8 message="cat log benchmark line 1620" trace=tr-00027540
2026-04-27T12:27:01.621Z level=DEBUG service=timeline request_id=req-001621 user_id=1069 latency_ms=185 payload_bytes=1877 path=/api/v1/logs/9 message="cat log benchmark line 1621" trace=tr-00027557
2026-04-27T12:27:02.622Z level=WARN service=session request_id=req-001622 user_id=1070 latency_ms=186 payload_bytes=1878 path=/api/v1/logs/10 message="cat log benchmark line 1622" trace=tr-00027574
2026-04-27T12:27:03.623Z level=ERROR service=renderer request_id=req-001623 user_id=1071 latency_ms=187 payload_bytes=1879 path=/api/v1/logs/11 message="cat log benchmark line 1623" trace=tr-00027591
2026-04-27T12:27:04.624Z level=TRACE service=gateway request_id=req-001624 user_id=1072 latency_ms=188 payload_bytes=1880 path=/api/v1/logs/12 message="cat log benchmark line 1624" trace=tr-00027608
2026-04-27T12:27:05.625Z level=INFO service=timeline request_id=req-001625 user_id=1073 latency_ms=189 payload_bytes=1881 path=/api/v1/logs/0 message="cat log benchmark line 1625" trace=tr-00027625
2026-04-27T12:27:06.626Z level=DEBUG service=session request_id=req-001626 user_id=1074 latency_ms=190 payload_bytes=1882 path=/api/v1/logs/1 message="cat log benchmark line 1626" trace=tr-00027642
2026-04-27T12:27:07.627Z level=WARN service=renderer request_id=req-001627 user_id=1075 latency_ms=191 payload_bytes=1883 path=/api/v1/logs/2 message="cat log benchmark line 1627" trace=tr-00027659
2026-04-27T12:27:08.628Z level=ERROR service=gateway request_id=req-001628 user_id=1076 latency_ms=192 payload_bytes=1884 path=/api/v1/logs/3 message="cat log benchmark line 1628" trace=tr-00027676
2026-04-27T12:27:09.629Z level=TRACE service=timeline request_id=req-001629 user_id=1077 latency_ms=193 payload_bytes=1885 path=/api/v1/logs/4 message="cat log benchmark line 1629" trace=tr-00027693
2026-04-27T12:27:10.630Z level=INFO service=session request_id=req-001630 user_id=1078 latency_ms=194 payload_bytes=1886 path=/api/v1/logs/5 message="cat log benchmark line 1630" trace=tr-00027710
2026-04-27T12:27:11.631Z level=DEBUG service=renderer request_id=req-001631 user_id=1079 latency_ms=195 payload_bytes=1887 path=/api/v1/logs/6 message="cat log benchmark line 1631" trace=tr-00027727
2026-04-27T12:27:12.632Z level=WARN service=gateway request_id=req-001632 user_id=1080 latency_ms=196 payload_bytes=1888 path=/api/v1/logs/7 message="cat log benchmark line 1632" trace=tr-00027744
2026-04-27T12:27:13.633Z level=ERROR service=timeline request_id=req-001633 user_id=1081 latency_ms=197 payload_bytes=1889 path=/api/v1/logs/8 message="cat log benchmark line 1633" trace=tr-00027761
2026-04-27T12:27:14.634Z level=TRACE service=session request_id=req-001634 user_id=1082 latency_ms=198 payload_bytes=1890 path=/api/v1/logs/9 message="cat log benchmark line 1634" trace=tr-00027778
2026-04-27T12:27:15.635Z level=INFO service=renderer request_id=req-001635 user_id=1083 latency_ms=199 payload_bytes=1891 path=/api/v1/logs/10 message="cat log benchmark line 1635" trace=tr-00027795
2026-04-27T12:27:16.636Z level=DEBUG service=gateway request_id=req-001636 user_id=1084 latency_ms=200 payload_bytes=1892 path=/api/v1/logs/11 message="cat log benchmark line 1636" trace=tr-00027812
2026-04-27T12:27:17.637Z level=WARN service=timeline request_id=req-001637 user_id=1085 latency_ms=201 payload_bytes=1893 path=/api/v1/logs/12 message="cat log benchmark line 1637" trace=tr-00027829
2026-04-27T12:27:18.638Z level=ERROR service=session request_id=req-001638 user_id=1086 latency_ms=202 payload_bytes=1894 path=/api/v1/logs/0 message="cat log benchmark line 1638" trace=tr-00027846
2026-04-27T12:27:19.639Z level=TRACE service=renderer request_id=req-001639 user_id=1087 latency_ms=203 payload_bytes=1895 path=/api/v1/logs/1 message="cat log benchmark line 1639" trace=tr-00027863
2026-04-27T12:27:20.640Z level=INFO service=gateway request_id=req-001640 user_id=1088 latency_ms=204 payload_bytes=1896 path=/api/v1/logs/2 message="cat log benchmark line 1640" trace=tr-00027880
2026-04-27T12:27:21.641Z level=DEBUG service=timeline request_id=req-001641 user_id=1089 latency_ms=205 payload_bytes=1897 path=/api/v1/logs/3 message="cat log benchmark line 1641" trace=tr-00027897
2026-04-27T12:27:22.642Z level=WARN service=session request_id=req-001642 user_id=1090 latency_ms=206 payload_bytes=1898 path=/api/v1/logs/4 message="cat log benchmark line 1642" trace=tr-00027914
2026-04-27T12:27:23.643Z level=ERROR service=renderer request_id=req-001643 user_id=1091 latency_ms=207 payload_bytes=1899 path=/api/v1/logs/5 message="cat log benchmark line 1643" trace=tr-00027931
2026-04-27T12:27:24.644Z level=TRACE service=gateway request_id=req-001644 user_id=1092 latency_ms=208 payload_bytes=1900 path=/api/v1/logs/6 message="cat log benchmark line 1644" trace=tr-00027948
2026-04-27T12:27:25.645Z level=INFO service=timeline request_id=req-001645 user_id=1093 latency_ms=209 payload_bytes=1901 path=/api/v1/logs/7 message="cat log benchmark line 1645" trace=tr-00027965
2026-04-27T12:27:26.646Z level=DEBUG service=session request_id=req-001646 user_id=1094 latency_ms=210 payload_bytes=1902 path=/api/v1/logs/8 message="cat log benchmark line 1646" trace=tr-00027982
2026-04-27T12:27:27.647Z level=WARN service=renderer request_id=req-001647 user_id=1095 latency_ms=211 payload_bytes=1903 path=/api/v1/logs/9 message="cat log benchmark line 1647" trace=tr-00027999
2026-04-27T12:27:28.648Z level=ERROR service=gateway request_id=req-001648 user_id=1096 latency_ms=212 payload_bytes=1904 path=/api/v1/logs/10 message="cat log benchmark line 1648" trace=tr-00028016
2026-04-27T12:27:29.649Z level=TRACE service=timeline request_id=req-001649 user_id=1000 latency_ms=213 payload_bytes=1905 path=/api/v1/logs/11 message="cat log benchmark line 1649" trace=tr-00028033
2026-04-27T12:27:30.650Z level=INFO service=session request_id=req-001650 user_id=1001 latency_ms=214 payload_bytes=1906 path=/api/v1/logs/12 message="cat log benchmark line 1650" trace=tr-00028050
2026-04-27T12:27:31.651Z level=DEBUG service=renderer request_id=req-001651 user_id=1002 latency_ms=215 payload_bytes=1907 path=/api/v1/logs/0 message="cat log benchmark line 1651" trace=tr-00028067
2026-04-27T12:27:32.652Z level=WARN service=gateway request_id=req-001652 user_id=1003 latency_ms=216 payload_bytes=1908 path=/api/v1/logs/1 message="cat log benchmark line 1652" trace=tr-00028084
2026-04-27T12:27:33.653Z level=ERROR service=timeline request_id=req-001653 user_id=1004 latency_ms=217 payload_bytes=1909 path=/api/v1/logs/2 message="cat log benchmark line 1653" trace=tr-00028101
2026-04-27T12:27:34.654Z level=TRACE service=session request_id=req-001654 user_id=1005 latency_ms=218 payload_bytes=1910 path=/api/v1/logs/3 message="cat log benchmark line 1654" trace=tr-00028118
2026-04-27T12:27:35.655Z level=INFO service=renderer request_id=req-001655 user_id=1006 latency_ms=219 payload_bytes=1911 path=/api/v1/logs/4 message="cat log benchmark line 1655" trace=tr-00028135
2026-04-27T12:27:36.656Z level=DEBUG service=gateway request_id=req-001656 user_id=1007 latency_ms=220 payload_bytes=1912 path=/api/v1/logs/5 message="cat log benchmark line 1656" trace=tr-00028152
2026-04-27T12:27:37.657Z level=WARN service=timeline request_id=req-001657 user_id=1008 latency_ms=221 payload_bytes=1913 path=/api/v1/logs/6 message="cat log benchmark line 1657" trace=tr-00028169
2026-04-27T12:27:38.658Z level=ERROR service=session request_id=req-001658 user_id=1009 latency_ms=222 payload_bytes=1914 path=/api/v1/logs/7 message="cat log benchmark line 1658" trace=tr-00028186
2026-04-27T12:27:39.659Z level=TRACE service=renderer request_id=req-001659 user_id=1010 latency_ms=223 payload_bytes=1915 path=/api/v1/logs/8 message="cat log benchmark line 1659" trace=tr-00028203
2026-04-27T12:27:40.660Z level=INFO service=gateway request_id=req-001660 user_id=1011 latency_ms=224 payload_bytes=1916 path=/api/v1/logs/9 message="cat log benchmark line 1660" trace=tr-00028220
2026-04-27T12:27:41.661Z level=DEBUG service=timeline request_id=req-001661 user_id=1012 latency_ms=225 payload_bytes=1917 path=/api/v1/logs/10 message="cat log benchmark line 1661" trace=tr-00028237
2026-04-27T12:27:42.662Z level=WARN service=session request_id=req-001662 user_id=1013 latency_ms=226 payload_bytes=1918 path=/api/v1/logs/11 message="cat log benchmark line 1662" trace=tr-00028254
2026-04-27T12:27:43.663Z level=ERROR service=renderer request_id=req-001663 user_id=1014 latency_ms=227 payload_bytes=1919 path=/api/v1/logs/12 message="cat log benchmark line 1663" trace=tr-00028271
2026-04-27T12:27:44.664Z level=TRACE service=gateway request_id=req-001664 user_id=1015 latency_ms=228 payload_bytes=1920 path=/api/v1/logs/0 message="cat log benchmark line 1664" trace=tr-00028288
2026-04-27T12:27:45.665Z level=INFO service=timeline request_id=req-001665 user_id=1016 latency_ms=229 payload_bytes=1921 path=/api/v1/logs/1 message="cat log benchmark line 1665" trace=tr-00028305
2026-04-27T12:27:46.666Z level=DEBUG service=session request_id=req-001666 user_id=1017 latency_ms=230 payload_bytes=1922 path=/api/v1/logs/2 message="cat log benchmark line 1666" trace=tr-00028322
2026-04-27T12:27:47.667Z level=WARN service=renderer request_id=req-001667 user_id=1018 latency_ms=231 payload_bytes=1923 path=/api/v1/logs/3 message="cat log benchmark line 1667" trace=tr-00028339
2026-04-27T12:27:48.668Z level=ERROR service=gateway request_id=req-001668 user_id=1019 latency_ms=232 payload_bytes=1924 path=/api/v1/logs/4 message="cat log benchmark line 1668" trace=tr-00028356
2026-04-27T12:27:49.669Z level=TRACE service=timeline request_id=req-001669 user_id=1020 latency_ms=233 payload_bytes=1925 path=/api/v1/logs/5 message="cat log benchmark line 1669" trace=tr-00028373
2026-04-27T12:27:50.670Z level=INFO service=session request_id=req-001670 user_id=1021 latency_ms=234 payload_bytes=1926 path=/api/v1/logs/6 message="cat log benchmark line 1670" trace=tr-00028390
2026-04-27T12:27:51.671Z level=DEBUG service=renderer request_id=req-001671 user_id=1022 latency_ms=235 payload_bytes=1927 path=/api/v1/logs/7 message="cat log benchmark line 1671" trace=tr-00028407
2026-04-27T12:27:52.672Z level=WARN service=gateway request_id=req-001672 user_id=1023 latency_ms=236 payload_bytes=1928 path=/api/v1/logs/8 message="cat log benchmark line 1672" trace=tr-00028424
2026-04-27T12:27:53.673Z level=ERROR service=timeline request_id=req-001673 user_id=1024 latency_ms=237 payload_bytes=1929 path=/api/v1/logs/9 message="cat log benchmark line 1673" trace=tr-00028441
2026-04-27T12:27:54.674Z level=TRACE service=session request_id=req-001674 user_id=1025 latency_ms=238 payload_bytes=1930 path=/api/v1/logs/10 message="cat log benchmark line 1674" trace=tr-00028458
2026-04-27T12:27:55.675Z level=INFO service=renderer request_id=req-001675 user_id=1026 latency_ms=239 payload_bytes=1931 path=/api/v1/logs/11 message="cat log benchmark line 1675" trace=tr-00028475
2026-04-27T12:27:56.676Z level=DEBUG service=gateway request_id=req-001676 user_id=1027 latency_ms=240 payload_bytes=1932 path=/api/v1/logs/12 message="cat log benchmark line 1676" trace=tr-00028492
2026-04-27T12:27:57.677Z level=WARN service=timeline request_id=req-001677 user_id=1028 latency_ms=241 payload_bytes=1933 path=/api/v1/logs/0 message="cat log benchmark line 1677" trace=tr-00028509
2026-04-27T12:27:58.678Z level=ERROR service=session request_id=req-001678 user_id=1029 latency_ms=242 payload_bytes=1934 path=/api/v1/logs/1 message="cat log benchmark line 1678" trace=tr-00028526
2026-04-27T12:27:59.679Z level=TRACE service=renderer request_id=req-001679 user_id=1030 latency_ms=243 payload_bytes=1935 path=/api/v1/logs/2 message="cat log benchmark line 1679" trace=tr-00028543
2026-04-27T12:28:00.680Z level=INFO service=gateway request_id=req-001680 user_id=1031 latency_ms=4 payload_bytes=1936 path=/api/v1/logs/3 message="cat log benchmark line 1680" trace=tr-00028560
2026-04-27T12:28:01.681Z level=DEBUG service=timeline request_id=req-001681 user_id=1032 latency_ms=5 payload_bytes=1937 path=/api/v1/logs/4 message="cat log benchmark line 1681" trace=tr-00028577
2026-04-27T12:28:02.682Z level=WARN service=session request_id=req-001682 user_id=1033 latency_ms=6 payload_bytes=1938 path=/api/v1/logs/5 message="cat log benchmark line 1682" trace=tr-00028594
2026-04-27T12:28:03.683Z level=ERROR service=renderer request_id=req-001683 user_id=1034 latency_ms=7 payload_bytes=1939 path=/api/v1/logs/6 message="cat log benchmark line 1683" trace=tr-00028611
2026-04-27T12:28:04.684Z level=TRACE service=gateway request_id=req-001684 user_id=1035 latency_ms=8 payload_bytes=1940 path=/api/v1/logs/7 message="cat log benchmark line 1684" trace=tr-00028628
2026-04-27T12:28:05.685Z level=INFO service=timeline request_id=req-001685 user_id=1036 latency_ms=9 payload_bytes=1941 path=/api/v1/logs/8 message="cat log benchmark line 1685" trace=tr-00028645
2026-04-27T12:28:06.686Z level=DEBUG service=session request_id=req-001686 user_id=1037 latency_ms=10 payload_bytes=1942 path=/api/v1/logs/9 message="cat log benchmark line 1686" trace=tr-00028662
2026-04-27T12:28:07.687Z level=WARN service=renderer request_id=req-001687 user_id=1038 latency_ms=11 payload_bytes=1943 path=/api/v1/logs/10 message="cat log benchmark line 1687" trace=tr-00028679
2026-04-27T12:28:08.688Z level=ERROR service=gateway request_id=req-001688 user_id=1039 latency_ms=12 payload_bytes=1944 path=/api/v1/logs/11 message="cat log benchmark line 1688" trace=tr-00028696
2026-04-27T12:28:09.689Z level=TRACE service=timeline request_id=req-001689 user_id=1040 latency_ms=13 payload_bytes=1945 path=/api/v1/logs/12 message="cat log benchmark line 1689" trace=tr-00028713
2026-04-27T12:28:10.690Z level=INFO service=session request_id=req-001690 user_id=1041 latency_ms=14 payload_bytes=1946 path=/api/v1/logs/0 message="cat log benchmark line 1690" trace=tr-00028730
2026-04-27T12:28:11.691Z level=DEBUG service=renderer request_id=req-001691 user_id=1042 latency_ms=15 payload_bytes=1947 path=/api/v1/logs/1 message="cat log benchmark line 1691" trace=tr-00028747
2026-04-27T12:28:12.692Z level=WARN service=gateway request_id=req-001692 user_id=1043 latency_ms=16 payload_bytes=1948 path=/api/v1/logs/2 message="cat log benchmark line 1692" trace=tr-00028764
2026-04-27T12:28:13.693Z level=ERROR service=timeline request_id=req-001693 user_id=1044 latency_ms=17 payload_bytes=1949 path=/api/v1/logs/3 message="cat log benchmark line 1693" trace=tr-00028781
2026-04-27T12:28:14.694Z level=TRACE service=session request_id=req-001694 user_id=1045 latency_ms=18 payload_bytes=1950 path=/api/v1/logs/4 message="cat log benchmark line 1694" trace=tr-00028798
2026-04-27T12:28:15.695Z level=INFO service=renderer request_id=req-001695 user_id=1046 latency_ms=19 payload_bytes=1951 path=/api/v1/logs/5 message="cat log benchmark line 1695" trace=tr-00028815
2026-04-27T12:28:16.696Z level=DEBUG service=gateway request_id=req-001696 user_id=1047 latency_ms=20 payload_bytes=1952 path=/api/v1/logs/6 message="cat log benchmark line 1696" trace=tr-00028832
2026-04-27T12:28:17.697Z level=WARN service=timeline request_id=req-001697 user_id=1048 latency_ms=21 payload_bytes=1953 path=/api/v1/logs/7 message="cat log benchmark line 1697" trace=tr-00028849
2026-04-27T12:28:18.698Z level=ERROR service=session request_id=req-001698 user_id=1049 latency_ms=22 payload_bytes=1954 path=/api/v1/logs/8 message="cat log benchmark line 1698" trace=tr-00028866
2026-04-27T12:28:19.699Z level=TRACE service=renderer request_id=req-001699 user_id=1050 latency_ms=23 payload_bytes=1955 path=/api/v1/logs/9 message="cat log benchmark line 1699" trace=tr-00028883
2026-04-27T12:28:20.700Z level=INFO service=gateway request_id=req-001700 user_id=1051 latency_ms=24 payload_bytes=1956 path=/api/v1/logs/10 message="cat log benchmark line 1700" trace=tr-00028900
2026-04-27T12:28:21.701Z level=DEBUG service=timeline request_id=req-001701 user_id=1052 latency_ms=25 payload_bytes=1957 path=/api/v1/logs/11 message="cat log benchmark line 1701" trace=tr-00028917
2026-04-27T12:28:22.702Z level=WARN service=session request_id=req-001702 user_id=1053 latency_ms=26 payload_bytes=1958 path=/api/v1/logs/12 message="cat log benchmark line 1702" trace=tr-00028934
2026-04-27T12:28:23.703Z level=ERROR service=renderer request_id=req-001703 user_id=1054 latency_ms=27 payload_bytes=1959 path=/api/v1/logs/0 message="cat log benchmark line 1703" trace=tr-00028951
2026-04-27T12:28:24.704Z level=TRACE service=gateway request_id=req-001704 user_id=1055 latency_ms=28 payload_bytes=1960 path=/api/v1/logs/1 message="cat log benchmark line 1704" trace=tr-00028968
2026-04-27T12:28:25.705Z level=INFO service=timeline request_id=req-001705 user_id=1056 latency_ms=29 payload_bytes=1961 path=/api/v1/logs/2 message="cat log benchmark line 1705" trace=tr-00028985
2026-04-27T12:28:26.706Z level=DEBUG service=session request_id=req-001706 user_id=1057 latency_ms=30 payload_bytes=1962 path=/api/v1/logs/3 message="cat log benchmark line 1706" trace=tr-00029002
2026-04-27T12:28:27.707Z level=WARN service=renderer request_id=req-001707 user_id=1058 latency_ms=31 payload_bytes=1963 path=/api/v1/logs/4 message="cat log benchmark line 1707" trace=tr-00029019
2026-04-27T12:28:28.708Z level=ERROR service=gateway request_id=req-001708 user_id=1059 latency_ms=32 payload_bytes=1964 path=/api/v1/logs/5 message="cat log benchmark line 1708" trace=tr-00029036
2026-04-27T12:28:29.709Z level=TRACE service=timeline request_id=req-001709 user_id=1060 latency_ms=33 payload_bytes=1965 path=/api/v1/logs/6 message="cat log benchmark line 1709" trace=tr-00029053
2026-04-27T12:28:30.710Z level=INFO service=session request_id=req-001710 user_id=1061 latency_ms=34 payload_bytes=1966 path=/api/v1/logs/7 message="cat log benchmark line 1710" trace=tr-00029070
2026-04-27T12:28:31.711Z level=DEBUG service=renderer request_id=req-001711 user_id=1062 latency_ms=35 payload_bytes=1967 path=/api/v1/logs/8 message="cat log benchmark line 1711" trace=tr-00029087
2026-04-27T12:28:32.712Z level=WARN service=gateway request_id=req-001712 user_id=1063 latency_ms=36 payload_bytes=1968 path=/api/v1/logs/9 message="cat log benchmark line 1712" trace=tr-00029104
2026-04-27T12:28:33.713Z level=ERROR service=timeline request_id=req-001713 user_id=1064 latency_ms=37 payload_bytes=1969 path=/api/v1/logs/10 message="cat log benchmark line 1713" trace=tr-00029121
2026-04-27T12:28:34.714Z level=TRACE service=session request_id=req-001714 user_id=1065 latency_ms=38 payload_bytes=1970 path=/api/v1/logs/11 message="cat log benchmark line 1714" trace=tr-00029138
2026-04-27T12:28:35.715Z level=INFO service=renderer request_id=req-001715 user_id=1066 latency_ms=39 payload_bytes=1971 path=/api/v1/logs/12 message="cat log benchmark line 1715" trace=tr-00029155
2026-04-27T12:28:36.716Z level=DEBUG service=gateway request_id=req-001716 user_id=1067 latency_ms=40 payload_bytes=1972 path=/api/v1/logs/0 message="cat log benchmark line 1716" trace=tr-00029172
2026-04-27T12:28:37.717Z level=WARN service=timeline request_id=req-001717 user_id=1068 latency_ms=41 payload_bytes=1973 path=/api/v1/logs/1 message="cat log benchmark line 1717" trace=tr-00029189
2026-04-27T12:28:38.718Z level=ERROR service=session request_id=req-001718 user_id=1069 latency_ms=42 payload_bytes=1974 path=/api/v1/logs/2 message="cat log benchmark line 1718" trace=tr-00029206
2026-04-27T12:28:39.719Z level=TRACE service=renderer request_id=req-001719 user_id=1070 latency_ms=43 payload_bytes=1975 path=/api/v1/logs/3 message="cat log benchmark line 1719" trace=tr-00029223
2026-04-27T12:28:40.720Z level=INFO service=gateway request_id=req-001720 user_id=1071 latency_ms=44 payload_bytes=1976 path=/api/v1/logs/4 message="cat log benchmark line 1720" trace=tr-00029240
2026-04-27T12:28:41.721Z level=DEBUG service=timeline request_id=req-001721 user_id=1072 latency_ms=45 payload_bytes=1977 path=/api/v1/logs/5 message="cat log benchmark line 1721" trace=tr-00029257
2026-04-27T12:28:42.722Z level=WARN service=session request_id=req-001722 user_id=1073 latency_ms=46 payload_bytes=1978 path=/api/v1/logs/6 message="cat log benchmark line 1722" trace=tr-00029274
2026-04-27T12:28:43.723Z level=ERROR service=renderer request_id=req-001723 user_id=1074 latency_ms=47 payload_bytes=1979 path=/api/v1/logs/7 message="cat log benchmark line 1723" trace=tr-00029291
2026-04-27T12:28:44.724Z level=TRACE service=gateway request_id=req-001724 user_id=1075 latency_ms=48 payload_bytes=1980 path=/api/v1/logs/8 message="cat log benchmark line 1724" trace=tr-00029308
2026-04-27T12:28:45.725Z level=INFO service=timeline request_id=req-001725 user_id=1076 latency_ms=49 payload_bytes=1981 path=/api/v1/logs/9 message="cat log benchmark line 1725" trace=tr-00029325
2026-04-27T12:28:46.726Z level=DEBUG service=session request_id=req-001726 user_id=1077 latency_ms=50 payload_bytes=1982 path=/api/v1/logs/10 message="cat log benchmark line 1726" trace=tr-00029342
2026-04-27T12:28:47.727Z level=WARN service=renderer request_id=req-001727 user_id=1078 latency_ms=51 payload_bytes=1983 path=/api/v1/logs/11 message="cat log benchmark line 1727" trace=tr-00029359
2026-04-27T12:28:48.728Z level=ERROR service=gateway request_id=req-001728 user_id=1079 latency_ms=52 payload_bytes=1984 path=/api/v1/logs/12 message="cat log benchmark line 1728" trace=tr-00029376
2026-04-27T12:28:49.729Z level=TRACE service=timeline request_id=req-001729 user_id=1080 latency_ms=53 payload_bytes=1985 path=/api/v1/logs/0 message="cat log benchmark line 1729" trace=tr-00029393
2026-04-27T12:28:50.730Z level=INFO service=session request_id=req-001730 user_id=1081 latency_ms=54 payload_bytes=1986 path=/api/v1/logs/1 message="cat log benchmark line 1730" trace=tr-00029410
2026-04-27T12:28:51.731Z level=DEBUG service=renderer request_id=req-001731 user_id=1082 latency_ms=55 payload_bytes=1987 path=/api/v1/logs/2 message="cat log benchmark line 1731" trace=tr-00029427
2026-04-27T12:28:52.732Z level=WARN service=gateway request_id=req-001732 user_id=1083 latency_ms=56 payload_bytes=1988 path=/api/v1/logs/3 message="cat log benchmark line 1732" trace=tr-00029444
2026-04-27T12:28:53.733Z level=ERROR service=timeline request_id=req-001733 user_id=1084 latency_ms=57 payload_bytes=1989 path=/api/v1/logs/4 message="cat log benchmark line 1733" trace=tr-00029461
2026-04-27T12:28:54.734Z level=TRACE service=session request_id=req-001734 user_id=1085 latency_ms=58 payload_bytes=1990 path=/api/v1/logs/5 message="cat log benchmark line 1734" trace=tr-00029478
2026-04-27T12:28:55.735Z level=INFO service=renderer request_id=req-001735 user_id=1086 latency_ms=59 payload_bytes=1991 path=/api/v1/logs/6 message="cat log benchmark line 1735" trace=tr-00029495
2026-04-27T12:28:56.736Z level=DEBUG service=gateway request_id=req-001736 user_id=1087 latency_ms=60 payload_bytes=1992 path=/api/v1/logs/7 message="cat log benchmark line 1736" trace=tr-00029512
2026-04-27T12:28:57.737Z level=WARN service=timeline request_id=req-001737 user_id=1088 latency_ms=61 payload_bytes=1993 path=/api/v1/logs/8 message="cat log benchmark line 1737" trace=tr-00029529
2026-04-27T12:28:58.738Z level=ERROR service=session request_id=req-001738 user_id=1089 latency_ms=62 payload_bytes=1994 path=/api/v1/logs/9 message="cat log benchmark line 1738" trace=tr-00029546
2026-04-27T12:28:59.739Z level=TRACE service=renderer request_id=req-001739 user_id=1090 latency_ms=63 payload_bytes=1995 path=/api/v1/logs/10 message="cat log benchmark line 1739" trace=tr-00029563
2026-04-27T12:29:00.740Z level=INFO service=gateway request_id=req-001740 user_id=1091 latency_ms=64 payload_bytes=1996 path=/api/v1/logs/11 message="cat log benchmark line 1740" trace=tr-00029580
2026-04-27T12:29:01.741Z level=DEBUG service=timeline request_id=req-001741 user_id=1092 latency_ms=65 payload_bytes=1997 path=/api/v1/logs/12 message="cat log benchmark line 1741" trace=tr-00029597
2026-04-27T12:29:02.742Z level=WARN service=session request_id=req-001742 user_id=1093 latency_ms=66 payload_bytes=1998 path=/api/v1/logs/0 message="cat log benchmark line 1742" trace=tr-00029614
2026-04-27T12:29:03.743Z level=ERROR service=renderer request_id=req-001743 user_id=1094 latency_ms=67 payload_bytes=1999 path=/api/v1/logs/1 message="cat log benchmark line 1743" trace=tr-00029631
2026-04-27T12:29:04.744Z level=TRACE service=gateway request_id=req-001744 user_id=1095 latency_ms=68 payload_bytes=2000 path=/api/v1/logs/2 message="cat log benchmark line 1744" trace=tr-00029648
2026-04-27T12:29:05.745Z level=INFO service=timeline request_id=req-001745 user_id=1096 latency_ms=69 payload_bytes=2001 path=/api/v1/logs/3 message="cat log benchmark line 1745" trace=tr-00029665
2026-04-27T12:29:06.746Z level=DEBUG service=session request_id=req-001746 user_id=1000 latency_ms=70 payload_bytes=2002 path=/api/v1/logs/4 message="cat log benchmark line 1746" trace=tr-00029682
2026-04-27T12:29:07.747Z level=WARN service=renderer request_id=req-001747 user_id=1001 latency_ms=71 payload_bytes=2003 path=/api/v1/logs/5 message="cat log benchmark line 1747" trace=tr-00029699
2026-04-27T12:29:08.748Z level=ERROR service=gateway request_id=req-001748 user_id=1002 latency_ms=72 payload_bytes=2004 path=/api/v1/logs/6 message="cat log benchmark line 1748" trace=tr-00029716
2026-04-27T12:29:09.749Z level=TRACE service=timeline request_id=req-001749 user_id=1003 latency_ms=73 payload_bytes=2005 path=/api/v1/logs/7 message="cat log benchmark line 1749" trace=tr-00029733
2026-04-27T12:29:10.750Z level=INFO service=session request_id=req-001750 user_id=1004 latency_ms=74 payload_bytes=2006 path=/api/v1/logs/8 message="cat log benchmark line 1750" trace=tr-00029750
2026-04-27T12:29:11.751Z level=DEBUG service=renderer request_id=req-001751 user_id=1005 latency_ms=75 payload_bytes=2007 path=/api/v1/logs/9 message="cat log benchmark line 1751" trace=tr-00029767
2026-04-27T12:29:12.752Z level=WARN service=gateway request_id=req-001752 user_id=1006 latency_ms=76 payload_bytes=2008 path=/api/v1/logs/10 message="cat log benchmark line 1752" trace=tr-00029784
2026-04-27T12:29:13.753Z level=ERROR service=timeline request_id=req-001753 user_id=1007 latency_ms=77 payload_bytes=2009 path=/api/v1/logs/11 message="cat log benchmark line 1753" trace=tr-00029801
2026-04-27T12:29:14.754Z level=TRACE service=session request_id=req-001754 user_id=1008 latency_ms=78 payload_bytes=2010 path=/api/v1/logs/12 message="cat log benchmark line 1754" trace=tr-00029818
2026-04-27T12:29:15.755Z level=INFO service=renderer request_id=req-001755 user_id=1009 latency_ms=79 payload_bytes=2011 path=/api/v1/logs/0 message="cat log benchmark line 1755" trace=tr-00029835
2026-04-27T12:29:16.756Z level=DEBUG service=gateway request_id=req-001756 user_id=1010 latency_ms=80 payload_bytes=2012 path=/api/v1/logs/1 message="cat log benchmark line 1756" trace=tr-00029852
2026-04-27T12:29:17.757Z level=WARN service=timeline request_id=req-001757 user_id=1011 latency_ms=81 payload_bytes=2013 path=/api/v1/logs/2 message="cat log benchmark line 1757" trace=tr-00029869
2026-04-27T12:29:18.758Z level=ERROR service=session request_id=req-001758 user_id=1012 latency_ms=82 payload_bytes=2014 path=/api/v1/logs/3 message="cat log benchmark line 1758" trace=tr-00029886
2026-04-27T12:29:19.759Z level=TRACE service=renderer request_id=req-001759 user_id=1013 latency_ms=83 payload_bytes=2015 path=/api/v1/logs/4 message="cat log benchmark line 1759" trace=tr-00029903
2026-04-27T12:29:20.760Z level=INFO service=gateway request_id=req-001760 user_id=1014 latency_ms=84 payload_bytes=2016 path=/api/v1/logs/5 message="cat log benchmark line 1760" trace=tr-00029920
2026-04-27T12:29:21.761Z level=DEBUG service=timeline request_id=req-001761 user_id=1015 latency_ms=85 payload_bytes=2017 path=/api/v1/logs/6 message="cat log benchmark line 1761" trace=tr-00029937
2026-04-27T12:29:22.762Z level=WARN service=session request_id=req-001762 user_id=1016 latency_ms=86 payload_bytes=2018 path=/api/v1/logs/7 message="cat log benchmark line 1762" trace=tr-00029954
2026-04-27T12:29:23.763Z level=ERROR service=renderer request_id=req-001763 user_id=1017 latency_ms=87 payload_bytes=2019 path=/api/v1/logs/8 message="cat log benchmark line 1763" trace=tr-00029971
2026-04-27T12:29:24.764Z level=TRACE service=gateway request_id=req-001764 user_id=1018 latency_ms=88 payload_bytes=2020 path=/api/v1/logs/9 message="cat log benchmark line 1764" trace=tr-00029988
2026-04-27T12:29:25.765Z level=INFO service=timeline request_id=req-001765 user_id=1019 latency_ms=89 payload_bytes=2021 path=/api/v1/logs/10 message="cat log benchmark line 1765" trace=tr-00030005
2026-04-27T12:29:26.766Z level=DEBUG service=session request_id=req-001766 user_id=1020 latency_ms=90 payload_bytes=2022 path=/api/v1/logs/11 message="cat log benchmark line 1766" trace=tr-00030022
2026-04-27T12:29:27.767Z level=WARN service=renderer request_id=req-001767 user_id=1021 latency_ms=91 payload_bytes=2023 path=/api/v1/logs/12 message="cat log benchmark line 1767" trace=tr-00030039
2026-04-27T12:29:28.768Z level=ERROR service=gateway request_id=req-001768 user_id=1022 latency_ms=92 payload_bytes=2024 path=/api/v1/logs/0 message="cat log benchmark line 1768" trace=tr-00030056
2026-04-27T12:29:29.769Z level=TRACE service=timeline request_id=req-001769 user_id=1023 latency_ms=93 payload_bytes=2025 path=/api/v1/logs/1 message="cat log benchmark line 1769" trace=tr-00030073
2026-04-27T12:29:30.770Z level=INFO service=session request_id=req-001770 user_id=1024 latency_ms=94 payload_bytes=2026 path=/api/v1/logs/2 message="cat log benchmark line 1770" trace=tr-00030090
2026-04-27T12:29:31.771Z level=DEBUG service=renderer request_id=req-001771 user_id=1025 latency_ms=95 payload_bytes=2027 path=/api/v1/logs/3 message="cat log benchmark line 1771" trace=tr-00030107
2026-04-27T12:29:32.772Z level=WARN service=gateway request_id=req-001772 user_id=1026 latency_ms=96 payload_bytes=2028 path=/api/v1/logs/4 message="cat log benchmark line 1772" trace=tr-00030124
2026-04-27T12:29:33.773Z level=ERROR service=timeline request_id=req-001773 user_id=1027 latency_ms=97 payload_bytes=2029 path=/api/v1/logs/5 message="cat log benchmark line 1773" trace=tr-00030141
2026-04-27T12:29:34.774Z level=TRACE service=session request_id=req-001774 user_id=1028 latency_ms=98 payload_bytes=2030 path=/api/v1/logs/6 message="cat log benchmark line 1774" trace=tr-00030158
2026-04-27T12:29:35.775Z level=INFO service=renderer request_id=req-001775 user_id=1029 latency_ms=99 payload_bytes=2031 path=/api/v1/logs/7 message="cat log benchmark line 1775" trace=tr-00030175
2026-04-27T12:29:36.776Z level=DEBUG service=gateway request_id=req-001776 user_id=1030 latency_ms=100 payload_bytes=2032 path=/api/v1/logs/8 message="cat log benchmark line 1776" trace=tr-00030192
2026-04-27T12:29:37.777Z level=WARN service=timeline request_id=req-001777 user_id=1031 latency_ms=101 payload_bytes=2033 path=/api/v1/logs/9 message="cat log benchmark line 1777" trace=tr-00030209
2026-04-27T12:29:38.778Z level=ERROR service=session request_id=req-001778 user_id=1032 latency_ms=102 payload_bytes=2034 path=/api/v1/logs/10 message="cat log benchmark line 1778" trace=tr-00030226
2026-04-27T12:29:39.779Z level=TRACE service=renderer request_id=req-001779 user_id=1033 latency_ms=103 payload_bytes=2035 path=/api/v1/logs/11 message="cat log benchmark line 1779" trace=tr-00030243
2026-04-27T12:29:40.780Z level=INFO service=gateway request_id=req-001780 user_id=1034 latency_ms=104 payload_bytes=2036 path=/api/v1/logs/12 message="cat log benchmark line 1780" trace=tr-00030260
2026-04-27T12:29:41.781Z level=DEBUG service=timeline request_id=req-001781 user_id=1035 latency_ms=105 payload_bytes=2037 path=/api/v1/logs/0 message="cat log benchmark line 1781" trace=tr-00030277
2026-04-27T12:29:42.782Z level=WARN service=session request_id=req-001782 user_id=1036 latency_ms=106 payload_bytes=2038 path=/api/v1/logs/1 message="cat log benchmark line 1782" trace=tr-00030294
2026-04-27T12:29:43.783Z level=ERROR service=renderer request_id=req-001783 user_id=1037 latency_ms=107 payload_bytes=2039 path=/api/v1/logs/2 message="cat log benchmark line 1783" trace=tr-00030311
2026-04-27T12:29:44.784Z level=TRACE service=gateway request_id=req-001784 user_id=1038 latency_ms=108 payload_bytes=2040 path=/api/v1/logs/3 message="cat log benchmark line 1784" trace=tr-00030328
2026-04-27T12:29:45.785Z level=INFO service=timeline request_id=req-001785 user_id=1039 latency_ms=109 payload_bytes=2041 path=/api/v1/logs/4 message="cat log benchmark line 1785" trace=tr-00030345
2026-04-27T12:29:46.786Z level=DEBUG service=session request_id=req-001786 user_id=1040 latency_ms=110 payload_bytes=2042 path=/api/v1/logs/5 message="cat log benchmark line 1786" trace=tr-00030362
2026-04-27T12:29:47.787Z level=WARN service=renderer request_id=req-001787 user_id=1041 latency_ms=111 payload_bytes=2043 path=/api/v1/logs/6 message="cat log benchmark line 1787" trace=tr-00030379
2026-04-27T12:29:48.788Z level=ERROR service=gateway request_id=req-001788 user_id=1042 latency_ms=112 payload_bytes=2044 path=/api/v1/logs/7 message="cat log benchmark line 1788" trace=tr-00030396
2026-04-27T12:29:49.789Z level=TRACE service=timeline request_id=req-001789 user_id=1043 latency_ms=113 payload_bytes=2045 path=/api/v1/logs/8 message="cat log benchmark line 1789" trace=tr-00030413
2026-04-27T12:29:50.790Z level=INFO service=session request_id=req-001790 user_id=1044 latency_ms=114 payload_bytes=2046 path=/api/v1/logs/9 message="cat log benchmark line 1790" trace=tr-00030430
2026-04-27T12:29:51.791Z level=DEBUG service=renderer request_id=req-001791 user_id=1045 latency_ms=115 payload_bytes=2047 path=/api/v1/logs/10 message="cat log benchmark line 1791" trace=tr-00030447
2026-04-27T12:29:52.792Z level=WARN service=gateway request_id=req-001792 user_id=1046 latency_ms=116 payload_bytes=2048 path=/api/v1/logs/11 message="cat log benchmark line 1792" trace=tr-00030464
2026-04-27T12:29:53.793Z level=ERROR service=timeline request_id=req-001793 user_id=1047 latency_ms=117 payload_bytes=2049 path=/api/v1/logs/12 message="cat log benchmark line 1793" trace=tr-00030481
2026-04-27T12:29:54.794Z level=TRACE service=session request_id=req-001794 user_id=1048 latency_ms=118 payload_bytes=2050 path=/api/v1/logs/0 message="cat log benchmark line 1794" trace=tr-00030498
2026-04-27T12:29:55.795Z level=INFO service=renderer request_id=req-001795 user_id=1049 latency_ms=119 payload_bytes=2051 path=/api/v1/logs/1 message="cat log benchmark line 1795" trace=tr-00030515
2026-04-27T12:29:56.796Z level=DEBUG service=gateway request_id=req-001796 user_id=1050 latency_ms=120 payload_bytes=2052 path=/api/v1/logs/2 message="cat log benchmark line 1796" trace=tr-00030532
2026-04-27T12:29:57.797Z level=WARN service=timeline request_id=req-001797 user_id=1051 latency_ms=121 payload_bytes=2053 path=/api/v1/logs/3 message="cat log benchmark line 1797" trace=tr-00030549
2026-04-27T12:29:58.798Z level=ERROR service=session request_id=req-001798 user_id=1052 latency_ms=122 payload_bytes=2054 path=/api/v1/logs/4 message="cat log benchmark line 1798" trace=tr-00030566
2026-04-27T12:29:59.799Z level=TRACE service=renderer request_id=req-001799 user_id=1053 latency_ms=123 payload_bytes=2055 path=/api/v1/logs/5 message="cat log benchmark line 1799" trace=tr-00030583
